source,path,ext,size_bytes,mtime,origin
funnyguycomics,legacy/comics/001_the_funny_guy.png,.png,466349,1778379109,original-comic
funnyguycomics,legacy/comics/002_foulness.png,.png,423651,1778379109,original-comic
funnyguycomics,legacy/comics/003_hungry.png,.png,445179,1778379109,original-comic
funnyguycomics,legacy/comics/004_pottyps_disco_club.png,.png,467294,1778379109,original-comic
funnyguycomics,legacy/comics/005_hot_sauce.png,.png,326150,1778379109,original-comic
funnyguycomics,legacy/comics/006_food_eatin.png,.png,384406,1778379109,original-comic
funnyguycomics,legacy/comics/007_piece_of_junk.png,.png,396690,1778379109,original-comic
funnyguycomics,legacy/comics/008_his_car.png,.png,409302,1778379109,original-comic
funnyguycomics,legacy/comics/009_employees_only.png,.png,512979,1778379109,original-comic
funnyguycomics,legacy/comics/010_sadistic_little_kid.png,.png,495481,1778379109,original-comic
funnyguycomics,legacy/comics/011_forest_traps.png,.png,510318,1778379109,original-comic
funnyguycomics,legacy/comics/012_tree_troubles.png,.png,310852,1778379109,original-comic
funnyguycomics,legacy/comics/013_crap_man.png,.png,433122,1778379109,original-comic
funnyguycomics,legacy/comics/014_dweeb.png,.png,387406,1778379109,original-comic
funnyguycomics,legacy/comics/015_oh_gawd_pkmn.png,.png,513798,1778379109,original-comic
funnyguycomics,legacy/comics/016_cheap_choppers.png,.png,862711,1778379109,original-comic
funnyguycomics,legacy/comics/017_steves_birthday_party.png,.png,347122,1778379109,original-comic
funnyguycomics,legacy/comics/018_cheap_choppers_2.png,.png,615543,1778379109,original-comic
funnyguycomics,legacy/comics/019_gas.png,.png,514078,1778379109,original-comic
funnyguycomics,legacy/comics/020_barney.png,.png,492578,1778379109,original-comic
funnyguycomics,legacy/comics/021_dna.png,.png,784710,1778379109,original-comic
funnyguycomics,legacy/comics/022_jungle_adventure.png,.png,752096,1778379109,original-comic
funnyguycomics,legacy/comics/023_coconuts.png,.png,1086452,1778379109,original-comic
funnyguycomics,legacy/comics/024_koven.png,.png,780007,1778379109,original-comic
funnyguycomics,legacy/comics/025_hyper_day.png,.png,906748,1778379109,original-comic
funnyguycomics,legacy/comics/026_dead_koven.png,.png,635594,1778379109,original-comic
funnyguycomics,legacy/comics/027_dork_inc.png,.png,227972,1778379109,original-comic
funnyguycomics,legacy/comics/028_crushed.png,.png,454078,1778379109,original-comic
funnyguycomics,legacy/comics/029_groundhog_day.png,.png,702132,1778379109,original-comic
funnyguycomics,legacy/comics/030_sunglasses_so_cool_they_kill_you.png,.png,853371,1778379109,original-comic
funnyguycomics,legacy/comics/031_fungus_force_field.png,.png,1140685,1778379109,original-comic
funnyguycomics,legacy/comics/032_the_war.png,.png,916766,1778379109,original-comic
funnyguycomics,legacy/comics/033_yellow_snow.png,.png,878328,1778379109,original-comic
funnyguycomics,legacy/comics/034_sharpeye.png,.png,968930,1778379109,original-comic
funnyguycomics,legacy/comics/035_court.png,.png,861913,1778379109,original-comic
funnyguycomics,legacy/comics/036_the_brothers.png,.png,897503,1778379109,original-comic
funnyguycomics,legacy/comics/037_they_meet_again.png,.png,300449,1778379109,original-comic
funnyguycomics,legacy/comics/038_the_diamond_sword.png,.png,868938,1778379109,original-comic
funnyguycomics,legacy/comics/039_cut_the_cheese.png,.png,988824,1778379109,original-comic
funnyguycomics,legacy/comics/040_skits.png,.png,996287,1778379109,original-comic
funnyguycomics,legacy/comics/041_funny_guy_jr.png,.png,878470,1778379109,original-comic
funnyguycomics,legacy/comics/042_the_barney_mask.png,.png,814380,1778379109,original-comic
funnyguycomics,legacy/comics/043_the_barney_mask_2.png,.png,834226,1778379109,original-comic
funnyguycomics,legacy/comics/044_life_without_koven.png,.png,626426,1778379109,original-comic
funnyguycomics,legacy/comics/045_repair_man.png,.png,1123814,1778379109,original-comic
funnyguycomics,legacy/comics/046_finale.png,.png,226096,1778379109,original-comic
funnyguycomics,legacy/comics/047_dinner.png,.png,353876,1778379109,original-comic
funnyguycomics,legacy/comics/048_cake_repair.png,.png,302915,1778379109,original-comic
funnyguycomics,legacy/comics/049_pottyp_world.png,.png,550963,1778379109,original-comic
funnyguycomics,legacy/comics/050_the_final_stretch.png,.png,578517,1778379109,original-comic
funnyguycomics,legacy/comics/051_product_testing.png,.png,519597,1778379109,original-comic
funnyguycomics,legacy/comics/052_trademark.png,.png,763486,1778379109,original-comic
funnyguycomics,legacy/comics/053_abandoned_schools.png,.png,575561,1778379109,original-comic
funnyguycomics,legacy/comics/054_funny_guy_racing.png,.png,186934,1778379109,original-comic
funnyguycomics,legacy/comics/055_the_deadly_sink_of_death.png,.png,860820,1778379109,original-comic
funnyguycomics,legacy/comics/056_bomb_bash.png,.png,814833,1778379109,original-comic
funnyguycomics,legacy/comics/057_rollercoaster.png,.png,568512,1778379109,original-comic
funnyguycomics,legacy/comics/058_the_origin_of_funny_guy.png,.png,147558,1778379109,original-comic
funnyguycomics,legacy/comics/059_not_funny_world.png,.png,366340,1778379109,original-comic
funnyguycomics,legacy/comics/060_arr_matey.png,.png,543488,1778379109,original-comic
funnyguycomics,legacy/comics/061_the_wish_tree.png,.png,607656,1778379109,original-comic
funnyguycomics,legacy/comics/062_the_storm.png,.png,747407,1778379109,original-comic
funnyguycomics,legacy/comics/062_the_storm_pg2.png,.png,819048,1778379109,original-comic
funnyguycomics,legacy/comics/062_the_storm_pg3.png,.png,475944,1778379109,original-comic
funnyguycomics,legacy/comics/063_dandelions_is_good_food.png,.png,850602,1778379109,original-comic
funnyguycomics,legacy/comics/064_chesskers.png,.png,1070509,1778379109,original-comic
funnyguycomics,legacy/comics/065_snowed_in.png,.png,928559,1778379109,original-comic
funnyguycomics,legacy/comics/066_lemonade.png,.png,852287,1778379109,original-comic
funnyguycomics,legacy/comics/067_incompetent.png,.png,671474,1778379109,original-comic
funnyguycomics,legacy/comics/068_new_pets.png,.png,969437,1778379109,original-comic
funnyguycomics,legacy/comics/069_night_patrol.png,.png,1042646,1778379109,original-comic
funnyguycomics,legacy/comics/070_night_patrol_2.png,.png,780503,1778379109,original-comic
funnyguycomics,legacy/comics/071_the_battle.png,.png,945998,1778379109,original-comic
funnyguycomics,legacy/comics/072_the_parting.png,.png,769848,1778379109,original-comic
funnyguycomics,legacy/comics/073_vetod.png,.png,850035,1778379109,original-comic
funnyguycomics,legacy/comics/074_have_some_cheese.png,.png,599173,1778379109,original-comic
funnyguycomics,legacy/comics/075_movin.png,.png,219781,1778379109,original-comic
funnyguycomics,legacy/comics/076_he_doesnt_like_that_song.png,.png,1187189,1778379109,original-comic
funnyguycomics,legacy/comics/077_mobbed.png,.png,1023661,1778379109,original-comic
funnyguycomics,legacy/comics/078_potpie_the_sailor.png,.png,767378,1778379109,original-comic
funnyguycomics,legacy/comics/079_apple_grenades.png,.png,852872,1778379109,original-comic
funnyguycomics,legacy/comics/080_gadgets.png,.png,876848,1778379109,original-comic
funnyguycomics,legacy/comics/081_submergin.png,.png,715914,1778379109,original-comic
funnyguycomics,legacy/comics/082_juniors_problem.png,.png,879600,1778379109,original-comic
funnyguycomics,legacy/comics/083_ice_kweem.png,.png,1161426,1778379109,original-comic
funnyguycomics,legacy/comics/084_general_relativity.png,.png,297757,1778379109,original-comic
funnyguycomics,legacy/comics/085_lava_lamp.png,.png,677439,1778379109,original-comic
funnyguycomics,legacy/comics/086_such_a_pest.png,.png,233169,1778379109,original-comic
funnyguycomics,legacy/comics/087_wee_wee.png,.png,365680,1778379109,original-comic
funnyguycomics,legacy/comics/088_announcement.png,.png,185803,1778379109,original-comic
funnyguycomics,legacy/comics/089_do_not_swallow.png,.png,655831,1778379109,original-comic
funnyguycomics,legacy/comics/090_joke_time.png,.png,254011,1778379109,original-comic
funnyguycomics,legacy/comics/091_into_the_desert.png,.png,884866,1778379109,original-comic
funnyguycomics,legacy/comics/092_culturally_insensitive.png,.png,987980,1778379109,original-comic
funnyguycomics,legacy/comics/093_basketball_game.png,.png,830857,1778379109,original-comic
funnyguycomics,legacy/comics/094_blind_horses.png,.png,676882,1778379109,original-comic
funnyguycomics,legacy/comics/095_be_kind_rewind.png,.png,684858,1778379109,original-comic
funnyguycomics,legacy/comics/096_recycling.png,.png,498259,1778379109,original-comic
funnyguycomics,legacy/comics/097_laziness.png,.png,833773,1778379109,original-comic
funnyguycomics,legacy/comics/098_owned.png,.png,820423,1778379109,original-comic
funnyguycomics,legacy/comics/099_the_lineup.png,.png,677363,1778379109,original-comic
funnyguycomics,legacy/comics/100_the_tower.png,.png,836658,1778379109,original-comic
funnyguycomics,legacy/comics/101_humiliation.png,.png,980069,1778379109,original-comic
funnyguycomics,legacy/comics/102_exaggeration.png,.png,757933,1778379109,original-comic
funnyguycomics,legacy/comics/103_beatin_round_the_bush.png,.png,748839,1778379109,original-comic
funnyguycomics,legacy/comics/104_butt_kicked.png,.png,768848,1778379109,original-comic
funnyguycomics,legacy/comics/105_wrath_of_the_elements.png,.png,724450,1778379109,original-comic
funnyguycomics,legacy/comics/106_sharp_objects.png,.png,864873,1778379109,original-comic
funnyguycomics,legacy/comics/107_bonus_isle.png,.png,684500,1778379109,original-comic
funnyguycomics,legacy/comics/108_the_moon.png,.png,283108,1778379109,original-comic
funnyguycomics,legacy/comics/109_outnumbered.png,.png,391553,1778379109,original-comic
funnyguycomics,legacy/comics/110_cold_storage.png,.png,552755,1778379109,original-comic
funnyguycomics,legacy/comics/111_bustin_out.png,.png,707337,1778379109,original-comic
funnyguycomics,legacy/comics/112_food.png,.png,715429,1778379109,original-comic
funnyguycomics,legacy/comics/113_first_quarter.png,.png,340581,1778379109,original-comic
funnyguycomics,legacy/comics/114_first_quarter_show.png,.png,228855,1778379109,original-comic
funnyguycomics,legacy/comics/115_second_quarter.png,.png,120181,1778379109,original-comic
funnyguycomics,legacy/comics/116_second_quarter_ii.png,.png,445700,1778379109,original-comic
funnyguycomics,legacy/comics/117_announcement_ii.png,.png,108853,1778379109,original-comic
funnyguycomics,legacy/comics/118_halftime.png,.png,95983,1778379109,original-comic
funnyguycomics,legacy/comics/119_second_half.png,.png,226243,1778379109,original-comic
funnyguycomics,legacy/comics/120_preview.png,.png,460181,1778379109,original-comic
funnyguycomics,legacy/comics/121_flooded.png,.png,659070,1778379109,original-comic
funnyguycomics,legacy/comics/122_juniors_birthday.png,.png,711917,1778379109,original-comic
funnyguycomics,legacy/comics/123_tv_shows.png,.png,554763,1778379109,original-comic
funnyguycomics,legacy/comics/124_the_funny_guy_show.png,.png,557271,1778379109,original-comic
funnyguycomics,legacy/comics/125_mayhem_in_funnytown.png,.png,618329,1778379109,original-comic
funnyguycomics,legacy/comics/126_hide_n_seek.png,.png,364390,1778379109,original-comic
funnyguycomics,legacy/comics/127_the_funny_guy_show_episode_ii.png,.png,321957,1778379109,original-comic
funnyguycomics,legacy/comics/128_and_were_back.png,.png,606219,1778379109,original-comic
funnyguycomics,legacy/comics/129_the_adventure_begins.png,.png,561529,1778379109,original-comic
funnyguycomics,legacy/comics/130_transparent_disco_clothes.png,.png,581460,1778379109,original-comic
funnyguycomics,legacy/comics/131_the_wild_beast.png,.png,226644,1778379109,original-comic
funnyguycomics,legacy/comics/132_battle_introductions.png,.png,342676,1778379109,original-comic
funnyguycomics,legacy/comics/133_quarantining_stupidity.png,.png,545968,1778379109,original-comic
funnyguycomics,legacy/comics/134_the_blubber_beast.png,.png,620721,1778379109,original-comic
funnyguycomics,legacy/comics/135_intercontinental_travel.png,.png,602912,1778379109,original-comic
funnyguycomics,legacy/comics/136_kamikaze.png,.png,648002,1778379109,original-comic
funnyguycomics,legacy/comics/137_audience_interference.png,.png,647046,1778379109,original-comic
funnyguycomics,legacy/comics/138_awkwardness.png,.png,422159,1778379109,original-comic
funnyguycomics,legacy/comics/139_dna_paint.png,.png,532202,1778379109,original-comic
funnyguycomics,legacy/comics/140_fire_trix.png,.png,567300,1778379109,original-comic
funnyguycomics,legacy/comics/141_steroids.png,.png,642953,1778379109,original-comic
funnyguycomics,legacy/comics/142_ultimate_stupidity.png,.png,735694,1778379109,original-comic
funnyguycomics,legacy/comics/143_space_mayhem.png,.png,579969,1778379109,original-comic
funnyguycomics,legacy/comics/144_snippets.png,.png,551999,1778379109,original-comic
funnyguycomics,legacy/comics/145_droid_face_melter.png,.png,672657,1778379109,original-comic
funnyguycomics,legacy/comics/146_target_priority.png,.png,704622,1778379109,original-comic
funnyguycomics,legacy/comics/147_you_got_served_sucka.png,.png,564035,1778379109,original-comic
funnyguycomics,legacy/comics/148_boxing_match.png,.png,424478,1778379109,original-comic
funnyguycomics,legacy/comics/149_its_time.png,.png,637697,1778379109,original-comic
funnyguycomics,legacy/comics/150_scrambled_eggs.png,.png,465383,1778379109,original-comic
funnyguycomics,legacy/comics/151_dead_last_round.png,.png,418041,1778379109,original-comic
funnyguycomics,legacy/comics/152_nostalgia.png,.png,525076,1778379109,original-comic
funnyguycomics,legacy/comics/153_cheap_choppers_3.png,.png,567757,1778379109,original-comic
funnyguycomics,legacy/comics/154_artsyfartsy_set.png,.png,554572,1778379109,original-comic
funnyguycomics,legacy/comics/155_bloody_baseball.png,.png,834968,1778379109,original-comic
funnyguycomics,legacy/comics/156_spaghetti_confetti.png,.png,538431,1778379109,original-comic
funnyguycomics,legacy/comics/157_mayhem_in_funnytown_ii.png,.png,517487,1778379109,original-comic
funnyguycomics,legacy/comics/158_the_repair_man_experiment.png,.png,575127,1778379109,original-comic
funnyguycomics,legacy/comics/159_road_rash.png,.png,545540,1778379109,original-comic
funnyguycomics,legacy/comics/160_people_sports.png,.png,573487,1778379109,original-comic
funnyguycomics,legacy/comics/161_christmas_twig.png,.png,545046,1778379109,original-comic
funnyguycomics,legacy/comics/162_lard_cake.png,.png,185417,1778379109,original-comic
funnyguycomics,legacy/comics/163_yield_to_spedestrians.png,.png,613672,1778379109,original-comic
funnyguycomics,legacy/comics/164_saving_repair_man.png,.png,735900,1778379109,original-comic
funnyguycomics,legacy/comics/165_er.png,.png,704543,1778379109,original-comic
funnyguycomics,legacy/comics/166_community_service.png,.png,546484,1778379109,original-comic
funnyguycomics,legacy/comics/167_singalong.png,.png,769770,1778379109,original-comic
funnyguycomics,legacy/comics/168_why.png,.png,588133,1778379109,original-comic
funnyguycomics,legacy/comics/169_star_warz.png,.png,585861,1778379109,original-comic
funnyguycomics,legacy/comics/170_star_warz_ii_.png,.png,588166,1778379109,original-comic
funnyguycomics,legacy/comics/171_updates_are_available.png,.png,539510,1778379109,original-comic
funnyguycomics,legacy/comics/172_snow_wars.png,.png,584367,1778379110,original-comic
funnyguycomics,legacy/comics/173_an_epic_legacy.png,.png,541894,1778379110,original-comic
funnyguycomics,legacy/comics/174_investment.png,.png,722470,1778379110,original-comic
funnyguycomics,legacy/comics/175_an_fg_christmas_carol.png,.png,1398768,1778379110,original-comic
funnyguycomics,legacy/comics/175_an_fg_christmas_carol_pg1.png,.png,1608317,1778379110,original-comic
funnyguycomics,legacy/comics/175_an_fg_christmas_carol_pg2.png,.png,1620597,1778379110,original-comic
funnyguycomics,legacy/comics/175_an_fg_christmas_carol_pg3.png,.png,1582970,1778379110,original-comic
funnyguycomics,legacy/comics/175_an_fg_christmas_carol_pg4.png,.png,1792415,1778379110,original-comic
funnyguycomics,legacy/comics/175_an_fg_christmas_carol_pg5.png,.png,1617859,1778379110,original-comic
funnyguycomics,legacy/comics/176_air_war.png,.png,920765,1778379110,original-comic
funnyguycomics,legacy/comics/177_scuba_war.png,.png,584364,1778379110,original-comic
funnyguycomics,legacy/comics/178_to_the_bahamas.png,.png,689157,1778379110,original-comic
funnyguycomics,legacy/comics/179_hobos_and_leakage.png,.png,718443,1778379110,original-comic
funnyguycomics,legacy/comics/180_private_ship.png,.png,680077,1778379110,original-comic
funnyguycomics,legacy/comics/181_looks_like_a_luxury.png,.png,684810,1778379110,original-comic
funnyguycomics,legacy/comics/182_razor_vs_the_snowman.png,.png,1107299,1778379110,original-comic
funnyguycomics,legacy/comics/183_the_war_of_100_snowmen.png,.png,764924,1778379110,original-comic
funnyguycomics,legacy/comics/184_razor_sharp.png,.png,637805,1778379110,original-comic
funnyguycomics,legacy/comics/185_brain_drain.png,.png,951219,1778379110,original-comic
funnyguycomics,legacy/comics/186_wild_west.png,.png,802213,1778379110,original-comic
funnyguycomics,legacy/comics/187_mine_cart_insanity.png,.png,639692,1778379110,original-comic
funnyguycomics,legacy/comics/188_toasted_ketchup.png,.png,840707,1778379110,original-comic
funnyguycomics,legacy/comics/189_surge_vs_the_yeti.png,.png,789005,1778379110,original-comic
funnyguycomics,legacy/comics/190_judgement.png,.png,895065,1778379110,original-comic
funnyguycomics,legacy/comics/191_the_hermit_of_the_hills.png,.png,541432,1778379110,original-comic
funnyguycomics,legacy/comics/192_attack_of_the_drones.png,.png,1676516,1778379110,original-comic
funnyguycomics,legacy/comics/192_attack_of_the_drones_pg1.png,.png,991141,1778379110,original-comic
funnyguycomics,legacy/comics/192_attack_of_the_drones_pg2.png,.png,856984,1778379110,original-comic
funnyguycomics,legacy/comics/192_attack_of_the_drones_pg3.png,.png,775290,1778379110,original-comic
funnyguycomics,legacy/comics/192_attack_of_the_drones_pg4.png,.png,794229,1778379110,original-comic
funnyguycomics,legacy/comics/192_attack_of_the_drones_pg5.png,.png,535350,1778379110,original-comic
funnyguycomics,legacy/comics/192_attack_of_the_drones_pg6.png,.png,609077,1778379110,original-comic
funnyguycomics,legacy/comics/192_attack_of_the_drones_pg7.png,.png,1168080,1778379110,original-comic
funnyguycomics,legacy/comics/192_attack_of_the_drones_pg8.png,.png,1125784,1778379110,original-comic
funnyguycomics,legacy/comics/192_attack_of_the_drones_pg9.png,.png,772729,1778379110,original-comic
funnyguycomics,legacy/comics/193_telethon.png,.png,917625,1778379110,original-comic
funnyguycomics,legacy/comics/194_commercials.png,.png,965228,1778379110,original-comic
funnyguycomics,legacy/comics/195_more_commercials.png,.png,1223805,1778379110,original-comic
funnyguycomics,legacy/comics/196_delivary.png,.png,1126107,1778379110,original-comic
funnyguycomics,legacy/comics/197_flamboyant.png,.png,1087834,1778379110,original-comic
funnyguycomics,legacy/comics/198_biodegradable.png,.png,969426,1778379110,original-comic
funnyguycomics,legacy/comics/199_doreminimi.png,.png,1276926,1778379110,original-comic
funnyguycomics,legacy/comics/200_transform.png,.png,817492,1778379110,original-comic
funnyguycomics,legacy/comics/201_overkill.png,.png,898108,1778379110,original-comic
funnyguycomics,legacy/comics/202_halitosis.png,.png,1008268,1778379110,original-comic
funnyguycomics,legacy/comics/203_game_king.png,.png,1216805,1778379110,original-comic
funnyguycomics,legacy/comics/204_even_more_commercials.png,.png,958705,1778379110,original-comic
funnyguycomics,legacy/comics/205_revenge_of_the_toys.png,.png,1100343,1778379110,original-comic
funnyguycomics,legacy/comics/206_wrath_of_the_easter_bunny.png,.png,646353,1778379110,original-comic
funnyguycomics,legacy/comics/207_fall_of_the_easter_bunny.png,.png,726087,1778379110,original-comic
funnyguycomics,legacy/comics/208_jurassic_park.png,.png,752917,1778379110,original-comic
funnyguycomics,legacy/comics/209_dino_destruction.png,.png,575432,1778379110,original-comic
funnyguycomics,legacy/comics/210_juniors_berthdae.png,.png,656967,1778379110,original-comic
funnyguycomics,legacy/comics/211_chuckie_peas_special_guest.png,.png,648940,1778379110,original-comic
funnyguycomics,legacy/comics/212_beach_day.png,.png,731479,1778379110,original-comic
funnyguycomics,legacy/comics/213_ac_war.png,.png,733916,1778379110,original-comic
funnyguycomics,legacy/comics/214_da_war_arena.png,.png,760274,1778379110,original-comic
funnyguycomics,legacy/comics/215_vendatta_arena.png,.png,562745,1778379110,original-comic
funnyguycomics,legacy/comics/216_censorship.png,.png,642241,1778379110,original-comic
funnyguycomics,legacy/comics/217_space_wars.png,.png,1031814,1778379110,original-comic
funnyguycomics,legacy/comics/218_fun_with_the_microwave.png,.png,664865,1778379110,original-comic
funnyguycomics,legacy/comics/219_low_altitude_combat.png,.png,696223,1778379110,original-comic
funnyguycomics,legacy/comics/220_armored_fore.png,.png,696900,1778379110,original-comic
funnyguycomics,legacy/comics/221_the_antianti_monster_potion.png,.png,791181,1778379110,original-comic
funnyguycomics,legacy/comics/222_timetravel_fg_vs_repair_man.png,.png,729172,1778379110,original-comic
funnyguycomics,legacy/comics/223_beach_campin.png,.png,589331,1778379110,original-comic
funnyguycomics,legacy/comics/224_germ_warfare.png,.png,902653,1778379110,original-comic
funnyguycomics,legacy/comics/225_roach_attack.png,.png,930192,1778379110,original-comic
funnyguycomics,legacy/comics/226_exterminator.png,.png,996347,1778379110,original-comic
funnyguycomics,legacy/comics/227_bug_boys_barrage.png,.png,759529,1778379110,original-comic
funnyguycomics,legacy/comics/228_to_bomb_saddam.png,.png,588223,1778379110,original-comic
funnyguycomics,legacy/comics/229_justice_fg_style.png,.png,636727,1778379110,original-comic
funnyguycomics,legacy/comics/230_booms.png,.png,1061814,1778379110,original-comic
funnyguycomics,legacy/comics/231_area_51.png,.png,807920,1778379110,original-comic
funnyguycomics,legacy/comics/232_robo_mow.png,.png,690696,1778379110,original-comic
funnyguycomics,legacy/comics/233_retaliation.png,.png,701793,1778379110,original-comic
funnyguycomics,legacy/comics/234_the_last_straw.png,.png,959696,1778379110,original-comic
funnyguycomics,legacy/comics/235_the_tv_chair.png,.png,776238,1778379110,original-comic
funnyguycomics,legacy/comics/236_funny_girl.png,.png,702617,1778379110,original-comic
funnyguycomics,legacy/comics/237_treasure_huntin.png,.png,261692,1778379110,original-comic
funnyguycomics,legacy/comics/238_moose_huntin.png,.png,854045,1778379110,original-comic
funnyguycomics,legacy/comics/239_survivor_trashcan.png,.png,662149,1778379110,original-comic
funnyguycomics,legacy/comics/239_survivor_trashcan_pg2.png,.png,710970,1778379110,original-comic
funnyguycomics,legacy/comics/240_an_fg_short.png,.png,352404,1778379110,original-comic
funnyguycomics,legacy/comics/241_bustin_froot_loops.png,.png,1169249,1778379110,original-comic
funnyguycomics,legacy/comics/242_space_cowboys.png,.png,648346,1778379110,original-comic
funnyguycomics,legacy/comics/243_robo_combat.png,.png,2220747,1778379110,original-comic
funnyguycomics,legacy/comics/244_me_want_honeycomb.png,.png,885746,1778379110,original-comic
funnyguycomics,legacy/comics/245_bee_fight.png,.png,911410,1778379110,original-comic
funnyguycomics,legacy/comics/246_wasp_war.png,.png,1284478,1778379110,original-comic
funnyguycomics,legacy/comics/247_show_n_tell.png,.png,700387,1778379110,original-comic
funnyguycomics,legacy/comics/248_space_mechs.png,.png,1175733,1778379110,original-comic
funnyguycomics,legacy/comics/248_space_mechs_pg2.png,.png,673053,1778379110,original-comic
funnyguycomics,legacy/comics/249_mail.png,.png,669862,1778379110,original-comic
funnyguycomics,legacy/comics/250_fg_exhibition_thremeator.png,.png,553930,1778379110,original-comic
funnyguycomics,legacy/comics/251_mountain_climbing.png,.png,537164,1778379110,original-comic
funnyguycomics,legacy/comics/252_free_cheap_junk.png,.png,632882,1778379110,original-comic
funnyguycomics,legacy/comics/253_the_mall_haul.png,.png,677423,1778379110,original-comic
funnyguycomics,legacy/comics/254_egg_battle.png,.png,926117,1778379110,original-comic
funnyguycomics,legacy/comics/255_youre_a_fat_guy.png,.png,952950,1778379110,original-comic
funnyguycomics,legacy/comics/256_mobile_home.png,.png,793239,1778379110,original-comic
funnyguycomics,legacy/comics/257_lard_shock.png,.png,581176,1778379110,original-comic
funnyguycomics,legacy/comics/258_care_bear_clubs.png,.png,1115591,1778379110,original-comic
funnyguycomics,legacy/comics/259_care_bear_clubs_part_2.png,.png,627779,1778379110,original-comic
funnyguycomics,legacy/comics/260_mobile_gaming.png,.png,819339,1778379110,original-comic
funnyguycomics,legacy/comics/261_a_challenger_appears.png,.png,563312,1778379110,original-comic
funnyguycomics,legacy/comics/262_hands_free_ownage.png,.png,629559,1778379110,original-comic
funnyguycomics,legacy/comics/263_kicked_in_the_face.png,.png,800155,1778379110,original-comic
funnyguycomics,legacy/comics/264_completionist.png,.png,682617,1778379110,original-comic
funnyguycomics,legacy/comics/265_meatloaf_crunch.png,.png,729362,1778379110,original-comic
funnyguycomics,legacy/comics/266_mud.png,.png,837477,1778379110,original-comic
funnyguycomics,legacy/comics/267_the_h2_transforms.png,.png,811957,1778379110,original-comic
funnyguycomics,legacy/comics/268_fight_water_with_water.png,.png,805614,1778379110,original-comic
funnyguycomics,legacy/comics/269_we_slop_the_slop_where_slop_is_due.png,.png,1351221,1778379110,original-comic
funnyguycomics,legacy/comics/270_slop_buffet.png,.png,1156324,1778379110,original-comic
funnyguycomics,legacy/comics/271_old_faithful.png,.png,1097787,1778379110,original-comic
funnyguycomics,legacy/comics/272_randomness.png,.png,930707,1778379110,original-comic
funnyguycomics,legacy/comics/273_takin_the_stairs.png,.png,1222538,1778379110,original-comic
funnyguycomics,legacy/comics/274_snowcones.png,.png,728065,1778379110,original-comic
funnyguycomics,legacy/comics/275_snow_powder.png,.png,712408,1778379110,original-comic
funnyguycomics,legacy/comics/276_fg_greatest_hits_humormercials.png,.png,968881,1778379110,original-comic
funnyguycomics,legacy/comics/277_fg_greatest_hits_humormercials_part_2.png,.png,757735,1778379110,original-comic
funnyguycomics,legacy/comics/278_the_gauntlet_to_adams_birthday.png,.png,674832,1778379110,original-comic
funnyguycomics,legacy/comics/279_gibbrsh.png,.png,1277394,1778379110,original-comic
funnyguycomics,legacy/comics/280_chugathon.png,.png,839618,1778379110,original-comic
funnyguycomics,legacy/comics/281_grapples_of_wrath.png,.png,816888,1778379110,original-comic
funnyguycomics,legacy/comics/282_rambulls.png,.png,627838,1778379110,original-comic
funnyguycomics,legacy/comics/283_ever_grande_metropolis.png,.png,791230,1778379110,original-comic
funnyguycomics,legacy/comics/284_the_breakout.png,.png,698211,1778379110,original-comic
funnyguycomics,legacy/comics/285_jrs_secret_weapon.png,.png,794494,1778379110,original-comic
funnyguycomics,legacy/comics/286_the_power_of_cheese.png,.png,1190810,1778379110,original-comic
funnyguycomics,legacy/comics/287_barfield.png,.png,1599320,1778379110,original-comic
funnyguycomics,legacy/comics/288_weed_destruction.png,.png,1166476,1778379110,original-comic
funnyguycomics,legacy/comics/289_the_hobo_revolt.png,.png,1707687,1778379110,original-comic
funnyguycomics,legacy/comics/290_preparation.png,.png,1475741,1778379110,original-comic
funnyguycomics,legacy/comics/291_junk_steaks_and_gym_class.png,.png,998435,1778379110,original-comic
funnyguycomics,legacy/comics/292_moose_huntin_act_ii.png,.png,722174,1778379110,original-comic
funnyguycomics,legacy/comics/293_laser_tag.png,.png,674492,1778379110,original-comic
funnyguycomics,legacy/comics/294_3d_glasses.png,.png,659686,1778379110,original-comic
funnyguycomics,legacy/comics/295_humormercials_from_oxymoron.png,.png,1036810,1778379110,original-comic
funnyguycomics,legacy/comics/296_humormercials_from_oxymoron_part_2.png,.png,1079576,1778379110,original-comic
funnyguycomics,legacy/comics/297_targets_underground_operations.png,.png,1378918,1778379110,original-comic
funnyguycomics,legacy/comics/298_tuo_part_2.png,.png,1265837,1778379110,original-comic
funnyguycomics,legacy/comics/299_soy_sauce.png,.png,1038860,1778379110,original-comic
funnyguycomics,legacy/comics/300_repair_mans_weight_loss_challenge.png,.png,1475800,1778379110,original-comic
funnyguycomics,legacy/comics/301_weight_loss_challenge_part_2.png,.png,1202221,1778379110,original-comic
funnyguycomics,legacy/comics/302_i_like_eggs.png,.png,641568,1778379110,original-comic
funnyguycomics,legacy/comics/303_bday_bash.png,.png,870108,1778379110,original-comic
funnyguycomics,legacy/comics/304_arabian_fights.png,.png,1053916,1778379110,original-comic
funnyguycomics,legacy/comics/305_share_this_kare_bears.png,.png,1124950,1778379110,original-comic
funnyguycomics,legacy/comics/306_halo_237.png,.png,903397,1778379110,original-comic
funnyguycomics,legacy/comics/307_kare_bear_fun.png,.png,372126,1778379110,original-comic
funnyguycomics,legacy/comics/308_dinger.png,.png,198332,1778379110,original-comic
funnyguycomics,legacy/comics/309_splinter_guy.png,.png,230984,1778379110,original-comic
funnyguycomics,legacy/comics/310_the_russian_bear_factory.png,.png,744355,1778379110,original-comic
funnyguycomics,legacy/comics/311_reverse_psychology.png,.png,881012,1778379110,original-comic
funnyguycomics,legacy/comics/312_interrogation.png,.png,681313,1778379110,original-comic
funnyguycomics,legacy/comics/313_rollin_away.png,.png,583820,1778379110,original-comic
funnyguycomics,legacy/comics/314_something_more.png,.png,748373,1778379110,original-comic
funnyguycomics,legacy/comics/315_total_recall.png,.png,704427,1778379110,original-comic
funnyguycomics,legacy/comics/316_xbox_live.png,.png,924935,1778379110,original-comic
funnyguycomics,legacy/comics/317_4th_of_july_special.png,.png,1454069,1778379110,original-comic
funnyguycomics,legacy/comics/318_gutterball.png,.png,927767,1778379110,original-comic
funnyguycomics,legacy/comics/319_theme_park.png,.png,901533,1778379110,original-comic
funnyguycomics,legacy/comics/320_doritos.png,.png,771419,1778379110,original-comic
funnyguycomics,legacy/fgrpg/back.jpg,.jpg,697523,1778379110,original-comic
funnyguycomics,legacy/fgrpg/back_thumb.jpg,.jpg,102187,1778379110,original-comic
funnyguycomics,legacy/fgrpg/front.jpg,.jpg,319465,1778379110,original-comic
funnyguycomics,legacy/fgrpg/front_thumb.jpg,.jpg,70877,1778379110,original-comic
funnyguycomics,legacy/fgrpg/images/arrow.gif,.gif,165,1778379110,original-comic
funnyguycomics,legacy/fgrpg/images/grin.gif,.gif,172,1778379110,original-comic
funnyguycomics,legacy/fgrpg/images/screen2.gif,.gif,3395,1778379110,original-comic
funnyguycomics,legacy/fgrpg/images/screen3.gif,.gif,37612,1778379110,original-comic
funnyguycomics,legacy/fgrpg/images/screen4.gif,.gif,37785,1778379110,original-comic
funnyguycomics,legacy/fgrpg/images/spacer.gif,.gif,43,1778379110,original-comic
funnyguycomics,legacy/fgrpg/images/titlescreen.gif,.gif,31799,1778379110,original-comic
funnyguycomics,legacy/fgrpg/screens/battle1.JPG,.jpg,16862,1778379110,original-comic
funnyguycomics,legacy/fgrpg/screens/battle2.JPG,.jpg,16113,1778379110,original-comic
funnyguycomics,legacy/fgrpg/screens/battle3.JPG,.jpg,16652,1778379110,original-comic
funnyguycomics,legacy/fgrpg/screens/scrn1.JPG,.jpg,24336,1778379110,original-comic
funnyguycomics,legacy/fgrpg/screens/scrn10.JPG,.jpg,28640,1778379110,original-comic
funnyguycomics,legacy/fgrpg/screens/scrn2.JPG,.jpg,27147,1778379110,original-comic
funnyguycomics,legacy/fgrpg/screens/scrn3.JPG,.jpg,26425,1778379110,original-comic
funnyguycomics,legacy/fgrpg/screens/scrn4.JPG,.jpg,31612,1778379110,original-comic
funnyguycomics,legacy/fgrpg/screens/scrn5.JPG,.jpg,17892,1778379110,original-comic
funnyguycomics,legacy/fgrpg/screens/scrn6.JPG,.jpg,29317,1778379110,original-comic
funnyguycomics,legacy/fgrpg/screens/scrn7.JPG,.jpg,20298,1778379110,original-comic
funnyguycomics,legacy/fgrpg/screens/scrn8.JPG,.jpg,17411,1778379110,original-comic
funnyguycomics,legacy/fgrpg/screens/scrn9.JPG,.jpg,8683,1778379110,original-comic
funnyguycomics,legacy/img/bg.gif,.gif,236441,1778379110,original-comic
funnyguycomics,legacy/img/comicnav.gif,.gif,23661,1778379110,original-comic
funnyguycomics,legacy/img/comicnav_large.gif,.gif,31467,1778379110,original-comic
funnyguycomics,legacy/img/fg_book1.gif,.gif,61575,1778379110,original-comic
funnyguycomics,legacy/img/fg_book3.gif,.gif,51766,1778379110,original-comic
funnyguycomics,legacy/img/fg_book4.gif,.gif,42824,1778379110,original-comic
funnyguycomics,legacy/img/fg_book5.gif,.gif,64467,1778379110,original-comic
funnyguycomics,legacy/img/fg_book6.gif,.gif,73883,1778379110,original-comic
funnyguycomics,legacy/img/fg_book7.gif,.gif,71825,1778379110,original-comic
funnyguycomics,legacy/img/fg_book8.gif,.gif,119096,1778379110,original-comic
funnyguycomics,legacy/img/header_bg.png,.png,193413,1778379110,original-comic
funnyguycomics,legacy/img/logo.gif,.gif,2682,1778379110,original-comic
funnyguycomics,legacy/img/logo.jpg,.jpg,59845,1778379110,original-comic
funnyguycomics,legacy/img/logo.png,.png,126904,1778379110,original-comic
funnyguycomics,legacy/img/logo_mod.png,.png,98279,1778379110,original-comic
funnyguycomics,legacy/img/logo_small.png,.png,120728,1778379110,original-comic
funnyguycomics,legacy/img/nav.gif,.gif,32825,1778379110,original-comic
funnyguycomics,legacy/img/nawful/bg.gif,.gif,236441,1778379110,original-comic
funnyguycomics,legacy/img/nawful/comicnav.gif,.gif,27285,1778379110,original-comic
funnyguycomics,legacy/img/nawful/footer.jpg,.jpg,41873,1778379110,original-comic
funnyguycomics,legacy/img/nawful/footer.png,.png,124214,1778379110,original-comic
funnyguycomics,legacy/img/nawful/footer_bottom.gif,.gif,57485,1778379110,original-comic
funnyguycomics,legacy/img/nawful/footer_top.gif,.gif,16001,1778379110,original-comic
funnyguycomics,legacy/img/nawful/footer_top_edge.gif,.gif,90,1778379110,original-comic
funnyguycomics,legacy/img/nawful/header_1.png,.png,211255,1778379110,original-comic
funnyguycomics,legacy/img/nawful/header_2.png,.png,10169,1778379110,original-comic
funnyguycomics,legacy/img/nawful/header_3.png,.png,10507,1778379110,original-comic
funnyguycomics,legacy/img/nawful/header_4.png,.png,10492,1778379110,original-comic
funnyguycomics,legacy/img/nawful/pg_bg.png,.png,166,1778379110,original-comic
funnyguycomics,legacy/img/nofun.jpg,.jpg,123456,1778379110,original-comic
funnyguycomics,legacy/img/spacer.gif,.gif,807,1778379110,original-comic
funnyguycomics,legacy/img/sprinkles/steve_letter.gif,.gif,20646,1778379110,original-comic
funnyguycomics,legacy/img/steve_letter.gif,.gif,20646,1778379110,original-comic
funnyguycomics,legacy/img/tfgc021_sketch.jpg,.jpg,182744,1778379110,original-comic
funnyguycomics,public/comics/all_comics_concatenated.png,.png,247145130,1772326253,original-comic
funnyguycomics,static/comics/001_the_funny_guy.png,.png,466349,1778379110,canonical
funnyguycomics,static/comics/002_foulness.png,.png,423651,1778379110,original-comic
funnyguycomics,static/comics/003_hungry.png,.png,445179,1778379110,original-comic
funnyguycomics,static/comics/004_pottyps_disco_club.png,.png,467294,1778379110,original-comic
funnyguycomics,static/comics/005_hot_sauce.png,.png,326150,1778379110,original-comic
funnyguycomics,static/comics/006_food_eatin.png,.png,384406,1778379110,original-comic
funnyguycomics,static/comics/007_piece_of_junk.png,.png,396690,1778379110,original-comic
funnyguycomics,static/comics/008_his_car.png,.png,409302,1778379110,original-comic
funnyguycomics,static/comics/009_employees_only.png,.png,512979,1778379110,original-comic
funnyguycomics,static/comics/010_sadistic_little_kid.png,.png,495481,1778379110,original-comic
funnyguycomics,static/comics/011_forest_traps.png,.png,510318,1778379110,original-comic
funnyguycomics,static/comics/012_tree_troubles.png,.png,310852,1778379110,original-comic
funnyguycomics,static/comics/013_crap_man.png,.png,433122,1778379110,original-comic
funnyguycomics,static/comics/014_dweeb.png,.png,387406,1778379110,original-comic
funnyguycomics,static/comics/015_oh_gawd_pkmn.png,.png,513798,1778379110,original-comic
funnyguycomics,static/comics/016_cheap_choppers.png,.png,862711,1778379110,original-comic
funnyguycomics,static/comics/017_steves_birthday_party.png,.png,347122,1778379110,original-comic
funnyguycomics,static/comics/018_cheap_choppers_2.png,.png,615543,1778379110,original-comic
funnyguycomics,static/comics/019_gas.png,.png,514078,1778379110,original-comic
funnyguycomics,static/comics/020_barney.png,.png,492578,1778379110,original-comic
funnyguycomics,static/comics/021_dna.png,.png,784710,1778379110,original-comic
funnyguycomics,static/comics/022_jungle_adventure.png,.png,752096,1778379110,original-comic
funnyguycomics,static/comics/023_coconuts.png,.png,1086452,1778379110,original-comic
funnyguycomics,static/comics/024_koven.png,.png,780007,1778379110,original-comic
funnyguycomics,static/comics/025_hyper_day.png,.png,906748,1778379110,original-comic
funnyguycomics,static/comics/026_dead_koven.png,.png,635594,1778379110,original-comic
funnyguycomics,static/comics/027_dork_inc.png,.png,227972,1778379110,original-comic
funnyguycomics,static/comics/028_crushed.png,.png,454078,1778379110,original-comic
funnyguycomics,static/comics/029_groundhog_day.png,.png,702132,1778379110,original-comic
funnyguycomics,static/comics/030_sunglasses_so_cool_they_kill_you.png,.png,853371,1778379110,original-comic
funnyguycomics,static/comics/031_fungus_force_field.png,.png,1140685,1778379110,original-comic
funnyguycomics,static/comics/032_the_war.png,.png,916766,1778379110,original-comic
funnyguycomics,static/comics/033_yellow_snow.png,.png,878328,1778379110,original-comic
funnyguycomics,static/comics/034_sharpeye.png,.png,968930,1778379110,original-comic
funnyguycomics,static/comics/035_court.png,.png,861913,1778379110,original-comic
funnyguycomics,static/comics/036_the_brothers.png,.png,897503,1778379110,original-comic
funnyguycomics,static/comics/037_they_meet_again.png,.png,300449,1778379110,original-comic
funnyguycomics,static/comics/038_the_diamond_sword.png,.png,868938,1778379110,original-comic
funnyguycomics,static/comics/039_cut_the_cheese.png,.png,988824,1778379110,original-comic
funnyguycomics,static/comics/040_skits.png,.png,996287,1778379110,original-comic
funnyguycomics,static/comics/041_funny_guy_jr.png,.png,878470,1778379110,original-comic
funnyguycomics,static/comics/042_the_barney_mask.png,.png,814380,1778379110,original-comic
funnyguycomics,static/comics/043_the_barney_mask_2.png,.png,834226,1778379110,original-comic
funnyguycomics,static/comics/044_life_without_koven.png,.png,626426,1778379110,original-comic
funnyguycomics,static/comics/045_repair_man.png,.png,1123814,1778379110,original-comic
funnyguycomics,static/comics/046_finale.png,.png,226096,1778379110,original-comic
funnyguycomics,static/comics/047_dinner.png,.png,353876,1778379110,original-comic
funnyguycomics,static/comics/048_cake_repair.png,.png,302915,1778379110,original-comic
funnyguycomics,static/comics/049_pottyp_world.png,.png,550963,1778379110,original-comic
funnyguycomics,static/comics/050_the_final_stretch.png,.png,578517,1778379110,original-comic
funnyguycomics,static/comics/051_product_testing.png,.png,519597,1778379110,original-comic
funnyguycomics,static/comics/052_trademark.png,.png,763486,1778379110,original-comic
funnyguycomics,static/comics/053_abandoned_schools.png,.png,575561,1778379110,original-comic
funnyguycomics,static/comics/054_funny_guy_racing.png,.png,186934,1778379110,original-comic
funnyguycomics,static/comics/055_the_deadly_sink_of_death.png,.png,860820,1778379110,original-comic
funnyguycomics,static/comics/056_bomb_bash.png,.png,814833,1778379110,original-comic
funnyguycomics,static/comics/057_rollercoaster.png,.png,568512,1778379110,original-comic
funnyguycomics,static/comics/058_the_origin_of_funny_guy.png,.png,147558,1778379110,original-comic
funnyguycomics,static/comics/059_not_funny_world.png,.png,366340,1778379110,original-comic
funnyguycomics,static/comics/060_arr_matey.png,.png,543488,1778379110,original-comic
funnyguycomics,static/comics/061_the_wish_tree.png,.png,607656,1778379110,original-comic
funnyguycomics,static/comics/062_the_storm.png,.png,747407,1778379110,original-comic
funnyguycomics,static/comics/062_the_storm_pg2.png,.png,819048,1778379110,original-comic
funnyguycomics,static/comics/062_the_storm_pg3.png,.png,475944,1778379110,original-comic
funnyguycomics,static/comics/063_dandelions_is_good_food.png,.png,850602,1778379110,original-comic
funnyguycomics,static/comics/064_chesskers.png,.png,1070509,1778379110,original-comic
funnyguycomics,static/comics/065_snowed_in.png,.png,928559,1778379110,original-comic
funnyguycomics,static/comics/066_lemonade.png,.png,852287,1778379110,original-comic
funnyguycomics,static/comics/067_incompetent.png,.png,671474,1778379110,original-comic
funnyguycomics,static/comics/068_new_pets.png,.png,969437,1778379110,original-comic
funnyguycomics,static/comics/069_night_patrol.png,.png,1042646,1778379110,original-comic
funnyguycomics,static/comics/070_night_patrol_2.png,.png,780503,1778379110,original-comic
funnyguycomics,static/comics/071_the_battle.png,.png,945998,1778379110,original-comic
funnyguycomics,static/comics/072_the_parting.png,.png,769848,1778379110,original-comic
funnyguycomics,static/comics/073_vetod.png,.png,850035,1778379110,original-comic
funnyguycomics,static/comics/074_have_some_cheese.png,.png,599173,1778379110,original-comic
funnyguycomics,static/comics/075_movin.png,.png,219781,1778379110,original-comic
funnyguycomics,static/comics/076_he_doesnt_like_that_song.png,.png,1187189,1778379110,original-comic
funnyguycomics,static/comics/077_mobbed.png,.png,1023661,1778379111,original-comic
funnyguycomics,static/comics/078_potpie_the_sailor.png,.png,767378,1778379111,original-comic
funnyguycomics,static/comics/079_apple_grenades.png,.png,852872,1778379111,original-comic
funnyguycomics,static/comics/080_gadgets.png,.png,876848,1778379111,original-comic
funnyguycomics,static/comics/081_submergin.png,.png,715914,1778379111,original-comic
funnyguycomics,static/comics/082_juniors_problem.png,.png,879600,1778379111,original-comic
funnyguycomics,static/comics/083_ice_kweem.png,.png,1161426,1778379111,original-comic
funnyguycomics,static/comics/084_general_relativity.png,.png,297757,1778379111,original-comic
funnyguycomics,static/comics/085_lava_lamp.png,.png,677439,1778379111,original-comic
funnyguycomics,static/comics/086_such_a_pest.png,.png,233169,1778379111,original-comic
funnyguycomics,static/comics/087_wee_wee.png,.png,365680,1778379111,original-comic
funnyguycomics,static/comics/088_announcement.png,.png,185803,1778379111,original-comic
funnyguycomics,static/comics/089_do_not_swallow.png,.png,655831,1778379111,original-comic
funnyguycomics,static/comics/090_joke_time.png,.png,254011,1778379111,original-comic
funnyguycomics,static/comics/091_into_the_desert.png,.png,884866,1778379111,original-comic
funnyguycomics,static/comics/092_culturally_insensitive.png,.png,987980,1778379111,original-comic
funnyguycomics,static/comics/093_basketball_game.png,.png,830857,1778379111,original-comic
funnyguycomics,static/comics/094_blind_horses.png,.png,676882,1778379111,original-comic
funnyguycomics,static/comics/095_be_kind_rewind.png,.png,684858,1778379111,original-comic
funnyguycomics,static/comics/096_recycling.png,.png,498259,1778379111,original-comic
funnyguycomics,static/comics/097_laziness.png,.png,833773,1778379111,original-comic
funnyguycomics,static/comics/098_owned.png,.png,820423,1778379111,original-comic
funnyguycomics,static/comics/099_the_lineup.png,.png,677363,1778379111,original-comic
funnyguycomics,static/comics/100_the_tower.png,.png,836658,1778379111,original-comic
funnyguycomics,static/comics/101_humiliation.png,.png,980069,1778379111,original-comic
funnyguycomics,static/comics/102_exaggeration.png,.png,757933,1778379111,original-comic
funnyguycomics,static/comics/103_beatin_round_the_bush.png,.png,748839,1778379111,original-comic
funnyguycomics,static/comics/104_butt_kicked.png,.png,768848,1778379111,original-comic
funnyguycomics,static/comics/105_wrath_of_the_elements.png,.png,724450,1778379111,original-comic
funnyguycomics,static/comics/106_sharp_objects.png,.png,864873,1778379111,original-comic
funnyguycomics,static/comics/107_bonus_isle.png,.png,684500,1778379111,original-comic
funnyguycomics,static/comics/108_the_moon.png,.png,283108,1778379111,original-comic
funnyguycomics,static/comics/109_outnumbered.png,.png,391553,1778379111,original-comic
funnyguycomics,static/comics/110_cold_storage.png,.png,552755,1778379111,original-comic
funnyguycomics,static/comics/111_bustin_out.png,.png,707337,1778379111,original-comic
funnyguycomics,static/comics/112_food.png,.png,715429,1778379111,original-comic
funnyguycomics,static/comics/113_first_quarter.png,.png,340581,1778379111,original-comic
funnyguycomics,static/comics/114_first_quarter_show.png,.png,228855,1778379111,original-comic
funnyguycomics,static/comics/115_second_quarter.png,.png,120181,1778379111,original-comic
funnyguycomics,static/comics/116_second_quarter_ii.png,.png,445700,1778379111,original-comic
funnyguycomics,static/comics/117_announcement_ii.png,.png,108853,1778379111,original-comic
funnyguycomics,static/comics/118_halftime.png,.png,95983,1778379111,original-comic
funnyguycomics,static/comics/119_second_half.png,.png,226243,1778379111,original-comic
funnyguycomics,static/comics/120_preview.png,.png,460181,1778379111,original-comic
funnyguycomics,static/comics/121_flooded.png,.png,659070,1778379111,original-comic
funnyguycomics,static/comics/122_juniors_birthday.png,.png,711917,1778379111,original-comic
funnyguycomics,static/comics/123_tv_shows.png,.png,554763,1778379111,original-comic
funnyguycomics,static/comics/124_the_funny_guy_show.png,.png,557271,1778379111,original-comic
funnyguycomics,static/comics/125_mayhem_in_funnytown.png,.png,618329,1778379111,original-comic
funnyguycomics,static/comics/126_hide_n_seek.png,.png,364390,1778379111,original-comic
funnyguycomics,static/comics/127_the_funny_guy_show_episode_ii.png,.png,321957,1778379111,original-comic
funnyguycomics,static/comics/128_and_were_back.png,.png,606219,1778379111,original-comic
funnyguycomics,static/comics/129_the_adventure_begins.png,.png,561529,1778379111,original-comic
funnyguycomics,static/comics/130_transparent_disco_clothes.png,.png,581460,1778379111,original-comic
funnyguycomics,static/comics/131_the_wild_beast.png,.png,226644,1778379111,original-comic
funnyguycomics,static/comics/132_battle_introductions.png,.png,342676,1778379111,original-comic
funnyguycomics,static/comics/133_quarantining_stupidity.png,.png,545968,1778379111,original-comic
funnyguycomics,static/comics/134_the_blubber_beast.png,.png,620721,1778379111,original-comic
funnyguycomics,static/comics/135_intercontinental_travel.png,.png,602912,1778379111,original-comic
funnyguycomics,static/comics/136_kamikaze.png,.png,648002,1778379111,original-comic
funnyguycomics,static/comics/137_audience_interference.png,.png,647046,1778379111,original-comic
funnyguycomics,static/comics/138_awkwardness.png,.png,422159,1778379111,original-comic
funnyguycomics,static/comics/139_dna_paint.png,.png,532202,1778379111,original-comic
funnyguycomics,static/comics/140_fire_trix.png,.png,567300,1778379111,original-comic
funnyguycomics,static/comics/141_steroids.png,.png,642953,1778379111,original-comic
funnyguycomics,static/comics/142_ultimate_stupidity.png,.png,735694,1778379111,original-comic
funnyguycomics,static/comics/143_space_mayhem.png,.png,579969,1778379111,original-comic
funnyguycomics,static/comics/144_snippets.png,.png,551999,1778379111,original-comic
funnyguycomics,static/comics/145_droid_face_melter.png,.png,672657,1778379111,original-comic
funnyguycomics,static/comics/146_target_priority.png,.png,704622,1778379111,original-comic
funnyguycomics,static/comics/147_you_got_served_sucka.png,.png,564035,1778379111,original-comic
funnyguycomics,static/comics/148_boxing_match.png,.png,424478,1778379111,original-comic
funnyguycomics,static/comics/149_its_time.png,.png,637697,1778379111,original-comic
funnyguycomics,static/comics/150_scrambled_eggs.png,.png,465383,1778379111,original-comic
funnyguycomics,static/comics/151_dead_last_round.png,.png,418041,1778379111,original-comic
funnyguycomics,static/comics/152_nostalgia.png,.png,525076,1778379111,original-comic
funnyguycomics,static/comics/153_cheap_choppers_3.png,.png,567757,1778379111,original-comic
funnyguycomics,static/comics/154_artsyfartsy_set.png,.png,554572,1778379111,original-comic
funnyguycomics,static/comics/155_bloody_baseball.png,.png,834968,1778379111,original-comic
funnyguycomics,static/comics/156_spaghetti_confetti.png,.png,538431,1778379111,original-comic
funnyguycomics,static/comics/157_mayhem_in_funnytown_ii.png,.png,517487,1778379111,original-comic
funnyguycomics,static/comics/158_the_repair_man_experiment.png,.png,575127,1778379111,original-comic
funnyguycomics,static/comics/159_road_rash.png,.png,545540,1778379111,original-comic
funnyguycomics,static/comics/160_people_sports.png,.png,573487,1778379111,original-comic
funnyguycomics,static/comics/161_christmas_twig.png,.png,545046,1778379111,original-comic
funnyguycomics,static/comics/162_lard_cake.png,.png,185417,1778379111,original-comic
funnyguycomics,static/comics/163_yield_to_spedestrians.png,.png,613672,1778379111,original-comic
funnyguycomics,static/comics/164_saving_repair_man.png,.png,735900,1778379111,original-comic
funnyguycomics,static/comics/165_er.png,.png,704543,1778379111,original-comic
funnyguycomics,static/comics/166_community_service.png,.png,546484,1778379111,original-comic
funnyguycomics,static/comics/167_singalong.png,.png,769770,1778379111,original-comic
funnyguycomics,static/comics/168_why.png,.png,588133,1778379111,original-comic
funnyguycomics,static/comics/169_star_warz.png,.png,585861,1778379111,original-comic
funnyguycomics,static/comics/170_star_warz_ii_.png,.png,588166,1778379111,original-comic
funnyguycomics,static/comics/171_updates_are_available.png,.png,539510,1778379111,original-comic
funnyguycomics,static/comics/172_snow_wars.png,.png,584367,1778379111,original-comic
funnyguycomics,static/comics/173_an_epic_legacy.png,.png,541894,1778379111,original-comic
funnyguycomics,static/comics/174_investment.png,.png,722470,1778379111,original-comic
funnyguycomics,static/comics/175_an_fg_christmas_carol.png,.png,1398768,1778379111,original-comic
funnyguycomics,static/comics/175_an_fg_christmas_carol_pg1.png,.png,1608317,1778379111,original-comic
funnyguycomics,static/comics/175_an_fg_christmas_carol_pg2.png,.png,1620597,1778379111,original-comic
funnyguycomics,static/comics/175_an_fg_christmas_carol_pg3.png,.png,1582970,1778379111,original-comic
funnyguycomics,static/comics/175_an_fg_christmas_carol_pg4.png,.png,1792415,1778379111,original-comic
funnyguycomics,static/comics/175_an_fg_christmas_carol_pg5.png,.png,1617859,1778379111,original-comic
funnyguycomics,static/comics/176_air_war.png,.png,920765,1778379111,original-comic
funnyguycomics,static/comics/177_scuba_war.png,.png,584364,1778379111,original-comic
funnyguycomics,static/comics/178_to_the_bahamas.png,.png,689157,1778379111,original-comic
funnyguycomics,static/comics/179_hobos_and_leakage.png,.png,718443,1778379111,original-comic
funnyguycomics,static/comics/180_private_ship.png,.png,680077,1778379111,original-comic
funnyguycomics,static/comics/181_looks_like_a_luxury.png,.png,684810,1778379111,original-comic
funnyguycomics,static/comics/182_razor_vs_the_snowman.png,.png,1107299,1778379111,original-comic
funnyguycomics,static/comics/183_the_war_of_100_snowmen.png,.png,764924,1778379111,original-comic
funnyguycomics,static/comics/184_razor_sharp.png,.png,637805,1778379111,original-comic
funnyguycomics,static/comics/185_brain_drain.png,.png,951219,1778379111,original-comic
funnyguycomics,static/comics/186_wild_west.png,.png,802213,1778379111,original-comic
funnyguycomics,static/comics/187_mine_cart_insanity.png,.png,639692,1778379111,original-comic
funnyguycomics,static/comics/188_toasted_ketchup.png,.png,840707,1778379111,original-comic
funnyguycomics,static/comics/189_surge_vs_the_yeti.png,.png,789005,1778379111,original-comic
funnyguycomics,static/comics/190_judgement.png,.png,895065,1778379111,original-comic
funnyguycomics,static/comics/191_the_hermit_of_the_hills.png,.png,541432,1778379111,original-comic
funnyguycomics,static/comics/192_attack_of_the_drones.png,.png,1676516,1778379111,original-comic
funnyguycomics,static/comics/192_attack_of_the_drones_pg1.png,.png,991141,1778379111,original-comic
funnyguycomics,static/comics/192_attack_of_the_drones_pg2.png,.png,856984,1778379111,original-comic
funnyguycomics,static/comics/192_attack_of_the_drones_pg3.png,.png,775290,1778379111,original-comic
funnyguycomics,static/comics/192_attack_of_the_drones_pg4.png,.png,794229,1778379111,original-comic
funnyguycomics,static/comics/192_attack_of_the_drones_pg5.png,.png,535350,1778379111,original-comic
funnyguycomics,static/comics/192_attack_of_the_drones_pg6.png,.png,609077,1778379111,original-comic
funnyguycomics,static/comics/192_attack_of_the_drones_pg7.png,.png,1168080,1778379111,original-comic
funnyguycomics,static/comics/192_attack_of_the_drones_pg8.png,.png,1125784,1778379111,original-comic
funnyguycomics,static/comics/192_attack_of_the_drones_pg9.png,.png,772729,1778379111,original-comic
funnyguycomics,static/comics/193_telethon.png,.png,917625,1778379111,original-comic
funnyguycomics,static/comics/194_commercials.png,.png,965228,1778379111,original-comic
funnyguycomics,static/comics/195_more_commercials.png,.png,1223805,1778379111,original-comic
funnyguycomics,static/comics/196_delivary.png,.png,1126107,1778379111,original-comic
funnyguycomics,static/comics/197_flamboyant.png,.png,1087834,1778379111,original-comic
funnyguycomics,static/comics/198_biodegradable.png,.png,969426,1778379111,original-comic
funnyguycomics,static/comics/199_doreminimi.png,.png,1276926,1778379111,original-comic
funnyguycomics,static/comics/200_transform.png,.png,817492,1778379111,original-comic
funnyguycomics,static/comics/201_overkill.png,.png,898108,1778379111,original-comic
funnyguycomics,static/comics/202_halitosis.png,.png,1008268,1778379111,original-comic
funnyguycomics,static/comics/203_game_king.png,.png,1216805,1778379111,original-comic
funnyguycomics,static/comics/204_even_more_commercials.png,.png,958705,1778379111,original-comic
funnyguycomics,static/comics/205_revenge_of_the_toys.png,.png,1100343,1778379111,original-comic
funnyguycomics,static/comics/206_wrath_of_the_easter_bunny.png,.png,646353,1778379111,original-comic
funnyguycomics,static/comics/207_fall_of_the_easter_bunny.png,.png,726087,1778379111,original-comic
funnyguycomics,static/comics/208_jurassic_park.png,.png,752917,1778379111,original-comic
funnyguycomics,static/comics/209_dino_destruction.png,.png,575432,1778379111,original-comic
funnyguycomics,static/comics/210_juniors_berthdae.png,.png,656967,1778379111,original-comic
funnyguycomics,static/comics/211_chuckie_peas_special_guest.png,.png,648940,1778379111,original-comic
funnyguycomics,static/comics/212_beach_day.png,.png,731479,1778379111,original-comic
funnyguycomics,static/comics/213_ac_war.png,.png,733916,1778379111,original-comic
funnyguycomics,static/comics/214_da_war_arena.png,.png,760274,1778379111,original-comic
funnyguycomics,static/comics/215_vendatta_arena.png,.png,562745,1778379111,original-comic
funnyguycomics,static/comics/216_censorship.png,.png,642241,1778379111,original-comic
funnyguycomics,static/comics/217_space_wars.png,.png,1031814,1778379111,original-comic
funnyguycomics,static/comics/218_fun_with_the_microwave.png,.png,664865,1778379111,original-comic
funnyguycomics,static/comics/219_low_altitude_combat.png,.png,696223,1778379111,original-comic
funnyguycomics,static/comics/220_armored_fore.png,.png,696900,1778379111,original-comic
funnyguycomics,static/comics/221_the_antianti_monster_potion.png,.png,791181,1778379111,original-comic
funnyguycomics,static/comics/222_timetravel_fg_vs_repair_man.png,.png,729172,1778379111,original-comic
funnyguycomics,static/comics/223_beach_campin.png,.png,589331,1778379111,original-comic
funnyguycomics,static/comics/224_germ_warfare.png,.png,902653,1778379111,original-comic
funnyguycomics,static/comics/225_roach_attack.png,.png,930192,1778379111,original-comic
funnyguycomics,static/comics/226_exterminator.png,.png,996347,1778379111,original-comic
funnyguycomics,static/comics/227_bug_boys_barrage.png,.png,759529,1778379111,original-comic
funnyguycomics,static/comics/228_to_bomb_saddam.png,.png,588223,1778379111,original-comic
funnyguycomics,static/comics/229_justice_fg_style.png,.png,636727,1778379111,original-comic
funnyguycomics,static/comics/230_booms.png,.png,1061814,1778379111,original-comic
funnyguycomics,static/comics/231_area_51.png,.png,807920,1778379111,original-comic
funnyguycomics,static/comics/232_robo_mow.png,.png,690696,1778379111,original-comic
funnyguycomics,static/comics/233_retaliation.png,.png,701793,1778379111,original-comic
funnyguycomics,static/comics/234_the_last_straw.png,.png,959696,1778379111,original-comic
funnyguycomics,static/comics/235_the_tv_chair.png,.png,776238,1778379111,original-comic
funnyguycomics,static/comics/236_funny_girl.png,.png,702617,1778379111,original-comic
funnyguycomics,static/comics/237_treasure_huntin.png,.png,261692,1778379111,original-comic
funnyguycomics,static/comics/238_moose_huntin.png,.png,854045,1778379111,original-comic
funnyguycomics,static/comics/239_survivor_trashcan.png,.png,662149,1778379111,original-comic
funnyguycomics,static/comics/239_survivor_trashcan_pg2.png,.png,710970,1778379111,original-comic
funnyguycomics,static/comics/240_an_fg_short.png,.png,352404,1778379111,original-comic
funnyguycomics,static/comics/241_bustin_froot_loops.png,.png,1169249,1778379111,original-comic
funnyguycomics,static/comics/242_space_cowboys.png,.png,648346,1778379111,original-comic
funnyguycomics,static/comics/243_robo_combat.png,.png,2220747,1778379111,original-comic
funnyguycomics,static/comics/244_me_want_honeycomb.png,.png,885746,1778379111,original-comic
funnyguycomics,static/comics/245_bee_fight.png,.png,911410,1778379111,original-comic
funnyguycomics,static/comics/246_wasp_war.png,.png,1284478,1778379111,original-comic
funnyguycomics,static/comics/247_show_n_tell.png,.png,700387,1778379111,original-comic
funnyguycomics,static/comics/248_space_mechs.png,.png,1175733,1778379111,original-comic
funnyguycomics,static/comics/248_space_mechs_pg2.png,.png,673053,1778379111,original-comic
funnyguycomics,static/comics/249_mail.png,.png,669862,1778379111,original-comic
funnyguycomics,static/comics/250_fg_exhibition_thremeator.png,.png,553930,1778379111,original-comic
funnyguycomics,static/comics/251_mountain_climbing.png,.png,537164,1778379111,original-comic
funnyguycomics,static/comics/252_free_cheap_junk.png,.png,632882,1778379111,original-comic
funnyguycomics,static/comics/253_the_mall_haul.png,.png,677423,1778379111,original-comic
funnyguycomics,static/comics/254_egg_battle.png,.png,926117,1778379111,original-comic
funnyguycomics,static/comics/255_youre_a_fat_guy.png,.png,952950,1778379111,original-comic
funnyguycomics,static/comics/256_mobile_home.png,.png,793239,1778379111,original-comic
funnyguycomics,static/comics/257_lard_shock.png,.png,581176,1778379111,original-comic
funnyguycomics,static/comics/258_care_bear_clubs.png,.png,1115591,1778379111,original-comic
funnyguycomics,static/comics/259_care_bear_clubs_part_2.png,.png,627779,1778379111,original-comic
funnyguycomics,static/comics/260_mobile_gaming.png,.png,819339,1778379111,original-comic
funnyguycomics,static/comics/261_a_challenger_appears.png,.png,563312,1778379111,original-comic
funnyguycomics,static/comics/262_hands_free_ownage.png,.png,629559,1778379111,original-comic
funnyguycomics,static/comics/263_kicked_in_the_face.png,.png,800155,1778379111,original-comic
funnyguycomics,static/comics/264_completionist.png,.png,682617,1778379111,original-comic
funnyguycomics,static/comics/265_meatloaf_crunch.png,.png,729362,1778379111,original-comic
funnyguycomics,static/comics/266_mud.png,.png,837477,1778379111,original-comic
funnyguycomics,static/comics/267_the_h2_transforms.png,.png,811957,1778379111,original-comic
funnyguycomics,static/comics/268_fight_water_with_water.png,.png,805614,1778379111,original-comic
funnyguycomics,static/comics/269_we_slop_the_slop_where_slop_is_due.png,.png,1351221,1778379111,original-comic
funnyguycomics,static/comics/270_slop_buffet.png,.png,1156324,1778379111,original-comic
funnyguycomics,static/comics/271_old_faithful.png,.png,1097787,1778379111,original-comic
funnyguycomics,static/comics/272_randomness.png,.png,930707,1778379111,original-comic
funnyguycomics,static/comics/273_takin_the_stairs.png,.png,1222538,1778379111,original-comic
funnyguycomics,static/comics/274_snowcones.png,.png,728065,1778379111,original-comic
funnyguycomics,static/comics/275_snow_powder.png,.png,712408,1778379111,original-comic
funnyguycomics,static/comics/276_fg_greatest_hits_humormercials.png,.png,968881,1778379111,original-comic
funnyguycomics,static/comics/277_fg_greatest_hits_humormercials_part_2.png,.png,757735,1778379111,original-comic
funnyguycomics,static/comics/278_the_gauntlet_to_adams_birthday.png,.png,674832,1778379111,original-comic
funnyguycomics,static/comics/279_gibbrsh.png,.png,1277394,1778379111,original-comic
funnyguycomics,static/comics/280_chugathon.png,.png,839618,1778379111,original-comic
funnyguycomics,static/comics/281_grapples_of_wrath.png,.png,816888,1778379111,original-comic
funnyguycomics,static/comics/282_rambulls.png,.png,627838,1778379111,original-comic
funnyguycomics,static/comics/283_ever_grande_metropolis.png,.png,791230,1778379111,original-comic
funnyguycomics,static/comics/284_the_breakout.png,.png,698211,1778379111,original-comic
funnyguycomics,static/comics/285_jrs_secret_weapon.png,.png,794494,1778379111,original-comic
funnyguycomics,static/comics/286_the_power_of_cheese.png,.png,1190810,1778379111,original-comic
funnyguycomics,static/comics/287_barfield.png,.png,1599320,1778379111,original-comic
funnyguycomics,static/comics/288_weed_destruction.png,.png,1166476,1778379111,original-comic
funnyguycomics,static/comics/289_the_hobo_revolt.png,.png,1707687,1778379111,original-comic
funnyguycomics,static/comics/290_preparation.png,.png,1475741,1778379111,original-comic
funnyguycomics,static/comics/291_junk_steaks_and_gym_class.png,.png,998435,1778379111,original-comic
funnyguycomics,static/comics/292_moose_huntin_act_ii.png,.png,722174,1778379111,original-comic
funnyguycomics,static/comics/293_laser_tag.png,.png,674492,1778379111,original-comic
funnyguycomics,static/comics/294_3d_glasses.png,.png,659686,1778379111,original-comic
funnyguycomics,static/comics/295_humormercials_from_oxymoron.png,.png,1036810,1778379111,original-comic
funnyguycomics,static/comics/296_humormercials_from_oxymoron_part_2.png,.png,1079576,1778379111,original-comic
funnyguycomics,static/comics/297_targets_underground_operations.png,.png,1378918,1778379111,original-comic
funnyguycomics,static/comics/298_tuo_part_2.png,.png,1265837,1778379111,original-comic
funnyguycomics,static/comics/299_soy_sauce.png,.png,1038860,1778379111,original-comic
funnyguycomics,static/comics/300_repair_mans_weight_loss_challenge.png,.png,1475800,1778379111,original-comic
funnyguycomics,static/comics/301_weight_loss_challenge_part_2.png,.png,1202221,1778379111,original-comic
funnyguycomics,static/comics/302_i_like_eggs.png,.png,641568,1778379111,original-comic
funnyguycomics,static/comics/303_bday_bash.png,.png,870108,1778379111,original-comic
funnyguycomics,static/comics/304_arabian_fights.png,.png,1053916,1778379111,original-comic
funnyguycomics,static/comics/305_share_this_kare_bears.png,.png,1124950,1778379111,original-comic
funnyguycomics,static/comics/306_halo_237.png,.png,903397,1778379111,original-comic
funnyguycomics,static/comics/307_kare_bear_fun.png,.png,372126,1778379111,original-comic
funnyguycomics,static/comics/308_dinger.png,.png,198332,1778379111,original-comic
funnyguycomics,static/comics/309_splinter_guy.png,.png,230984,1778379111,original-comic
funnyguycomics,static/comics/310_the_russian_bear_factory.png,.png,744355,1778379111,original-comic
funnyguycomics,static/comics/311_reverse_psychology.png,.png,881012,1778379111,original-comic
funnyguycomics,static/comics/312_interrogation.png,.png,681313,1778379111,original-comic
funnyguycomics,static/comics/313_rollin_away.png,.png,583820,1778379111,original-comic
funnyguycomics,static/comics/314_something_more.png,.png,748373,1778379111,original-comic
funnyguycomics,static/comics/315_total_recall.png,.png,704427,1778379111,original-comic
funnyguycomics,static/comics/316_xbox_live.png,.png,924935,1778379111,original-comic
funnyguycomics,static/comics/317_4th_of_july_special.png,.png,1454069,1778379111,original-comic
funnyguycomics,static/comics/318_gutterball.png,.png,927767,1778379111,original-comic
funnyguycomics,static/comics/319_theme_park.png,.png,901533,1778379111,original-comic
funnyguycomics,static/comics/320_doritos.png,.png,771419,1778379111,original-comic
funnyguycomics,static/fgrpg/back.jpg,.jpg,697523,1778379111,original-comic
funnyguycomics,static/fgrpg/back_thumb.jpg,.jpg,102187,1778379111,original-comic
funnyguycomics,static/fgrpg/front.jpg,.jpg,319465,1778379112,original-comic
funnyguycomics,static/fgrpg/front_thumb.jpg,.jpg,70877,1778379112,original-comic
funnyguycomics,static/fgrpg/images/arrow.gif,.gif,165,1778379112,original-comic
funnyguycomics,static/fgrpg/images/grin.gif,.gif,172,1778379112,original-comic
funnyguycomics,static/fgrpg/images/screen2.gif,.gif,3395,1778379112,original-comic
funnyguycomics,static/fgrpg/images/screen3.gif,.gif,37612,1778379112,original-comic
funnyguycomics,static/fgrpg/images/screen4.gif,.gif,37785,1778379112,original-comic
funnyguycomics,static/fgrpg/images/spacer.gif,.gif,43,1778379112,original-comic
funnyguycomics,static/fgrpg/images/titlescreen.gif,.gif,31799,1778379112,original-comic
funnyguycomics,static/fgrpg/screens/battle1.JPG,.jpg,16862,1778379112,original-comic
funnyguycomics,static/fgrpg/screens/battle2.JPG,.jpg,16113,1778379112,original-comic
funnyguycomics,static/fgrpg/screens/battle3.JPG,.jpg,16652,1778379112,original-comic
funnyguycomics,static/fgrpg/screens/scrn1.JPG,.jpg,24336,1778379112,original-comic
funnyguycomics,static/fgrpg/screens/scrn10.JPG,.jpg,28640,1778379112,original-comic
funnyguycomics,static/fgrpg/screens/scrn2.JPG,.jpg,27147,1778379112,original-comic
funnyguycomics,static/fgrpg/screens/scrn3.JPG,.jpg,26425,1778379112,original-comic
funnyguycomics,static/fgrpg/screens/scrn4.JPG,.jpg,31612,1778379112,original-comic
funnyguycomics,static/fgrpg/screens/scrn5.JPG,.jpg,17892,1778379112,original-comic
funnyguycomics,static/fgrpg/screens/scrn6.JPG,.jpg,29317,1778379112,original-comic
funnyguycomics,static/fgrpg/screens/scrn7.JPG,.jpg,20298,1778379112,original-comic
funnyguycomics,static/fgrpg/screens/scrn8.JPG,.jpg,17411,1778379112,original-comic
funnyguycomics,static/fgrpg/screens/scrn9.JPG,.jpg,8683,1778379112,original-comic
funnyguycomics,static/img/bg.gif,.gif,236441,1778379112,original-comic
funnyguycomics,static/img/comicnav.gif,.gif,23661,1778379112,original-comic
funnyguycomics,static/img/comicnav_large.gif,.gif,31467,1778379112,original-comic
funnyguycomics,static/img/fg_book1.gif,.gif,61575,1778379112,original-comic
funnyguycomics,static/img/fg_book3.gif,.gif,51766,1778379112,original-comic
funnyguycomics,static/img/fg_book4.gif,.gif,42824,1778379112,original-comic
funnyguycomics,static/img/fg_book5.gif,.gif,64467,1778379112,original-comic
funnyguycomics,static/img/fg_book6.gif,.gif,73883,1778379112,original-comic
funnyguycomics,static/img/fg_book7.gif,.gif,71825,1778379112,original-comic
funnyguycomics,static/img/fg_book8.gif,.gif,119096,1778379112,original-comic
funnyguycomics,static/img/header_bg.png,.png,193413,1778379112,original-comic
funnyguycomics,static/img/logo.gif,.gif,2682,1778379112,original-comic
funnyguycomics,static/img/logo.jpg,.jpg,59845,1778379112,original-comic
funnyguycomics,static/img/logo.png,.png,126904,1778379112,original-comic
funnyguycomics,static/img/logo_mod.png,.png,98279,1778379112,original-comic
funnyguycomics,static/img/logo_small.png,.png,120728,1778379112,original-comic
funnyguycomics,static/img/nav.gif,.gif,32825,1778379112,original-comic
funnyguycomics,static/img/nawful/bg.gif,.gif,236441,1778379112,original-comic
funnyguycomics,static/img/nawful/comicnav.gif,.gif,27285,1778379112,original-comic
funnyguycomics,static/img/nawful/footer.jpg,.jpg,41873,1778379112,original-comic
funnyguycomics,static/img/nawful/footer.png,.png,124214,1778379112,original-comic
funnyguycomics,static/img/nawful/footer_bottom.gif,.gif,57485,1778379112,original-comic
funnyguycomics,static/img/nawful/footer_top.gif,.gif,16001,1778379112,original-comic
funnyguycomics,static/img/nawful/footer_top_edge.gif,.gif,90,1778379112,original-comic
funnyguycomics,static/img/nawful/header_1.png,.png,211255,1778379112,original-comic
funnyguycomics,static/img/nawful/header_2.png,.png,10169,1778379112,original-comic
funnyguycomics,static/img/nawful/header_3.png,.png,10507,1778379112,original-comic
funnyguycomics,static/img/nawful/header_4.png,.png,10492,1778379112,original-comic
funnyguycomics,static/img/nawful/pg_bg.png,.png,166,1778379112,original-comic
funnyguycomics,static/img/nofun.jpg,.jpg,123456,1778379112,original-comic
funnyguycomics,static/img/spacer.gif,.gif,807,1778379112,original-comic
funnyguycomics,static/img/sprinkles/steve_letter.gif,.gif,20646,1778379112,original-comic
funnyguycomics,static/img/steve_letter.gif,.gif,20646,1778379112,original-comic
funnyguycomics,static/img/tfgc021_sketch.jpg,.jpg,182744,1778379112,original-comic
funnyguyrpg,Backdrop/bg001.png,.png,33825,1771555297,original-rpg
funnyguyrpg,Backdrop/bg014.png,.png,23756,1771555297,original-rpg
funnyguyrpg,Backdrop/bg018.png,.png,20653,1771555297,original-rpg
funnyguyrpg,Backdrop/bridge.png,.png,48479,1771555297,original-rpg
funnyguyrpg,Backdrop/desert.png,.png,65935,1771555297,original-rpg
funnyguyrpg,Backdrop/dungeon1.png,.png,46288,1771555297,original-rpg
funnyguyrpg,Backdrop/dungeon2.png,.png,44799,1771555297,original-rpg
funnyguyrpg,Backdrop/dungeon5.png,.png,50600,1771555297,original-rpg
funnyguyrpg,Backdrop/dungeon6.png,.png,52644,1771555297,original-rpg
funnyguyrpg,Backdrop/forest1.png,.png,44076,1771555297,original-rpg
funnyguyrpg,Backdrop/forest2.png,.png,52389,1771555297,original-rpg
funnyguyrpg,Backdrop/lunar006.png,.png,37994,1771555297,original-rpg
funnyguyrpg,Backdrop/lunar011.png,.png,34764,1771555297,original-rpg
funnyguyrpg,Backdrop/lunar068.png,.png,28954,1771555297,original-rpg
funnyguyrpg,Backdrop/lunar4.png,.png,36374,1771555297,original-rpg
funnyguyrpg,Backdrop/lunarJ.png,.png,39695,1771555297,original-rpg
funnyguyrpg,Backdrop/lunarM.png,.png,39120,1771555297,original-rpg
funnyguyrpg,Backdrop/lunarO.png,.png,38288,1771555297,original-rpg
funnyguyrpg,Backdrop/lunarQ.png,.png,38215,1771555297,original-rpg
funnyguyrpg,Backdrop/lunarS.png,.png,35490,1771555297,original-rpg
funnyguyrpg,Backdrop/mountain.png,.png,49753,1771555297,original-rpg
funnyguyrpg,Backdrop/odd6.png,.png,39257,1771555297,original-rpg
funnyguyrpg,Backdrop/room3.png,.png,32815,1771555297,original-rpg
funnyguyrpg,Backdrop/ruins2.png,.png,63367,1771555297,original-rpg
funnyguyrpg,Backdrop/sky.png,.png,38265,1771555297,original-rpg
funnyguyrpg,Backdrop/wasteland.png,.png,40288,1771555297,original-rpg
funnyguyrpg,Battle/1521.png,.png,12317,1771555297,original-rpg
funnyguyrpg,Battle/Cross1.png,.png,6366,1771555297,original-rpg
funnyguyrpg,Battle/Cross2.png,.png,28206,1771555297,original-rpg
funnyguyrpg,Battle/Cross3.png,.png,6295,1771555297,original-rpg
funnyguyrpg,Battle/Cross4.png,.png,12605,1771555297,original-rpg
funnyguyrpg,Battle/DH-FireMagic.png,.png,10441,1771555297,stock-rpgmaker
funnyguyrpg,Battle/DH-IceBoltCureNoneMagic.png,.png,10327,1771555297,stock-rpgmaker
funnyguyrpg,Battle/DH-MegaCross.png,.png,6826,1771555297,stock-rpgmaker
funnyguyrpg,Battle/DH-Support2.png,.png,3613,1771555297,stock-rpgmaker
funnyguyrpg,Battle/DH-SupportMagic.png,.png,8871,1771555297,stock-rpgmaker
funnyguyrpg,Battle/Death.png,.png,19218,1771555297,original-rpg
funnyguyrpg,Battle/E-M%20Pulse.png,.png,7761,1771555297,original-rpg
funnyguyrpg,Battle/Flare.png,.png,49441,1771555297,original-rpg
funnyguyrpg,Battle/Meteor.png,.png,11368,1771555297,original-rpg
funnyguyrpg,Battle/Power%20Geyser.png,.png,18615,1771555297,original-rpg
funnyguyrpg,Battle/Sword hit.png,.png,1755,1771555297,original-rpg
funnyguyrpg,Battle/Ultima.png,.png,22584,1771555297,original-rpg
funnyguyrpg,Battle/absorb1.png,.png,5539,1771555297,original-rpg
funnyguyrpg,Battle/absorb2.png,.png,1989,1771555297,original-rpg
funnyguyrpg,Battle/attack.png,.png,4336,1771555297,original-rpg
funnyguyrpg,Battle/axe1.png,.png,4869,1771555297,original-rpg
funnyguyrpg,Battle/blue_flame.png,.png,25622,1771555297,original-rpg
funnyguyrpg,Battle/breath1.png,.png,8559,1771555297,original-rpg
funnyguyrpg,Battle/claw1.png,.png,4863,1771555297,original-rpg
funnyguyrpg,Battle/claw2.png,.png,2455,1771555297,original-rpg
funnyguyrpg,Battle/cure1.png,.png,4727,1771555297,original-rpg
funnyguyrpg,Battle/dark1.png,.png,16845,1771555297,original-rpg
funnyguyrpg,Battle/earth1.png,.png,7222,1771555297,original-rpg
funnyguyrpg,Battle/explode1.png,.png,11391,1771555297,original-rpg
funnyguyrpg,Battle/explode2.png,.png,7082,1771555297,original-rpg
funnyguyrpg,Battle/firaga.png,.png,15288,1771555297,original-rpg
funnyguyrpg,Battle/fire1.png,.png,17316,1771555297,original-rpg
funnyguyrpg,Battle/fire2.png,.png,8049,1771555297,original-rpg
funnyguyrpg,Battle/fire3.png,.png,12861,1771555297,original-rpg
funnyguyrpg,Battle/fireworks.png,.png,20368,1771555297,original-rpg
funnyguyrpg,Battle/hadoken.png,.png,16005,1771555297,original-rpg
funnyguyrpg,Battle/healing1.png,.png,5691,1771555297,original-rpg
funnyguyrpg,Battle/healing2.png,.png,2007,1771555297,original-rpg
funnyguyrpg,Battle/holy1.png,.png,4929,1771555297,original-rpg
funnyguyrpg,Battle/holy2.png,.png,3585,1771555297,original-rpg
funnyguyrpg,Battle/ice2.png,.png,7111,1771555297,original-rpg
funnyguyrpg,Battle/lightray.png,.png,4582,1771555297,original-rpg
funnyguyrpg,Battle/misc1.png,.png,15788,1771555297,original-rpg
funnyguyrpg,Battle/misc2.png,.png,5218,1771555297,original-rpg
funnyguyrpg,Battle/misc3.png,.png,11554,1771555297,original-rpg
funnyguyrpg,Battle/paralyze1.png,.png,8972,1771555297,original-rpg
funnyguyrpg,Battle/reflect.png,.png,33553,1771555297,original-rpg
funnyguyrpg,Battle/revive1.png,.png,5749,1771555297,original-rpg
funnyguyrpg,Battle/shadowstrike.png,.png,13198,1771555297,original-rpg
funnyguyrpg,Battle/spear1.png,.png,6101,1771555297,original-rpg
funnyguyrpg,Battle/strike.png,.png,8269,1771555297,original-rpg
funnyguyrpg,Battle/sword1.png,.png,5242,1771555297,original-rpg
funnyguyrpg,Battle/td-ice02.png,.png,10211,1771555297,original-rpg
funnyguyrpg,Battle/water1.png,.png,17370,1771555297,original-rpg
funnyguyrpg,Battle/whip1.png,.png,5575,1771555297,original-rpg
funnyguyrpg,Battle/wind1.png,.png,8547,1771555297,original-rpg
funnyguyrpg,Battle/wind2.png,.png,2412,1771555297,original-rpg
funnyguyrpg,BattleCharSet/FG.png,.png,4254,1771555297,original-rpg
funnyguyrpg,BattleCharSet/FG2.png,.png,5052,1771555297,original-rpg
funnyguyrpg,BattleCharSet/JUNIOR.png,.png,5519,1771555297,original-rpg
funnyguyrpg,BattleCharSet/JUNIOR2.png,.png,4346,1771555297,original-rpg
funnyguyrpg,BattleCharSet/OLYMP.png,.png,5916,1771555297,original-rpg
funnyguyrpg,BattleCharSet/OLYMP2.png,.png,4825,1771555297,original-rpg
funnyguyrpg,BattleCharSet/SHARP.png,.png,6497,1771555297,original-rpg
funnyguyrpg,BattleCharSet/SHARP2.png,.png,4908,1771555297,original-rpg
funnyguyrpg,BattleCharSet/TARGET.png,.png,5561,1771555297,original-rpg
funnyguyrpg,BattleCharSet/TARGET2.png,.png,4894,1771555297,original-rpg
funnyguyrpg,BattleCharSet/TIMET.png,.png,7573,1771555297,original-rpg
funnyguyrpg,BattleCharSet/TIMET2.png,.png,4813,1771555297,original-rpg
funnyguyrpg,BattleWeapon/INVISABLE.png,.png,3339,1771555297,original-rpg
funnyguyrpg,CharSet/Chest2.png,.png,3804,1771555297,original-rpg
funnyguyrpg,CharSet/Chests.png,.png,4330,1771555297,original-rpg
funnyguyrpg,CharSet/DH-Animals.png,.png,9272,1771555297,stock-rpgmaker
funnyguyrpg,CharSet/DH-BarPatrons.png,.png,10789,1771555297,stock-rpgmaker
funnyguyrpg,CharSet/DH-Demons.png,.png,13265,1771555297,stock-rpgmaker
funnyguyrpg,CharSet/DH-Effects.png,.png,12014,1771555297,stock-rpgmaker
funnyguyrpg,CharSet/DH-Encounters.png,.png,14467,1771555297,stock-rpgmaker
funnyguyrpg,CharSet/DH-HighMages.png,.png,18733,1771555297,stock-rpgmaker
funnyguyrpg,CharSet/DH-Kids.png,.png,12941,1771555297,stock-rpgmaker
funnyguyrpg,CharSet/DH-Misc.png,.png,13742,1771555297,stock-rpgmaker
funnyguyrpg,CharSet/DH-Objects.png,.png,9023,1771555297,stock-rpgmaker
funnyguyrpg,CharSet/DH-Objects2.png,.png,20509,1771555297,stock-rpgmaker
funnyguyrpg,CharSet/DH-Oracles&deathknights.png,.png,15302,1771555297,stock-rpgmaker
funnyguyrpg,CharSet/DH-Royalty.png,.png,14188,1771555297,stock-rpgmaker
funnyguyrpg,CharSet/DH-Thieves.png,.png,12641,1771555297,stock-rpgmaker
funnyguyrpg,CharSet/DH-VillagerPoses.png,.png,10788,1771555297,stock-rpgmaker
funnyguyrpg,CharSet/DH-Villagers1.png,.png,15086,1771555297,stock-rpgmaker
funnyguyrpg,CharSet/DH-Villagers2.png,.png,14530,1771555297,stock-rpgmaker
funnyguyrpg,CharSet/DH-Villagers3.png,.png,15521,1771555297,stock-rpgmaker
funnyguyrpg,CharSet/DH-Warriors.png,.png,14862,1771555297,stock-rpgmaker
funnyguyrpg,CharSet/FG-GrayCharas.png,.png,22759,1771555297,canonical
funnyguyrpg,CharSet/FX-Air-Clothesline-01.png,.png,1632,1771555297,stock-rpgmaker
funnyguyrpg,CharSet/FX-Door-04.png,.png,2537,1771555297,stock-rpgmaker
funnyguyrpg,CharSet/FX-Magic-Glow-04.png,.png,1718,1771555297,stock-rpgmaker
funnyguyrpg,CharSet/FX-Portal-02.png,.png,1311,1771555297,stock-rpgmaker
funnyguyrpg,CharSet/FX-Portal-04.png,.png,1894,1771555297,stock-rpgmaker
funnyguyrpg,CharSet/FX-Sparkle-12.png,.png,1969,1771555297,stock-rpgmaker
funnyguyrpg,CharSet/FX-Sparkle-13.png,.png,1623,1771555297,stock-rpgmaker
funnyguyrpg,CharSet/Monster-Dragon-Black-01.png,.png,2681,1771555297,original-rpg
funnyguyrpg,CharSet/Monster-Golem-Iron-02.png,.png,2061,1771555297,original-rpg
funnyguyrpg,CharSet/armor.png,.png,11643,1771555297,original-rpg
funnyguyrpg,CharSet/char1.png,.png,10655,1771555297,original-rpg
funnyguyrpg,CharSet/char2.png,.png,10799,1771555297,original-rpg
funnyguyrpg,CharSet/char3.png,.png,11389,1771555297,original-rpg
funnyguyrpg,CharSet/char4.png,.png,10568,1771555297,original-rpg
funnyguyrpg,CharSet/char5.png,.png,10644,1771555297,original-rpg
funnyguyrpg,CharSet/doors08.png,.png,5045,1771555297,original-rpg
funnyguyrpg,CharSet/doors11.png,.png,4703,1771555297,original-rpg
funnyguyrpg,CharSet/eskimo.png,.png,5121,1771555297,original-rpg
funnyguyrpg,CharSet/fg2.png,.png,6601,1771555297,canonical
funnyguyrpg,CharSet/future.png,.png,8202,1771555297,original-rpg
funnyguyrpg,CharSet/ghettomario.png,.png,3377,1771555297,original-rpg
funnyguyrpg,CharSet/hero1.png,.png,12012,1771555297,original-rpg
funnyguyrpg,CharSet/modern2.png,.png,10906,1771555297,original-rpg
funnyguyrpg,CharSet/monster2.png,.png,16400,1771555297,original-rpg
funnyguyrpg,CharSet/object1.png,.png,5821,1771555297,original-rpg
funnyguyrpg,CharSet/object2.png,.png,5394,1771555297,original-rpg
funnyguyrpg,CharSet/other_fg.png,.png,3917,1771555297,original-rpg
funnyguyrpg,CharSet/other_fg2.PNG,.png,4354,1771555297,original-rpg
funnyguyrpg,CharSet/various_FG.png,.png,9626,1771555297,original-rpg
funnyguyrpg,CharSet/vehicle.png,.png,11200,1771555297,original-rpg
funnyguyrpg,CharSet/weapons.png,.png,6847,1771555297,original-rpg
funnyguyrpg,CharSet/wwf.png,.png,11804,1771555297,original-rpg
funnyguyrpg,ChipSet/Ancient.png,.png,35289,1771555297,original-rpg
funnyguyrpg,ChipSet/Casino.png,.png,29294,1771555297,original-rpg
funnyguyrpg,ChipSet/DH-Camp.png,.png,60459,1771555297,stock-rpgmaker
funnyguyrpg,ChipSet/DH-Castle&Fort.png,.png,38420,1771555297,stock-rpgmaker
funnyguyrpg,ChipSet/DH-CastleInner.png,.png,33259,1771555297,stock-rpgmaker
funnyguyrpg,ChipSet/DH-Caverns.png,.png,28679,1771555297,stock-rpgmaker
funnyguyrpg,ChipSet/DH-CentralMarket.png,.png,51515,1771555297,stock-rpgmaker
funnyguyrpg,ChipSet/DH-InnerShops.png,.png,48352,1771555297,stock-rpgmaker
funnyguyrpg,ChipSet/DH-Library.png,.png,28447,1771555297,stock-rpgmaker
funnyguyrpg,ChipSet/DH-MenuMapSystem2.png,.png,10970,1771555297,stock-rpgmaker
funnyguyrpg,ChipSet/DH-RuinedVillage.png,.png,54119,1771555297,stock-rpgmaker
funnyguyrpg,ChipSet/DH-Templeofholies.png,.png,30654,1771555297,stock-rpgmaker
funnyguyrpg,ChipSet/DH-Vekasoul'sBlackTower.png,.png,18771,1771555297,stock-rpgmaker
funnyguyrpg,ChipSet/DH-Vivica.png,.png,30537,1771555297,stock-rpgmaker
funnyguyrpg,ChipSet/DesertVillage.png,.png,39999,1771555297,original-rpg
funnyguyrpg,ChipSet/FG-Humortopica.png,.png,36276,1771555297,original-rpg
funnyguyrpg,ChipSet/FG-InnerShops_GRAY.png,.png,57739,1771555297,original-rpg
funnyguyrpg,ChipSet/RudoraInside.png,.png,24874,1771555297,original-rpg
funnyguyrpg,ChipSet/RudraForest.png,.png,36903,1771555297,original-rpg
funnyguyrpg,ChipSet/WildArms_dungeon2.png,.png,20728,1771555297,original-rpg
funnyguyrpg,ChipSet/Wilderness-Swamp-01.png,.png,40100,1771555297,original-rpg
funnyguyrpg,ChipSet/add-on_5.png,.png,31121,1771555297,original-rpg
funnyguyrpg,ChipSet/building.png,.png,45171,1771555297,original-rpg
funnyguyrpg,ChipSet/castle01_d.png,.png,26281,1771555297,original-rpg
funnyguyrpg,ChipSet/chipset3.png,.png,30546,1771555297,original-rpg
funnyguyrpg,ChipSet/chipset6b.png,.png,38231,1771555297,original-rpg
funnyguyrpg,ChipSet/chipset9.png,.png,28302,1771555297,original-rpg
funnyguyrpg,ChipSet/darktown.png,.png,41771,1771555297,original-rpg
funnyguyrpg,ChipSet/desert.png,.png,98608,1771555297,original-rpg
funnyguyrpg,ChipSet/dungeon.png,.png,41846,1771555297,original-rpg
funnyguyrpg,ChipSet/dungeonF.png,.png,34544,1771555297,original-rpg
funnyguyrpg,ChipSet/futureship.png,.png,63544,1771555297,original-rpg
funnyguyrpg,ChipSet/main.png,.png,35006,1771555297,original-rpg
funnyguyrpg,ChipSet/ship.png,.png,30404,1771555297,original-rpg
funnyguyrpg,ChipSet/town.png,.png,43639,1771555297,original-rpg
funnyguyrpg,FaceSet/fgs.png,.png,3807,1771555297,canonical
funnyguyrpg,GameOver/gameover.png,.png,27367,1771555297,original-rpg
funnyguyrpg,Monster/Barbetta.png,.png,1451,1771555297,original-rpg
funnyguyrpg,Monster/Barney.png,.png,3982,1771555297,original-rpg
funnyguyrpg,Monster/Boss_GuardianGaist_05.png,.png,6445,1771555297,original-rpg
funnyguyrpg,Monster/Crystal Dragon2.png,.png,3125,1771555297,original-rpg
funnyguyrpg,Monster/Deep Eyes.png,.png,1353,1771555297,original-rpg
funnyguyrpg,Monster/Enemy-FatDemon.png,.png,1770,1771555297,original-rpg
funnyguyrpg,Monster/FF2Cokatrc(UltimateMaxim).png,.png,1523,1771555297,original-rpg
funnyguyrpg,Monster/FF2D.Flower(UltimateMaxim).png,.png,2052,1771555297,original-rpg
funnyguyrpg,Monster/FF2Deadhead(UltimateMaxim).png,.png,1477,1771555297,original-rpg
funnyguyrpg,Monster/FF2Gianttoad(UltimateMaxim).png,.png,1885,1771555297,original-rpg
funnyguyrpg,Monster/FF2Goblin(UltimateMaxim).png,.png,1485,1771555297,original-rpg
funnyguyrpg,Monster/FF2Hellgigas(UltimateMaxim).png,.png,2674,1771555297,original-rpg
funnyguyrpg,Monster/FF2Jelly(UltimateMaxim).png,.png,1597,1771555297,original-rpg
funnyguyrpg,Monster/FF2Lamia(UltimateMaxim).png,.png,2084,1771555297,original-rpg
funnyguyrpg,Monster/FF2Legeater(UltimateMaxim).png,.png,1569,1771555297,original-rpg
funnyguyrpg,Monster/FF2R.Dragon(UltimateMaxim).png,.png,3624,1771555297,original-rpg
funnyguyrpg,Monster/FF2Stunner(UltimateMaxim).png,.png,1458,1771555297,original-rpg
funnyguyrpg,Monster/FF2Woodgolem(UltimateMaxim).png,.png,2990,1771555297,original-rpg
funnyguyrpg,Monster/Giant Rudra.png,.png,3297,1771555297,original-rpg
funnyguyrpg,Monster/IronGiant.png,.png,3186,1771555297,original-rpg
funnyguyrpg,Monster/KOVEN.png,.png,998,1771555297,original-rpg
funnyguyrpg,Monster/Kendra.png,.png,1551,1771555297,original-rpg
funnyguyrpg,Monster/Lord_Devil_Demon (21).PNG,.png,1757,1771555297,original-rpg
funnyguyrpg,Monster/Lord_Devil_Demon (34).PNG,.png,664,1771555297,original-rpg
funnyguyrpg,Monster/Lord_Devil_Demon (69).PNG,.png,2156,1771555297,original-rpg
funnyguyrpg,Monster/MINI-MI.png,.png,976,1771555297,original-rpg
funnyguyrpg,Monster/MREVIL.png,.png,1060,1771555297,original-rpg
funnyguyrpg,Monster/MRIT.png,.png,1020,1771555297,original-rpg
funnyguyrpg,Monster/Neo Exdeath.png,.png,9292,1771555297,original-rpg
funnyguyrpg,Monster/PlantwithoutPipin.png,.png,2223,1771555297,original-rpg
funnyguyrpg,Monster/Pyros.png,.png,1716,1771555297,original-rpg
funnyguyrpg,Monster/REPAIRMAN.png,.png,1031,1771555297,original-rpg
funnyguyrpg,Monster/Red Dragon.png,.png,1666,1771555297,original-rpg
funnyguyrpg,Monster/RuinsGuard.png,.png,6395,1771555297,original-rpg
funnyguyrpg,Monster/SERIOUSMAN.png,.png,1081,1771555297,original-rpg
funnyguyrpg,Monster/Sahagin Prince.png,.png,1185,1771555297,original-rpg
funnyguyrpg,Monster/Sea Naga.png,.png,1639,1771555297,original-rpg
funnyguyrpg,Monster/Skeleton.png,.png,1190,1771555297,original-rpg
funnyguyrpg,Monster/Statue.png,.png,1372,1771555297,original-rpg
funnyguyrpg,Monster/Troll.png,.png,1155,1771555297,original-rpg
funnyguyrpg,Monster/Turantula.png,.png,1206,1771555297,original-rpg
funnyguyrpg,Monster/Worm.png,.png,1651,1771555297,original-rpg
funnyguyrpg,Monster/atmaweapon.png,.png,4283,1771555297,original-rpg
funnyguyrpg,Monster/behemoth.png,.png,10026,1771555297,original-rpg
funnyguyrpg,Monster/bit.png,.png,1134,1771555297,original-rpg
funnyguyrpg,Monster/doom.png,.png,4111,1771555297,original-rpg
funnyguyrpg,Monster/dueller.png,.png,1343,1771555297,original-rpg
funnyguyrpg,Monster/fenrir.png,.png,2547,1771555297,original-rpg
funnyguyrpg,Monster/gargoyle.png,.png,1349,1771555297,original-rpg
funnyguyrpg,Monster/ghost.png,.png,1164,1771555297,original-rpg
funnyguyrpg,Monster/graydemon01.png,.png,13091,1771555297,original-rpg
funnyguyrpg,Monster/inferno.png,.png,2588,1771555297,original-rpg
funnyguyrpg,Monster/lethalwpn.png,.png,1668,1771555297,original-rpg
funnyguyrpg,Monster/leviathan.png,.png,6055,1771555297,original-rpg
funnyguyrpg,Monster/lich.png,.png,3699,1771555297,original-rpg
funnyguyrpg,Monster/midgard-serp.png,.png,9657,1771555297,original-rpg
funnyguyrpg,Monster/muck.png,.png,1219,1771555297,original-rpg
funnyguyrpg,Monster/mudgolem.png,.png,1739,1771555297,original-rpg
funnyguyrpg,Monster/odin.png,.png,5499,1771555297,original-rpg
funnyguyrpg,Monster/ogre.png,.png,3989,1771555297,original-rpg
funnyguyrpg,Monster/osteosaur.png,.png,2443,1771555297,original-rpg
funnyguyrpg,Monster/redsparrow.png,.png,7718,1771555297,original-rpg
funnyguyrpg,Monster/seatroll.png,.png,1502,1771555297,original-rpg
funnyguyrpg,Monster/shadow.png,.png,2131,1771555297,original-rpg
funnyguyrpg,Monster/spforces.png,.png,1032,1771555297,original-rpg
funnyguyrpg,Monster/spirit.png,.png,2051,1771555297,original-rpg
funnyguyrpg,Monster/treant.png,.png,4446,1771555297,original-rpg
funnyguyrpg,Panorama/Forest Pan.png,.png,4135,1771555297,original-rpg
funnyguyrpg,Panorama/forestmountain.png,.png,8341,1771555297,original-rpg
funnyguyrpg,Panorama/planet1.png,.png,20459,1771555297,original-rpg
funnyguyrpg,Panorama/sky1.png,.png,31209,1771555297,original-rpg
funnyguyrpg,Panorama/space.png,.png,106425,1771555297,original-rpg
funnyguyrpg,Picture/credits.png,.png,7651,1771555297,original-rpg
funnyguyrpg,Picture/credits1.png,.png,1805,1771555297,original-rpg
funnyguyrpg,Picture/credits2.png,.png,2117,1771555297,original-rpg
funnyguyrpg,Picture/credits3.png,.png,1615,1771555297,original-rpg
funnyguyrpg,Picture/credits4.png,.png,1692,1771555297,original-rpg
funnyguyrpg,Picture/credits5.png,.png,2018,1771555297,original-rpg
funnyguyrpg,Picture/credits6.png,.png,3177,1771555297,original-rpg
funnyguyrpg,Picture/credits7.png,.png,1983,1771555297,original-rpg
funnyguyrpg,Picture/credits8.png,.png,1465,1771555297,original-rpg
funnyguyrpg,Picture/credits9.png,.png,1876,1771555297,original-rpg
funnyguyrpg,Picture/theend.png,.png,1647,1771555297,original-rpg
funnyguyrpg,System/fg_system.png,.png,5716,1771555297,original-rpg
funnyguyrpg,System/system4.png,.png,2352,1771555297,original-rpg
funnyguyrpg,System2/DH-BSSYSTEM.png,.png,1364,1771555297,stock-rpgmaker
funnyguyrpg,System2/FG-Battlesystem.png,.png,4320,1771555297,original-rpg
funnyguyrpg,Title/FGRPG Title Screen.png,.png,43084,1771555297,original-rpg
funnyguyrpg,game/Backdrop/bg001.png,.png,33825,1776196089,original-rpg
funnyguyrpg,game/Backdrop/bg014.png,.png,23756,1776196089,original-rpg
funnyguyrpg,game/Backdrop/bg018.png,.png,20653,1776196089,original-rpg
funnyguyrpg,game/Backdrop/bridge.png,.png,48479,1776196089,original-rpg
funnyguyrpg,game/Backdrop/desert.png,.png,65935,1776196089,original-rpg
funnyguyrpg,game/Backdrop/dungeon1.png,.png,46288,1776196089,original-rpg
funnyguyrpg,game/Backdrop/dungeon2.png,.png,44799,1776196089,original-rpg
funnyguyrpg,game/Backdrop/dungeon5.png,.png,50600,1776196089,original-rpg
funnyguyrpg,game/Backdrop/dungeon6.png,.png,52644,1776196089,original-rpg
funnyguyrpg,game/Backdrop/forest1.png,.png,44076,1776196089,original-rpg
funnyguyrpg,game/Backdrop/forest2.png,.png,52389,1776196089,original-rpg
funnyguyrpg,game/Backdrop/lunar006.png,.png,37994,1776196089,original-rpg
funnyguyrpg,game/Backdrop/lunar011.png,.png,34764,1776196089,original-rpg
funnyguyrpg,game/Backdrop/lunar068.png,.png,28954,1776196089,original-rpg
funnyguyrpg,game/Backdrop/lunar4.png,.png,36374,1776196089,original-rpg
funnyguyrpg,game/Backdrop/lunarJ.png,.png,39695,1776196089,original-rpg
funnyguyrpg,game/Backdrop/lunarM.png,.png,39120,1776196089,original-rpg
funnyguyrpg,game/Backdrop/lunarO.png,.png,38288,1776196089,original-rpg
funnyguyrpg,game/Backdrop/lunarQ.png,.png,38215,1776196089,original-rpg
funnyguyrpg,game/Backdrop/lunarS.png,.png,35490,1776196089,original-rpg
funnyguyrpg,game/Backdrop/mountain.png,.png,49753,1776196089,original-rpg
funnyguyrpg,game/Backdrop/odd6.png,.png,39257,1776196089,original-rpg
funnyguyrpg,game/Backdrop/room3.png,.png,32815,1776196089,original-rpg
funnyguyrpg,game/Backdrop/ruins2.png,.png,63367,1776196089,original-rpg
funnyguyrpg,game/Backdrop/sky.png,.png,38265,1776196089,original-rpg
funnyguyrpg,game/Backdrop/wasteland.png,.png,40288,1776196089,original-rpg
funnyguyrpg,game/Battle/1521.png,.png,12317,1776196089,original-rpg
funnyguyrpg,game/Battle/Cross1.png,.png,6366,1776196089,original-rpg
funnyguyrpg,game/Battle/Cross2.png,.png,28206,1776196089,original-rpg
funnyguyrpg,game/Battle/Cross3.png,.png,6295,1776196089,original-rpg
funnyguyrpg,game/Battle/Cross4.png,.png,12605,1776196089,original-rpg
funnyguyrpg,game/Battle/DH-FireMagic.png,.png,10441,1776196089,stock-rpgmaker
funnyguyrpg,game/Battle/DH-IceBoltCureNoneMagic.png,.png,10327,1776196089,stock-rpgmaker
funnyguyrpg,game/Battle/DH-MegaCross.png,.png,6826,1776196089,stock-rpgmaker
funnyguyrpg,game/Battle/DH-Support2.png,.png,3613,1776196089,stock-rpgmaker
funnyguyrpg,game/Battle/DH-SupportMagic.png,.png,8871,1776196089,stock-rpgmaker
funnyguyrpg,game/Battle/Death.png,.png,19218,1776196089,original-rpg
funnyguyrpg,game/Battle/E-M%20Pulse.png,.png,7761,1776196089,original-rpg
funnyguyrpg,game/Battle/Flare.png,.png,49441,1776196089,original-rpg
funnyguyrpg,game/Battle/Meteor.png,.png,11368,1776196089,original-rpg
funnyguyrpg,game/Battle/Power%20Geyser.png,.png,18615,1776196089,original-rpg
funnyguyrpg,game/Battle/Sword hit.png,.png,1755,1776196089,original-rpg
funnyguyrpg,game/Battle/Ultima.png,.png,22584,1776196089,original-rpg
funnyguyrpg,game/Battle/absorb1.png,.png,5539,1776196089,original-rpg
funnyguyrpg,game/Battle/absorb2.png,.png,1989,1776196089,original-rpg
funnyguyrpg,game/Battle/attack.png,.png,4336,1776196089,original-rpg
funnyguyrpg,game/Battle/axe1.png,.png,4869,1776196089,original-rpg
funnyguyrpg,game/Battle/blue_flame.png,.png,25622,1776196089,original-rpg
funnyguyrpg,game/Battle/breath1.png,.png,8559,1776196089,original-rpg
funnyguyrpg,game/Battle/claw1.png,.png,4863,1776196089,original-rpg
funnyguyrpg,game/Battle/claw2.png,.png,2455,1776196089,original-rpg
funnyguyrpg,game/Battle/cure1.png,.png,4727,1776196089,original-rpg
funnyguyrpg,game/Battle/dark1.png,.png,16845,1776196089,original-rpg
funnyguyrpg,game/Battle/earth1.png,.png,7222,1776196089,original-rpg
funnyguyrpg,game/Battle/explode1.png,.png,11391,1776196089,original-rpg
funnyguyrpg,game/Battle/explode2.png,.png,7082,1776196089,original-rpg
funnyguyrpg,game/Battle/firaga.png,.png,15288,1776196089,original-rpg
funnyguyrpg,game/Battle/fire1.png,.png,17316,1776196089,original-rpg
funnyguyrpg,game/Battle/fire2.png,.png,8049,1776196089,original-rpg
funnyguyrpg,game/Battle/fire3.png,.png,12861,1776196089,original-rpg
funnyguyrpg,game/Battle/fireworks.png,.png,20368,1776196089,original-rpg
funnyguyrpg,game/Battle/hadoken.png,.png,16005,1776196089,original-rpg
funnyguyrpg,game/Battle/healing1.png,.png,5691,1776196089,original-rpg
funnyguyrpg,game/Battle/healing2.png,.png,2007,1776196089,original-rpg
funnyguyrpg,game/Battle/holy1.png,.png,4929,1776196089,original-rpg
funnyguyrpg,game/Battle/holy2.png,.png,3585,1776196089,original-rpg
funnyguyrpg,game/Battle/ice2.png,.png,7111,1776196089,original-rpg
funnyguyrpg,game/Battle/lightray.png,.png,4582,1776196089,original-rpg
funnyguyrpg,game/Battle/misc1.png,.png,15788,1776196089,original-rpg
funnyguyrpg,game/Battle/misc2.png,.png,5218,1776196089,original-rpg
funnyguyrpg,game/Battle/misc3.png,.png,11554,1776196089,original-rpg
funnyguyrpg,game/Battle/paralyze1.png,.png,8972,1776196089,original-rpg
funnyguyrpg,game/Battle/reflect.png,.png,33553,1776196089,original-rpg
funnyguyrpg,game/Battle/revive1.png,.png,5749,1776196089,original-rpg
funnyguyrpg,game/Battle/shadowstrike.png,.png,13198,1776196089,original-rpg
funnyguyrpg,game/Battle/spear1.png,.png,6101,1776196089,original-rpg
funnyguyrpg,game/Battle/strike.png,.png,8269,1776196089,original-rpg
funnyguyrpg,game/Battle/sword1.png,.png,5242,1776196089,original-rpg
funnyguyrpg,game/Battle/td-ice02.png,.png,10211,1776196089,original-rpg
funnyguyrpg,game/Battle/water1.png,.png,17370,1776196089,original-rpg
funnyguyrpg,game/Battle/whip1.png,.png,5575,1776196089,original-rpg
funnyguyrpg,game/Battle/wind1.png,.png,8547,1776196089,original-rpg
funnyguyrpg,game/Battle/wind2.png,.png,2412,1776196089,original-rpg
funnyguyrpg,game/BattleCharSet/FG.png,.png,4254,1776196089,original-rpg
funnyguyrpg,game/BattleCharSet/FG2.png,.png,5052,1776196089,original-rpg
funnyguyrpg,game/BattleCharSet/JUNIOR.png,.png,5519,1776196089,original-rpg
funnyguyrpg,game/BattleCharSet/JUNIOR2.png,.png,4346,1776196089,original-rpg
funnyguyrpg,game/BattleCharSet/OLYMP.png,.png,5916,1776196089,original-rpg
funnyguyrpg,game/BattleCharSet/OLYMP2.png,.png,4825,1776196089,original-rpg
funnyguyrpg,game/BattleCharSet/SHARP.png,.png,6497,1776196089,original-rpg
funnyguyrpg,game/BattleCharSet/SHARP2.png,.png,4908,1776196089,original-rpg
funnyguyrpg,game/BattleCharSet/TARGET.png,.png,5561,1776196089,original-rpg
funnyguyrpg,game/BattleCharSet/TARGET2.png,.png,4894,1776196089,original-rpg
funnyguyrpg,game/BattleCharSet/TIMET.png,.png,7573,1776196089,original-rpg
funnyguyrpg,game/BattleCharSet/TIMET2.png,.png,4813,1776196089,original-rpg
funnyguyrpg,game/BattleWeapon/INVISABLE.png,.png,3339,1776196089,original-rpg
funnyguyrpg,game/CharSet/Chest2.png,.png,3804,1776196089,original-rpg
funnyguyrpg,game/CharSet/Chests.png,.png,4330,1776196089,original-rpg
funnyguyrpg,game/CharSet/DH-Animals.png,.png,9272,1776196089,stock-rpgmaker
funnyguyrpg,game/CharSet/DH-BarPatrons.png,.png,10789,1776196089,stock-rpgmaker
funnyguyrpg,game/CharSet/DH-Demons.png,.png,13265,1776196089,stock-rpgmaker
funnyguyrpg,game/CharSet/DH-Effects.png,.png,12014,1776196089,stock-rpgmaker
funnyguyrpg,game/CharSet/DH-Encounters.png,.png,14467,1776196089,stock-rpgmaker
funnyguyrpg,game/CharSet/DH-HighMages.png,.png,18733,1776196089,stock-rpgmaker
funnyguyrpg,game/CharSet/DH-Kids.png,.png,12941,1776196089,stock-rpgmaker
funnyguyrpg,game/CharSet/DH-Misc.png,.png,13742,1776196089,stock-rpgmaker
funnyguyrpg,game/CharSet/DH-Objects.png,.png,9023,1776196089,stock-rpgmaker
funnyguyrpg,game/CharSet/DH-Objects2.png,.png,20509,1776196089,stock-rpgmaker
funnyguyrpg,game/CharSet/DH-Oracles&deathknights.png,.png,15302,1776196089,stock-rpgmaker
funnyguyrpg,game/CharSet/DH-Royalty.png,.png,14188,1776196089,stock-rpgmaker
funnyguyrpg,game/CharSet/DH-Thieves.png,.png,12641,1776196089,stock-rpgmaker
funnyguyrpg,game/CharSet/DH-VillagerPoses.png,.png,10788,1776196089,stock-rpgmaker
funnyguyrpg,game/CharSet/DH-Villagers1.png,.png,15086,1776196089,stock-rpgmaker
funnyguyrpg,game/CharSet/DH-Villagers2.png,.png,14530,1776196089,stock-rpgmaker
funnyguyrpg,game/CharSet/DH-Villagers3.png,.png,15521,1776196089,stock-rpgmaker
funnyguyrpg,game/CharSet/DH-Warriors.png,.png,14862,1776196089,stock-rpgmaker
funnyguyrpg,game/CharSet/FG-GrayCharas.png,.png,22759,1776196089,original-rpg
funnyguyrpg,game/CharSet/FX-Air-Clothesline-01.png,.png,1632,1776196089,stock-rpgmaker
funnyguyrpg,game/CharSet/FX-Door-04.png,.png,2537,1776196089,stock-rpgmaker
funnyguyrpg,game/CharSet/FX-Magic-Glow-04.png,.png,1718,1776196089,stock-rpgmaker
funnyguyrpg,game/CharSet/FX-Portal-02.png,.png,1311,1776196089,stock-rpgmaker
funnyguyrpg,game/CharSet/FX-Portal-04.png,.png,1894,1776196089,stock-rpgmaker
funnyguyrpg,game/CharSet/FX-Sparkle-12.png,.png,1969,1776196089,stock-rpgmaker
funnyguyrpg,game/CharSet/FX-Sparkle-13.png,.png,1623,1776196089,stock-rpgmaker
funnyguyrpg,game/CharSet/Monster-Dragon-Black-01.png,.png,2681,1776196089,original-rpg
funnyguyrpg,game/CharSet/Monster-Golem-Iron-02.png,.png,2061,1776196089,original-rpg
funnyguyrpg,game/CharSet/armor.png,.png,11643,1776196089,original-rpg
funnyguyrpg,game/CharSet/char1.png,.png,10655,1776196089,original-rpg
funnyguyrpg,game/CharSet/char2.png,.png,10799,1776196089,original-rpg
funnyguyrpg,game/CharSet/char3.png,.png,11389,1776196089,original-rpg
funnyguyrpg,game/CharSet/char4.png,.png,10568,1776196089,original-rpg
funnyguyrpg,game/CharSet/char5.png,.png,10644,1776196089,original-rpg
funnyguyrpg,game/CharSet/doors08.png,.png,5045,1776196089,original-rpg
funnyguyrpg,game/CharSet/doors11.png,.png,4703,1776196089,original-rpg
funnyguyrpg,game/CharSet/eskimo.png,.png,5121,1776196089,original-rpg
funnyguyrpg,game/CharSet/fg2.png,.png,6601,1776196089,original-rpg
funnyguyrpg,game/CharSet/future.png,.png,8202,1776196089,original-rpg
funnyguyrpg,game/CharSet/ghettomario.png,.png,3377,1776196089,original-rpg
funnyguyrpg,game/CharSet/hero1.png,.png,12012,1776196089,original-rpg
funnyguyrpg,game/CharSet/modern2.png,.png,10906,1776196089,original-rpg
funnyguyrpg,game/CharSet/monster2.png,.png,16400,1776196089,original-rpg
funnyguyrpg,game/CharSet/object1.png,.png,5821,1776196089,original-rpg
funnyguyrpg,game/CharSet/object2.png,.png,5394,1776196089,original-rpg
funnyguyrpg,game/CharSet/other_fg.png,.png,3917,1776196089,original-rpg
funnyguyrpg,game/CharSet/other_fg2.PNG,.png,4354,1776196089,original-rpg
funnyguyrpg,game/CharSet/various_FG.png,.png,9626,1776196089,original-rpg
funnyguyrpg,game/CharSet/vehicle.png,.png,11200,1776196089,original-rpg
funnyguyrpg,game/CharSet/weapons.png,.png,6847,1776196089,original-rpg
funnyguyrpg,game/CharSet/wwf.png,.png,11804,1776196089,original-rpg
funnyguyrpg,game/ChipSet/Ancient.png,.png,35289,1776196089,original-rpg
funnyguyrpg,game/ChipSet/Casino.png,.png,29294,1776196089,original-rpg
funnyguyrpg,game/ChipSet/DH-Camp.png,.png,60459,1776196089,stock-rpgmaker
funnyguyrpg,game/ChipSet/DH-Castle&Fort.png,.png,38420,1776196089,stock-rpgmaker
funnyguyrpg,game/ChipSet/DH-CastleInner.png,.png,33259,1776196089,stock-rpgmaker
funnyguyrpg,game/ChipSet/DH-Caverns.png,.png,28679,1776196089,stock-rpgmaker
funnyguyrpg,game/ChipSet/DH-CentralMarket.png,.png,51515,1776196089,stock-rpgmaker
funnyguyrpg,game/ChipSet/DH-InnerShops.png,.png,48352,1776196089,stock-rpgmaker
funnyguyrpg,game/ChipSet/DH-Library.png,.png,28447,1776196089,stock-rpgmaker
funnyguyrpg,game/ChipSet/DH-MenuMapSystem2.png,.png,10970,1776196089,stock-rpgmaker
funnyguyrpg,game/ChipSet/DH-RuinedVillage.png,.png,54119,1776196089,stock-rpgmaker
funnyguyrpg,game/ChipSet/DH-Templeofholies.png,.png,30654,1776196089,stock-rpgmaker
funnyguyrpg,game/ChipSet/DH-Vekasoul'sBlackTower.png,.png,18771,1776196089,stock-rpgmaker
funnyguyrpg,game/ChipSet/DH-Vivica.png,.png,30537,1776196089,stock-rpgmaker
funnyguyrpg,game/ChipSet/DesertVillage.png,.png,39999,1776196089,original-rpg
funnyguyrpg,game/ChipSet/FG-Humortopica.png,.png,36276,1776196089,original-rpg
funnyguyrpg,game/ChipSet/FG-InnerShops_GRAY.png,.png,57739,1776196089,original-rpg
funnyguyrpg,game/ChipSet/RudoraInside.png,.png,24874,1776196089,original-rpg
funnyguyrpg,game/ChipSet/RudraForest.png,.png,36903,1776196089,original-rpg
funnyguyrpg,game/ChipSet/WildArms_dungeon2.png,.png,20728,1776196090,original-rpg
funnyguyrpg,game/ChipSet/Wilderness-Swamp-01.png,.png,40100,1776196090,original-rpg
funnyguyrpg,game/ChipSet/add-on_5.png,.png,31121,1776196090,original-rpg
funnyguyrpg,game/ChipSet/building.png,.png,45171,1776196090,original-rpg
funnyguyrpg,game/ChipSet/castle01_d.png,.png,26281,1776196090,original-rpg
funnyguyrpg,game/ChipSet/chipset3.png,.png,30546,1776196090,original-rpg
funnyguyrpg,game/ChipSet/chipset6b.png,.png,38231,1776196090,original-rpg
funnyguyrpg,game/ChipSet/chipset9.png,.png,28302,1776196090,original-rpg
funnyguyrpg,game/ChipSet/darktown.png,.png,41771,1776196090,original-rpg
funnyguyrpg,game/ChipSet/desert.png,.png,98608,1776196090,original-rpg
funnyguyrpg,game/ChipSet/dungeon.png,.png,41846,1776196090,original-rpg
funnyguyrpg,game/ChipSet/dungeonF.png,.png,34544,1776196090,original-rpg
funnyguyrpg,game/ChipSet/futureship.png,.png,63544,1776196090,original-rpg
funnyguyrpg,game/ChipSet/main.png,.png,35006,1776196090,original-rpg
funnyguyrpg,game/ChipSet/ship.png,.png,30404,1776196090,original-rpg
funnyguyrpg,game/ChipSet/town.png,.png,43639,1776196090,original-rpg
funnyguyrpg,game/FaceSet/fgs.png,.png,3807,1776196090,original-rpg
funnyguyrpg,game/GameOver/gameover.png,.png,27367,1776196090,original-rpg
funnyguyrpg,game/Monster/Barbetta.png,.png,1451,1776196090,original-rpg
funnyguyrpg,game/Monster/Barney.png,.png,3982,1776196090,original-rpg
funnyguyrpg,game/Monster/Boss_GuardianGaist_05.png,.png,6445,1776196090,original-rpg
funnyguyrpg,game/Monster/Crystal Dragon2.png,.png,3125,1776196090,original-rpg
funnyguyrpg,game/Monster/Deep Eyes.png,.png,1353,1776196090,original-rpg
funnyguyrpg,game/Monster/Enemy-FatDemon.png,.png,1770,1776196090,original-rpg
funnyguyrpg,game/Monster/FF2Cokatrc(UltimateMaxim).png,.png,1523,1776196090,original-rpg
funnyguyrpg,game/Monster/FF2D.Flower(UltimateMaxim).png,.png,2052,1776196090,original-rpg
funnyguyrpg,game/Monster/FF2Deadhead(UltimateMaxim).png,.png,1477,1776196090,original-rpg
funnyguyrpg,game/Monster/FF2Gianttoad(UltimateMaxim).png,.png,1885,1776196090,original-rpg
funnyguyrpg,game/Monster/FF2Goblin(UltimateMaxim).png,.png,1485,1776196090,original-rpg
funnyguyrpg,game/Monster/FF2Hellgigas(UltimateMaxim).png,.png,2674,1776196090,original-rpg
funnyguyrpg,game/Monster/FF2Jelly(UltimateMaxim).png,.png,1597,1776196090,original-rpg
funnyguyrpg,game/Monster/FF2Lamia(UltimateMaxim).png,.png,2084,1776196090,original-rpg
funnyguyrpg,game/Monster/FF2Legeater(UltimateMaxim).png,.png,1569,1776196090,original-rpg
funnyguyrpg,game/Monster/FF2R.Dragon(UltimateMaxim).png,.png,3624,1776196090,original-rpg
funnyguyrpg,game/Monster/FF2Stunner(UltimateMaxim).png,.png,1458,1776196090,original-rpg
funnyguyrpg,game/Monster/FF2Woodgolem(UltimateMaxim).png,.png,2990,1776196090,original-rpg
funnyguyrpg,game/Monster/Giant Rudra.png,.png,3297,1776196090,original-rpg
funnyguyrpg,game/Monster/IronGiant.png,.png,3186,1776196090,original-rpg
funnyguyrpg,game/Monster/KOVEN.png,.png,998,1776196090,original-rpg
funnyguyrpg,game/Monster/Kendra.png,.png,1551,1776196090,original-rpg
funnyguyrpg,game/Monster/Lord_Devil_Demon (21).PNG,.png,1757,1776196090,original-rpg
funnyguyrpg,game/Monster/Lord_Devil_Demon (34).PNG,.png,664,1776196090,original-rpg
funnyguyrpg,game/Monster/Lord_Devil_Demon (69).PNG,.png,2156,1776196090,original-rpg
funnyguyrpg,game/Monster/MINI-MI.png,.png,976,1776196090,original-rpg
funnyguyrpg,game/Monster/MREVIL.png,.png,1060,1776196090,original-rpg
funnyguyrpg,game/Monster/MRIT.png,.png,1020,1776196090,original-rpg
funnyguyrpg,game/Monster/Neo Exdeath.png,.png,9292,1776196090,original-rpg
funnyguyrpg,game/Monster/PlantwithoutPipin.png,.png,2223,1776196090,original-rpg
funnyguyrpg,game/Monster/Pyros.png,.png,1716,1776196090,original-rpg
funnyguyrpg,game/Monster/REPAIRMAN.png,.png,1031,1776196090,original-rpg
funnyguyrpg,game/Monster/Red Dragon.png,.png,1666,1776196090,original-rpg
funnyguyrpg,game/Monster/RuinsGuard.png,.png,6395,1776196090,original-rpg
funnyguyrpg,game/Monster/SERIOUSMAN.png,.png,1081,1776196090,original-rpg
funnyguyrpg,game/Monster/Sahagin Prince.png,.png,1185,1776196090,original-rpg
funnyguyrpg,game/Monster/Sea Naga.png,.png,1639,1776196090,original-rpg
funnyguyrpg,game/Monster/Skeleton.png,.png,1190,1776196090,original-rpg
funnyguyrpg,game/Monster/Statue.png,.png,1372,1776196090,original-rpg
funnyguyrpg,game/Monster/Troll.png,.png,1155,1776196090,original-rpg
funnyguyrpg,game/Monster/Turantula.png,.png,1206,1776196090,original-rpg
funnyguyrpg,game/Monster/Worm.png,.png,1651,1776196090,original-rpg
funnyguyrpg,game/Monster/atmaweapon.png,.png,4283,1776196090,original-rpg
funnyguyrpg,game/Monster/behemoth.png,.png,10026,1776196090,original-rpg
funnyguyrpg,game/Monster/bit.png,.png,1134,1776196090,original-rpg
funnyguyrpg,game/Monster/doom.png,.png,4111,1776196090,original-rpg
funnyguyrpg,game/Monster/dueller.png,.png,1343,1776196090,original-rpg
funnyguyrpg,game/Monster/fenrir.png,.png,2547,1776196090,original-rpg
funnyguyrpg,game/Monster/gargoyle.png,.png,1349,1776196090,original-rpg
funnyguyrpg,game/Monster/ghost.png,.png,1164,1776196090,original-rpg
funnyguyrpg,game/Monster/graydemon01.png,.png,13091,1776196090,original-rpg
funnyguyrpg,game/Monster/inferno.png,.png,2588,1776196090,original-rpg
funnyguyrpg,game/Monster/lethalwpn.png,.png,1668,1776196090,original-rpg
funnyguyrpg,game/Monster/leviathan.png,.png,6055,1776196090,original-rpg
funnyguyrpg,game/Monster/lich.png,.png,3699,1776196090,original-rpg
funnyguyrpg,game/Monster/midgard-serp.png,.png,9657,1776196090,original-rpg
funnyguyrpg,game/Monster/muck.png,.png,1219,1776196090,original-rpg
funnyguyrpg,game/Monster/mudgolem.png,.png,1739,1776196090,original-rpg
funnyguyrpg,game/Monster/odin.png,.png,5499,1776196090,original-rpg
funnyguyrpg,game/Monster/ogre.png,.png,3989,1776196090,original-rpg
funnyguyrpg,game/Monster/osteosaur.png,.png,2443,1776196090,original-rpg
funnyguyrpg,game/Monster/redsparrow.png,.png,7718,1776196090,original-rpg
funnyguyrpg,game/Monster/seatroll.png,.png,1502,1776196090,original-rpg
funnyguyrpg,game/Monster/shadow.png,.png,2131,1776196090,original-rpg
funnyguyrpg,game/Monster/spforces.png,.png,1032,1776196090,original-rpg
funnyguyrpg,game/Monster/spirit.png,.png,2051,1776196090,original-rpg
funnyguyrpg,game/Monster/treant.png,.png,4446,1776196090,original-rpg
funnyguyrpg,game/Panorama/Forest Pan.png,.png,4135,1776196090,original-rpg
funnyguyrpg,game/Panorama/forestmountain.png,.png,8341,1776196090,original-rpg
funnyguyrpg,game/Panorama/planet1.png,.png,20459,1776196090,original-rpg
funnyguyrpg,game/Panorama/sky1.png,.png,31209,1776196090,original-rpg
funnyguyrpg,game/Panorama/space.png,.png,106425,1776196090,original-rpg
funnyguyrpg,game/Picture/credits.png,.png,7651,1776196090,original-rpg
funnyguyrpg,game/Picture/credits1.png,.png,1805,1776196090,original-rpg
funnyguyrpg,game/Picture/credits2.png,.png,2117,1776196090,original-rpg
funnyguyrpg,game/Picture/credits3.png,.png,1615,1776196090,original-rpg
funnyguyrpg,game/Picture/credits4.png,.png,1692,1776196090,original-rpg
funnyguyrpg,game/Picture/credits5.png,.png,2018,1776196090,original-rpg
funnyguyrpg,game/Picture/credits6.png,.png,3177,1776196090,original-rpg
funnyguyrpg,game/Picture/credits7.png,.png,1983,1776196090,original-rpg
funnyguyrpg,game/Picture/credits8.png,.png,1465,1776196090,original-rpg
funnyguyrpg,game/Picture/credits9.png,.png,1876,1776196090,original-rpg
funnyguyrpg,game/Picture/theend.png,.png,1647,1776196090,original-rpg
funnyguyrpg,game/System/fg_system.png,.png,5716,1776196090,original-rpg
funnyguyrpg,game/System/system4.png,.png,2352,1776196090,original-rpg
funnyguyrpg,game/System2/DH-BSSYSTEM.png,.png,1364,1776196090,stock-rpgmaker
funnyguyrpg,game/System2/FG-Battlesystem.png,.png,4320,1776196090,original-rpg
funnyguyrpg,game/Title/FGRPG Title Screen.png,.png,43084,1776196090,original-rpg
legacy_dump,Art/Element.PNG,.png,36840,1673498258,legacy-unsorted
legacy_dump,Art/Evilscientist.PNG,.png,25304,1673498258,legacy-unsorted
legacy_dump,Art/FG Rear Cover Concept Art.png,.png,2980160,1673498258,legacy-unsorted
legacy_dump,Art/Junior.PNG,.png,21235,1673498258,legacy-unsorted
legacy_dump,Art/Olympian.PNG,.png,31359,1673498258,legacy-unsorted
legacy_dump,Art/RM_stick.gif,.gif,211541,1673498258,legacy-unsorted
legacy_dump,Art/Razor.PNG,.png,38712,1673498258,legacy-unsorted
legacy_dump,Art/Repairman.PNG,.png,17488,1673498258,legacy-unsorted
legacy_dump,Art/Seriousman.PNG,.png,48292,1673498258,legacy-unsorted
legacy_dump,Art/Target.PNG,.png,33565,1673498258,legacy-unsorted
legacy_dump,Art/Timet.PNG,.png,28079,1673498258,legacy-unsorted
legacy_dump,Art/element_stick.gif,.gif,186004,1673498258,legacy-unsorted
legacy_dump,Art/evilsci_stick.gif,.gif,183636,1673498258,legacy-unsorted
legacy_dump,Art/jr_stick.gif,.gif,138626,1673498258,legacy-unsorted
legacy_dump,Art/koven.PNG,.png,14912,1673498258,legacy-unsorted
legacy_dump,Art/koven_stick.gif,.gif,165336,1673498258,legacy-unsorted
legacy_dump,Art/minimi.PNG,.png,15427,1673498258,legacy-unsorted
legacy_dump,Art/minimi_stick.gif,.gif,147399,1673498258,legacy-unsorted
legacy_dump,Art/mrevil.PNG,.png,51968,1673498258,legacy-unsorted
legacy_dump,Art/mrevil_stick.gif,.gif,169728,1673498258,legacy-unsorted
legacy_dump,Art/mrit.PNG,.png,4972,1673498258,legacy-unsorted
legacy_dump,Art/mrit_stick.gif,.gif,159662,1673498258,legacy-unsorted
legacy_dump,Art/olymp_stick.gif,.gif,140699,1673498258,legacy-unsorted
legacy_dump,Art/oxymoron.PNG,.png,20246,1673498258,legacy-unsorted
legacy_dump,Art/oxymoron_stick.gif,.gif,172306,1673498258,legacy-unsorted
legacy_dump,Art/pottyp.PNG,.png,23128,1673498258,legacy-unsorted
legacy_dump,Art/pottyp_stick.gif,.gif,181562,1673498258,legacy-unsorted
legacy_dump,Art/razor_stick.gif,.gif,168257,1673498258,legacy-unsorted
legacy_dump,Art/sm_stick.gif,.gif,168224,1673498258,legacy-unsorted
legacy_dump,Art/target_stick.gif,.gif,165649,1673498258,legacy-unsorted
legacy_dump,Art/timet_stick.gif,.gif,102654,1673498258,legacy-unsorted
legacy_dump,Art/watchmen 1-12.pdf,.pdf,211330864,1673498238,legacy-unsorted
legacy_dump,Art/yoda.PNG,.png,18633,1673498258,legacy-unsorted
legacy_dump,Art/yoda.gif,.gif,187591,1673498258,legacy-unsorted
legacy_dump,Books/(C185)AOTD_cover.png,.png,437815,1673498246,legacy-unsorted
legacy_dump,Books/AOTD_#1.png,.png,535125,1673498246,legacy-unsorted
legacy_dump,Books/AOTD_#10.png,.png,268685,1673498246,legacy-unsorted
legacy_dump,Books/AOTD_#11.png,.png,592162,1673498246,legacy-unsorted
legacy_dump,Books/AOTD_#12.png,.png,587114,1673498246,legacy-unsorted
legacy_dump,Books/AOTD_#2.png,.png,615601,1673498246,legacy-unsorted
legacy_dump,Books/AOTD_#3.png,.png,638879,1673498246,legacy-unsorted
legacy_dump,Books/AOTD_#4.png,.png,620410,1673498246,legacy-unsorted
legacy_dump,Books/AOTD_#5.png,.png,583215,1673498246,legacy-unsorted
legacy_dump,Books/AOTD_#6.png,.png,188957,1673498246,legacy-unsorted
legacy_dump,Books/AOTD_#7.png,.png,570070,1673498246,legacy-unsorted
legacy_dump,Books/AOTD_#8.png,.png,293393,1673498246,legacy-unsorted
legacy_dump,Books/AOTD_#9.png,.png,636123,1673498246,legacy-unsorted
legacy_dump,Books/AOTD_backcover.png,.png,428923,1673498246,legacy-unsorted
legacy_dump,Books/Anti-Drug Campaign - Funny Guy Comics (1).jpg,.jpg,60770,1673498244,legacy-unsorted
legacy_dump,Books/Anti-Drug Campaign - Funny Guy Comics (1).png,.png,341678,1725804227,legacy-unsorted
legacy_dump,Books/Anti-Drug Campaign - Funny Guy Comics (2).png,.png,300852,1725804241,legacy-unsorted
legacy_dump,Books/BOOK5_TITLEBOX_STUDY.psd,.psd,10209317,1673498278,legacy-unsorted
legacy_dump,Books/Confiscated Repair Man Comic (1).gif,.gif,172736,1673498244,legacy-unsorted
legacy_dump,Books/Confiscated Repair Man Comic (2).gif,.gif,200046,1673498244,legacy-unsorted
legacy_dump,Books/FG_JAM_#1.png,.png,843176,1673498246,legacy-unsorted
legacy_dump,Books/FG_JAM_#2.png,.png,771473,1673498246,legacy-unsorted
legacy_dump,Books/FG_JAM_#3.png,.png,1091508,1673498246,legacy-unsorted
legacy_dump,Books/FG_JAM_#4(pg2).png,.png,1047887,1673498246,legacy-unsorted
legacy_dump,Books/FG_JAM_#4.png,.png,958690,1673498246,legacy-unsorted
legacy_dump,Books/FG_JAM_#5.png,.png,940349,1673498246,legacy-unsorted
legacy_dump,Books/FG_JAM_#6.png,.png,875173,1673498246,legacy-unsorted
legacy_dump,Books/FG_JAM_cover.png,.png,747636,1673498246,legacy-unsorted
legacy_dump,Books/Kare Bear War/karebear1.bmp,.bmp,2975238,1673498246,legacy-unsorted
legacy_dump,Books/Kare Bear War/karebear2.bmp,.bmp,2975238,1673498246,legacy-unsorted
legacy_dump,Books/Kare Bear War/karebear3.bmp,.bmp,2975238,1673498246,legacy-unsorted
legacy_dump,Books/Kare Bear War/karebear4.bmp,.bmp,2975238,1673498246,legacy-unsorted
legacy_dump,Books/Kare Bear War/karebear5.bmp,.bmp,2975238,1673498246,legacy-unsorted
legacy_dump,Books/Kare Bear War/karebear6.bmp,.bmp,2975238,1673498246,legacy-unsorted
legacy_dump,Books/Kare Bear War/karebear7.bmp,.bmp,2975238,1673498246,legacy-unsorted
legacy_dump,Books/Kare Bear War/karebear8.bmp,.bmp,2975238,1673498246,legacy-unsorted
legacy_dump,Books/Nawful#7.png,.png,313518,1673498246,legacy-unsorted
legacy_dump,Books/Nawful_#1.png,.png,296161,1673498246,legacy-unsorted
legacy_dump,Books/Nawful_#10.png,.png,272436,1673498246,legacy-unsorted
legacy_dump,Books/Nawful_#11.png,.png,422664,1673498246,legacy-unsorted
legacy_dump,Books/Nawful_#12.png,.png,230642,1673498246,legacy-unsorted
legacy_dump,Books/Nawful_#13.png,.png,369300,1673498246,legacy-unsorted
legacy_dump,Books/Nawful_#14.png,.png,454072,1673498246,legacy-unsorted
legacy_dump,Books/Nawful_#2.png,.png,270251,1673498246,legacy-unsorted
legacy_dump,Books/Nawful_#3.png,.png,428475,1673498246,legacy-unsorted
legacy_dump,Books/Nawful_#4.png,.png,256003,1673498246,legacy-unsorted
legacy_dump,Books/Nawful_#5.png,.png,364452,1673498246,legacy-unsorted
legacy_dump,Books/Nawful_#6.png,.png,323518,1673498246,legacy-unsorted
legacy_dump,Books/Nawful_#8.png,.png,218214,1673498246,legacy-unsorted
legacy_dump,Books/Nawful_#9.png,.png,119719,1673498246,legacy-unsorted
legacy_dump,Books/Nawful_cover.png,.png,284815,1673498246,legacy-unsorted
legacy_dump,"Books/Scan276, March 07, 2005.gif",.gif,166148,1673498244,legacy-unsorted
legacy_dump,"Books/Scan277, March 07, 2005.gif",.gif,168061,1673498244,legacy-unsorted
legacy_dump,"Books/Scan278, March 07, 2005.gif",.gif,167598,1673498244,legacy-unsorted
legacy_dump,Books/SchoolKids_#1(pg2).png,.png,304507,1673498246,legacy-unsorted
legacy_dump,Books/SchoolKids_#1(pg3).png,.png,395594,1673498246,legacy-unsorted
legacy_dump,Books/SchoolKids_#1.png,.png,370032,1673498246,legacy-unsorted
legacy_dump,Books/SchoolKids_#2.png,.png,520168,1673498246,legacy-unsorted
legacy_dump,Books/SchoolKids_cover.png,.png,367104,1673498246,legacy-unsorted
legacy_dump,Books/XmasCarol_#1.png,.png,658852,1673498246,legacy-unsorted
legacy_dump,Books/XmasCarol_#2.png,.png,662765,1673498246,legacy-unsorted
legacy_dump,Books/XmasCarol_#3.png,.png,643723,1673498246,legacy-unsorted
legacy_dump,Books/XmasCarol_#4.png,.png,681475,1673498246,legacy-unsorted
legacy_dump,Books/XmasCarol_#5-Adam’s MacBook Pro.png,.png,553975,1724029135,legacy-unsorted
legacy_dump,Books/XmasCarol_#5.png,.png,553975,1673498246,legacy-unsorted
legacy_dump,Books/XmasCarol_cover.png,.png,185354,1673498246,legacy-unsorted
legacy_dump,Books/YDR_Comic1.png,.png,354562,1673498257,legacy-unsorted
legacy_dump,Books/book number 2 and three drawings.jpg,.jpg,3114457,1731888205,legacy-unsorted
legacy_dump,Books/book1_bg.gif,.gif,13067,1731888205,legacy-unsorted
legacy_dump,Books/book2 arabic scroll twist.psd,.psd,10782897,1673498278,legacy-unsorted
legacy_dump,Books/book7 7.ai,.ai,1027626,1673498278,legacy-unsorted
legacy_dump,Books/book7_bg.gif,.gif,41508,1731888205,legacy-unsorted
legacy_dump,Books/book8_bg.gif,.gif,36617,1731888205,legacy-unsorted
legacy_dump,Card Game/Card Game scan_2005_05_07.gif,.gif,148197,1673498258,legacy-unsorted
legacy_dump,"Card Game/Scan272, March 07, 2005.gif",.gif,188022,1673498258,legacy-unsorted
legacy_dump,"Card Game/Scan273, March 07, 2005.gif",.gif,87548,1673498258,legacy-unsorted
legacy_dump,"Card Game/Scan274, March 07, 2005.gif",.gif,93921,1673498258,legacy-unsorted
legacy_dump,"Card Game/Scan275, March 07, 2005.gif",.gif,47384,1673498258,legacy-unsorted
legacy_dump,"Card Game/Scan280, March 07, 2005.gif",.gif,54871,1673498258,legacy-unsorted
legacy_dump,Comics/Action_Comics_1-Adam’s MacBook Pro.jpg,.jpg,51017,1731888205,legacy-unsorted
legacy_dump,Comics/comicnav.psd,.psd,283579,1673498278,legacy-unsorted
legacy_dump,Comics/comicnav_large.psd,.psd,394639,1673498278,legacy-unsorted
legacy_dump,Comics/fgcomix021_DNA_drawing.psd,.psd,9953374,1673498278,legacy-unsorted
legacy_dump,Comics/fgcomix025_Hyper_Day_page2.psd,.psd,8253367,1673498278,legacy-unsorted
legacy_dump,Comics/fgcomix032_The_War_drawing.psd,.psd,5310753,1673498278,legacy-unsorted
legacy_dump,Comics/fgcomix033_Yellow_Snow_drawing.psd,.psd,4661788,1673498278,legacy-unsorted
legacy_dump,Comics/fgcomix038_Diamond_Sword_drawing.psd,.psd,2898801,1673498278,legacy-unsorted
legacy_dump,Comics/fgcomix066_A_New_Journey_drawing.psd,.psd,17335367,1673498278,legacy-unsorted
legacy_dump,Comics/fgcomix081_Submergin_drawing.psd,.psd,7289442,1673498278,legacy-unsorted
legacy_dump,Comics/fgcomix097_Laziness_drawing.psd,.psd,17084540,1673498278,legacy-unsorted
legacy_dump,Comics/fgcomix125_DNA_Paint_drawing.psd,.psd,13579802,1673498278,legacy-unsorted
legacy_dump,Covers/Book 1 Leveled.psd,.psd,8549163,1673498247,legacy-unsorted
legacy_dump,Covers/Book 2.psd,.psd,17904916,1673498247,legacy-unsorted
legacy_dump,Covers/Book 3.psd,.psd,114761856,1673498247,legacy-unsorted
legacy_dump,Covers/Book 4 Logo Playground.psd,.psd,23109099,1673498247,legacy-unsorted
legacy_dump,Covers/Book 4.psd,.psd,57964950,1673498247,legacy-unsorted
legacy_dump,Covers/Book 6.ai,.ai,2308311,1673498247,legacy-unsorted
legacy_dump,Covers/Book 8.psd,.psd,1791531,1673498247,legacy-unsorted
legacy_dump,Covers/Book Logos 1-4.psd,.psd,38826781,1673498247,legacy-unsorted
legacy_dump,Covers/Book Logos 5-8.psd,.psd,5348417,1673498247,legacy-unsorted
legacy_dump,Covers/FG Facebook Cover Photo.jpg,.jpg,184229,1673498257,legacy-unsorted
legacy_dump,Covers/FGRPG Back Cover.psd,.psd,11667987,1673498244,legacy-unsorted
legacy_dump,Covers/FGRPG Front Cover.psd,.psd,3740478,1673498246,legacy-unsorted
legacy_dump,Covers/cover_book1_back.psd,.psd,44755305,1673498278,legacy-unsorted
legacy_dump,Covers/cover_book1_front.psd,.psd,22970566,1673498278,legacy-unsorted
legacy_dump,Covers/fb cover FG2015.psd,.psd,2060587,1673498278,legacy-unsorted
legacy_dump,Covers/fgcomics double digit circle.ai,.ai,1031145,1673498247,legacy-unsorted
legacy_dump,Covers/fgcomics triple digit rectangle.ai,.ai,1025033,1673498247,legacy-unsorted
legacy_dump,Covers/fgrpg cover downsize for web.psd,.psd,999908,1673498277,legacy-unsorted
legacy_dump,Covers/funnyguycomix001_0cover_book1.psd,.psd,3441802,1673498277,legacy-unsorted
legacy_dump,Covers/funnyguycomix051_0cover_book2.psd,.psd,2816045,1673498277,legacy-unsorted
legacy_dump,Covers/funnyguycomix091_0cover_book3.psd,.psd,3047334,1673498277,legacy-unsorted
legacy_dump,Covers/funnyguycomix121_0cover_book4.psd,.psd,2096559,1673498277,legacy-unsorted
legacy_dump,Covers/funnyguycomix161_0cover_book5.psd,.psd,3512385,1673498277,legacy-unsorted
legacy_dump,Covers/funnyguycomix201_0cover_book6.psd,.psd,2882687,1673498277,legacy-unsorted
legacy_dump,Covers/funnyguycomix241_0cover_book7.psd,.psd,3566353,1673498277,legacy-unsorted
legacy_dump,Covers/funnyguycomix281_0cover_book8.psd,.psd,3522253,1673498277,legacy-unsorted
legacy_dump,Documents/A Picture is Worth a Thousand Punishments2004_02_19_001.pdf,.pdf,1250689,1745354062,legacy-unsorted
legacy_dump,Documents/FGComics Ideas.pdf,.pdf,1861644,1673498239,legacy-unsorted
legacy_dump,Documents/FGComics Notes.pdf,.pdf,1207485,1673498239,legacy-unsorted
legacy_dump,Documents/RPG Maker 2003 Tutorial (2)2025_04_22_001.pdf,.pdf,118410,1745354130,legacy-unsorted
legacy_dump,Documents/RPG Maker Tutorial2025_04_22_001.pdf,.pdf,163457,1745354102,legacy-unsorted
legacy_dump,Documents/circ03.pdf,.pdf,836028,1673498239,legacy-unsorted
legacy_dump,Documents/circ44.pdf,.pdf,319673,1673498239,legacy-unsorted
legacy_dump,Documents/formva.pdf,.pdf,319548,1673498239,legacy-unsorted
legacy_dump,Documents/grohacthesis.pdf,.pdf,770018,1673498239,legacy-unsorted
legacy_dump,Guide/images/arrow.gif,.gif,165,1673498240,legacy-unsorted
legacy_dump,Guide/images/grin.gif,.gif,172,1673498240,legacy-unsorted
legacy_dump,Guide/images/screen2.gif,.gif,3395,1673498240,legacy-unsorted
legacy_dump,Guide/images/screen3.gif,.gif,37612,1673498240,legacy-unsorted
legacy_dump,Guide/images/screen4.gif,.gif,37785,1673498240,legacy-unsorted
legacy_dump,Guide/images/spacer.gif,.gif,43,1673498240,legacy-unsorted
legacy_dump,Guide/images/titlescreen.gif,.gif,31799,1673498240,legacy-unsorted
legacy_dump,Inspiration/1277587110942.jpg,.jpg,348577,1673498278,legacy-unsorted
legacy_dump,Inspiration/1288989165597.jpg,.jpg,97863,1673498258,legacy-unsorted
legacy_dump,Inspiration/1289369049541.png,.png,81961,1673498258,legacy-unsorted
legacy_dump,Inspiration/1289370391419.png,.png,58802,1673498258,legacy-unsorted
legacy_dump,Inspiration/1327068302712.jpg,.jpg,90462,1673498278,legacy-unsorted
legacy_dump,Inspiration/2007-06-20.jpg,.jpg,210311,1673498278,legacy-unsorted
legacy_dump,Inspiration/4384742491_f54d3af985.jpg,.jpg,67254,1673498278,legacy-unsorted
legacy_dump,Inspiration/Action_Comics_1.jpg,.jpg,51017,1673498278,legacy-unsorted
legacy_dump,Inspiration/Babylonian_symbols.gif,.gif,12780,1673498278,legacy-unsorted
legacy_dump,Inspiration/Barrett XM500.jpg,.jpg,57166,1673498278,legacy-unsorted
legacy_dump,Inspiration/Coca-Cola-Art_Coke_Bottle4.jpg,.jpg,354675,1673498278,legacy-unsorted
legacy_dump,Inspiration/andygav.JPG,.jpg,172529,1673498278,legacy-unsorted
legacy_dump,Inspiration/ar15.jpg,.jpg,454450,1673498278,legacy-unsorted
legacy_dump,Inspiration/avatar_6419.png,.png,28514,1673498278,legacy-unsorted
legacy_dump,Inspiration/barrett XM109.jpg,.jpg,24979,1673498278,legacy-unsorted
legacy_dump,Inspiration/chinese assault rifle qbz95.jpg,.jpg,48921,1673498278,legacy-unsorted
legacy_dump,Inspiration/cholo font_4739.jpg,.jpg,26491,1673498278,legacy-unsorted
legacy_dump,Inspiration/comic1.JPG,.jpg,229200,1673498278,legacy-unsorted
legacy_dump,Inspiration/herstal-fn-scar.jpg,.jpg,21811,1673498258,legacy-unsorted
legacy_dump,Logos/Book Logos 1-4.psd,.psd,33655879,1673498277,legacy-unsorted
legacy_dump,Logos/Book Logos 5-8.psd,.psd,5348417,1673498277,legacy-unsorted
legacy_dump,Logos/FGComics Facebook Page Logo.jpg,.jpg,271901,1673498257,legacy-unsorted
legacy_dump,Logos/FGComics Facebook Page Logo.psd,.psd,17285489,1673498277,legacy-unsorted
legacy_dump,Logos/FGComics Logo.ai,.ai,1029201,1673498278,legacy-unsorted
legacy_dump,Logos/GTH_Logo.gif,.gif,15448,1673498244,legacy-unsorted
legacy_dump,Logos/GTH_Logo.psd,.psd,522922,1673498244,legacy-unsorted
legacy_dump,Logos/GTH_Logo_upanus.jpg,.jpg,39617,1673498244,legacy-unsorted
legacy_dump,Logos/archive logos.psd,.psd,33943796,1673498278,legacy-unsorted
legacy_dump,Logos/archive_logos_right.psd,.psd,33613221,1673498278,legacy-unsorted
legacy_dump,Logos/book 6 logo study.psd,.psd,1629185,1673498278,legacy-unsorted
legacy_dump,Logos/book 6 logo.ai,.ai,2308311,1673498277,legacy-unsorted
legacy_dump,Logos/book logos.psd,.psd,4769908,1673498277,legacy-unsorted
legacy_dump,Logos/book logos_2.psd,.psd,9695319,1673498277,legacy-unsorted
legacy_dump,Logos/fgcomics_logo.ai,.ai,9048,1673498277,legacy-unsorted
legacy_dump,Logos/fgcomics_logo.png,.png,134450,1673498278,legacy-unsorted
legacy_dump,Logos/fgcomics_logo.psd,.psd,219646,1673498277,legacy-unsorted
legacy_dump,Logos/logo.psd,.psd,38063661,1673498277,legacy-unsorted
legacy_dump,Logos/logo1.png,.png,176618,1673498278,legacy-unsorted
legacy_dump,Logos/logo2.psd,.psd,8481544,1673498277,legacy-unsorted
legacy_dump,Logos/logo_testbed.psd,.psd,397822,1673498277,legacy-unsorted
legacy_dump,Logos/site logo (FG).psd,.psd,2762666,1673498277,legacy-unsorted
legacy_dump,Logos/tfgc_logo_v1.ai,.ai,959563,1673498277,legacy-unsorted
legacy_dump,Logos/tfgc_logo_v2.ai,.ai,396494,1673498277,legacy-unsorted
legacy_dump,RPG Assets/FG-BattleCharSet.psd,.psd,148258,1673498244,legacy-unsorted
legacy_dump,RPG Assets/FG-BattleSystem.png,.png,4063,1673498246,legacy-unsorted
legacy_dump,RPG Assets/FG-Casino.psd,.psd,494928,1673498244,legacy-unsorted
legacy_dump,RPG Assets/FG-Evilie's Lair.psd,.psd,329064,1673498246,legacy-unsorted
legacy_dump,RPG Assets/FG-Faces.psd,.psd,76888,1673498246,legacy-unsorted
legacy_dump,RPG Assets/FG-Funny Guys.psd,.psd,176235,1673498244,legacy-unsorted
legacy_dump,RPG Assets/FG-Funnyland.psd,.psd,450862,1673498244,legacy-unsorted
legacy_dump,RPG Assets/FG-GrayCharas.psd,.psd,283706,1673498246,legacy-unsorted
legacy_dump,RPG Assets/FG-Humortopica.psd,.psd,766031,1673498246,legacy-unsorted
legacy_dump,RPG Assets/FG-NewSprites.psd,.psd,221598,1673498258,legacy-unsorted
legacy_dump,RPG Assets/FG-Stuff.psd,.psd,167617,1673498244,legacy-unsorted
legacy_dump,RPG Assets/FG-Stuff2.psd,.psd,148785,1673498244,legacy-unsorted
legacy_dump,RPG Assets/FG-Stuff3.png,.png,6447,1673498244,legacy-unsorted
legacy_dump,RPG Assets/FG-Town.psd,.psd,545217,1673498244,legacy-unsorted
legacy_dump,RPG Assets/FG-Town_Inside.psd,.psd,638942,1673498244,legacy-unsorted
legacy_dump,RPG Assets/FG-Town_Inside_v2.psd,.psd,626717,1673498244,legacy-unsorted
legacy_dump,RPG Assets/FGRPG BattleChar Template.bmp,.bmp,56374,1673498246,legacy-unsorted
legacy_dump,RPG Assets/FGRPG Icon.psd,.psd,18619,1673498246,legacy-unsorted
legacy_dump,RPG Assets/FGRPG Install Icon.psd,.psd,23703,1673498246,legacy-unsorted
legacy_dump,RPG Assets/FGRPG Path Map2025_04_22_001.png,.png,5777595,1745351197,legacy-unsorted
legacy_dump,RPG Assets/RPG_RT_splashscreen copy.bmp,.bmp,77876,1673498258,legacy-unsorted
legacy_dump,RPG Assets/RPG_RT_splashscreen.bmp,.bmp,77876,1673498244,legacy-unsorted
legacy_dump,RPG Assets/TITLE SCREEN.psd,.psd,660719,1673498246,legacy-unsorted
legacy_dump,RPG Assets/fg_system.psd,.psd,46448,1673498246,legacy-unsorted
legacy_dump,RPG Assets/install_banner.bmp,.bmp,87056,1673498244,legacy-unsorted
legacy_dump,RPG Assets/install_banner.psd,.psd,409969,1673498246,legacy-unsorted
legacy_dump,RPG Assets/install_splashscreen.bmp,.bmp,468056,1673498244,legacy-unsorted
legacy_dump,RPG Assets/install_splashscreen.psd,.psd,1241547,1673498246,legacy-unsorted
legacy_dump,RPG Assets/install_splashscreen2.bmp,.bmp,468056,1673498244,legacy-unsorted
legacy_dump,RPG_RT/Backdrop/FG-Cave.png,.png,25530,1673498243,legacy-unsorted
legacy_dump,RPG_RT/Backdrop/FG-Forest.png,.png,25324,1673498243,legacy-unsorted
legacy_dump,RPG_RT/Backdrop/bg001.png,.png,33825,1673498243,legacy-unsorted
legacy_dump,RPG_RT/Backdrop/bg014.png,.png,23756,1673498243,legacy-unsorted
legacy_dump,RPG_RT/Backdrop/bg018.png,.png,20653,1673498243,legacy-unsorted
legacy_dump,RPG_RT/Backdrop/bridge.png,.png,48479,1673498243,legacy-unsorted
legacy_dump,RPG_RT/Backdrop/desert.png,.png,65935,1673498243,legacy-unsorted
legacy_dump,RPG_RT/Backdrop/dungeon1.png,.png,46288,1673498243,legacy-unsorted
legacy_dump,RPG_RT/Backdrop/dungeon2.png,.png,44799,1673498243,legacy-unsorted
legacy_dump,RPG_RT/Backdrop/dungeon5.png,.png,50600,1673498243,legacy-unsorted
legacy_dump,RPG_RT/Backdrop/dungeon6.png,.png,52644,1673498243,legacy-unsorted
legacy_dump,RPG_RT/Backdrop/forest1.png,.png,44076,1673498243,legacy-unsorted
legacy_dump,RPG_RT/Backdrop/forest2.png,.png,52389,1673498243,legacy-unsorted
legacy_dump,RPG_RT/Backdrop/lunar006.png,.png,37994,1673498243,legacy-unsorted
legacy_dump,RPG_RT/Backdrop/lunar011.png,.png,34764,1673498243,legacy-unsorted
legacy_dump,RPG_RT/Backdrop/lunar068.png,.png,28954,1673498243,legacy-unsorted
legacy_dump,RPG_RT/Backdrop/lunar4.png,.png,36374,1673498243,legacy-unsorted
legacy_dump,RPG_RT/Backdrop/lunarJ.png,.png,39695,1673498243,legacy-unsorted
legacy_dump,RPG_RT/Backdrop/lunarM.png,.png,39120,1673498243,legacy-unsorted
legacy_dump,RPG_RT/Backdrop/lunarO.png,.png,38288,1673498243,legacy-unsorted
legacy_dump,RPG_RT/Backdrop/lunarQ.png,.png,38215,1673498243,legacy-unsorted
legacy_dump,RPG_RT/Backdrop/lunarS.png,.png,35490,1673498243,legacy-unsorted
legacy_dump,RPG_RT/Backdrop/mountain.png,.png,49753,1673498243,legacy-unsorted
legacy_dump,RPG_RT/Backdrop/odd6.png,.png,39257,1673498243,legacy-unsorted
legacy_dump,RPG_RT/Backdrop/room3.png,.png,32815,1673498243,legacy-unsorted
legacy_dump,RPG_RT/Backdrop/ruins2.png,.png,63367,1673498243,legacy-unsorted
legacy_dump,RPG_RT/Backdrop/sky.png,.png,38265,1673498243,legacy-unsorted
legacy_dump,RPG_RT/Backdrop/wasteland.png,.png,40288,1673498243,legacy-unsorted
legacy_dump,RPG_RT/Battle/1521.png,.png,12317,1673498243,legacy-unsorted
legacy_dump,RPG_RT/Battle/Cross1.png,.png,6366,1673498243,legacy-unsorted
legacy_dump,RPG_RT/Battle/Cross2.png,.png,28206,1673498243,legacy-unsorted
legacy_dump,RPG_RT/Battle/Cross3.png,.png,6295,1673498243,legacy-unsorted
legacy_dump,RPG_RT/Battle/Cross4.png,.png,12605,1673498243,legacy-unsorted
legacy_dump,RPG_RT/Battle/DH-FireMagic.png,.png,10441,1673498243,legacy-unsorted
legacy_dump,RPG_RT/Battle/DH-IceBoltCureNoneMagic.png,.png,10327,1673498243,legacy-unsorted
legacy_dump,RPG_RT/Battle/DH-MegaCross.png,.png,6826,1673498243,legacy-unsorted
legacy_dump,RPG_RT/Battle/DH-Support2.png,.png,3613,1673498243,legacy-unsorted
legacy_dump,RPG_RT/Battle/DH-SupportMagic.png,.png,8871,1673498243,legacy-unsorted
legacy_dump,RPG_RT/Battle/Death.png,.png,19218,1673498243,legacy-unsorted
legacy_dump,RPG_RT/Battle/E-M Pulse.png,.png,7761,1673498243,legacy-unsorted
legacy_dump,RPG_RT/Battle/Flare.png,.png,49441,1673498243,legacy-unsorted
legacy_dump,RPG_RT/Battle/Meteor.png,.png,11368,1673498243,legacy-unsorted
legacy_dump,RPG_RT/Battle/Power Geyser.png,.png,18615,1673498243,legacy-unsorted
legacy_dump,RPG_RT/Battle/Sword hit.png,.png,1755,1673498243,legacy-unsorted
legacy_dump,RPG_RT/Battle/Ultima.png,.png,22584,1673498243,legacy-unsorted
legacy_dump,RPG_RT/Battle/absorb1.png,.png,5539,1673498243,legacy-unsorted
legacy_dump,RPG_RT/Battle/absorb2.png,.png,1989,1673498243,legacy-unsorted
legacy_dump,RPG_RT/Battle/attack.png,.png,4336,1673498243,legacy-unsorted
legacy_dump,RPG_RT/Battle/axe1.png,.png,4869,1673498243,legacy-unsorted
legacy_dump,RPG_RT/Battle/blue_flame.png,.png,25622,1673498243,legacy-unsorted
legacy_dump,RPG_RT/Battle/breath1.png,.png,8559,1673498243,legacy-unsorted
legacy_dump,RPG_RT/Battle/claw1.png,.png,4863,1673498243,legacy-unsorted
legacy_dump,RPG_RT/Battle/claw2.png,.png,2455,1673498243,legacy-unsorted
legacy_dump,RPG_RT/Battle/cure1.png,.png,4727,1673498243,legacy-unsorted
legacy_dump,RPG_RT/Battle/dark1.png,.png,16845,1673498243,legacy-unsorted
legacy_dump,RPG_RT/Battle/earth1.png,.png,7222,1673498243,legacy-unsorted
legacy_dump,RPG_RT/Battle/explode1.png,.png,11391,1673498243,legacy-unsorted
legacy_dump,RPG_RT/Battle/explode2.png,.png,7082,1673498243,legacy-unsorted
legacy_dump,RPG_RT/Battle/firaga.png,.png,15288,1673498243,legacy-unsorted
legacy_dump,RPG_RT/Battle/fire1.png,.png,17316,1673498243,legacy-unsorted
legacy_dump,RPG_RT/Battle/fire2.png,.png,8049,1673498243,legacy-unsorted
legacy_dump,RPG_RT/Battle/fire3.png,.png,12861,1673498243,legacy-unsorted
legacy_dump,RPG_RT/Battle/fireworks.png,.png,20368,1673498243,legacy-unsorted
legacy_dump,RPG_RT/Battle/hadoken.png,.png,16005,1673498243,legacy-unsorted
legacy_dump,RPG_RT/Battle/healing1.png,.png,5691,1673498243,legacy-unsorted
legacy_dump,RPG_RT/Battle/healing2.png,.png,2007,1673498243,legacy-unsorted
legacy_dump,RPG_RT/Battle/holy1.png,.png,4929,1673498243,legacy-unsorted
legacy_dump,RPG_RT/Battle/holy2.png,.png,3585,1673498243,legacy-unsorted
legacy_dump,RPG_RT/Battle/ice2.png,.png,7111,1673498243,legacy-unsorted
legacy_dump,RPG_RT/Battle/lightray.png,.png,4582,1673498243,legacy-unsorted
legacy_dump,RPG_RT/Battle/misc1.png,.png,15788,1673498243,legacy-unsorted
legacy_dump,RPG_RT/Battle/misc2.png,.png,5218,1673498243,legacy-unsorted
legacy_dump,RPG_RT/Battle/misc3.png,.png,11554,1673498243,legacy-unsorted
legacy_dump,RPG_RT/Battle/paralyze1.png,.png,8972,1673498243,legacy-unsorted
legacy_dump,RPG_RT/Battle/reflect.png,.png,33553,1673498243,legacy-unsorted
legacy_dump,RPG_RT/Battle/revive1.png,.png,5749,1673498243,legacy-unsorted
legacy_dump,RPG_RT/Battle/shadowstrike.png,.png,13198,1673498243,legacy-unsorted
legacy_dump,RPG_RT/Battle/spear1.png,.png,6101,1673498243,legacy-unsorted
legacy_dump,RPG_RT/Battle/strike.png,.png,8269,1673498243,legacy-unsorted
legacy_dump,RPG_RT/Battle/sword1.png,.png,5242,1673498243,legacy-unsorted
legacy_dump,RPG_RT/Battle/td-ice02.png,.png,10211,1673498243,legacy-unsorted
legacy_dump,RPG_RT/Battle/water1.png,.png,17370,1673498243,legacy-unsorted
legacy_dump,RPG_RT/Battle/whip1.png,.png,5575,1673498243,legacy-unsorted
legacy_dump,RPG_RT/Battle/wind1.png,.png,8547,1673498243,legacy-unsorted
legacy_dump,RPG_RT/Battle/wind2.png,.png,2412,1673498243,legacy-unsorted
legacy_dump,RPG_RT/BattleCharSet/FG.png,.png,4254,1673498243,legacy-unsorted
legacy_dump,RPG_RT/BattleCharSet/FG2.png,.png,5052,1673498243,legacy-unsorted
legacy_dump,RPG_RT/BattleCharSet/JUNIOR.png,.png,5519,1673498243,legacy-unsorted
legacy_dump,RPG_RT/BattleCharSet/JUNIOR2.png,.png,4346,1673498243,legacy-unsorted
legacy_dump,RPG_RT/BattleCharSet/OLYMP.png,.png,5916,1673498243,legacy-unsorted
legacy_dump,RPG_RT/BattleCharSet/OLYMP2.png,.png,4825,1673498243,legacy-unsorted
legacy_dump,RPG_RT/BattleCharSet/SHARP.png,.png,6497,1673498243,legacy-unsorted
legacy_dump,RPG_RT/BattleCharSet/SHARP2.png,.png,4908,1673498243,legacy-unsorted
legacy_dump,RPG_RT/BattleCharSet/TARGET.png,.png,5561,1673498243,legacy-unsorted
legacy_dump,RPG_RT/BattleCharSet/TARGET2.png,.png,4894,1673498243,legacy-unsorted
legacy_dump,RPG_RT/BattleCharSet/TIMET.png,.png,7573,1673498243,legacy-unsorted
legacy_dump,RPG_RT/BattleCharSet/TIMET2.png,.png,4813,1673498243,legacy-unsorted
legacy_dump,RPG_RT/BattleWeapon/INVISABLE.png,.png,3339,1673498243,legacy-unsorted
legacy_dump,RPG_RT/CharSet/12356_1102466475.png,.png,5069,1673498243,legacy-unsorted
legacy_dump,RPG_RT/CharSet/40941_1248452911.png,.png,6116,1673498243,legacy-unsorted
legacy_dump,RPG_RT/CharSet/7521_1133020911.png,.png,5775,1673498243,legacy-unsorted
legacy_dump,RPG_RT/CharSet/7521_1133020942.png,.png,5833,1673498243,legacy-unsorted
legacy_dump,RPG_RT/CharSet/7521_1133021319.png,.png,6131,1673498243,legacy-unsorted
legacy_dump,RPG_RT/CharSet/Chest2.png,.png,3804,1673498243,legacy-unsorted
legacy_dump,RPG_RT/CharSet/Chests.png,.png,4330,1673498243,legacy-unsorted
legacy_dump,RPG_RT/CharSet/DH-Animals.png,.png,9272,1673498243,legacy-unsorted
legacy_dump,RPG_RT/CharSet/DH-BarPatrons.png,.png,10789,1673498243,legacy-unsorted
legacy_dump,RPG_RT/CharSet/DH-Demons.png,.png,13265,1673498243,legacy-unsorted
legacy_dump,RPG_RT/CharSet/DH-Effects.png,.png,12014,1673498243,legacy-unsorted
legacy_dump,RPG_RT/CharSet/DH-Encounters.png,.png,14467,1673498243,legacy-unsorted
legacy_dump,RPG_RT/CharSet/DH-HighMages.png,.png,18733,1673498243,legacy-unsorted
legacy_dump,RPG_RT/CharSet/DH-Kids.png,.png,12941,1673498243,legacy-unsorted
legacy_dump,RPG_RT/CharSet/DH-Misc.png,.png,13742,1673498243,legacy-unsorted
legacy_dump,RPG_RT/CharSet/DH-Objects.png,.png,9023,1673498243,legacy-unsorted
legacy_dump,RPG_RT/CharSet/DH-Objects2.png,.png,20509,1673498243,legacy-unsorted
legacy_dump,RPG_RT/CharSet/DH-Oracles&deathknights.png,.png,15302,1673498243,legacy-unsorted
legacy_dump,RPG_RT/CharSet/DH-Royalty.png,.png,14188,1673498243,legacy-unsorted
legacy_dump,RPG_RT/CharSet/DH-Thieves.png,.png,12641,1673498243,legacy-unsorted
legacy_dump,RPG_RT/CharSet/DH-VillagerPoses.png,.png,10788,1673498243,legacy-unsorted
legacy_dump,RPG_RT/CharSet/DH-Villagers1.png,.png,15086,1673498243,legacy-unsorted
legacy_dump,RPG_RT/CharSet/DH-Villagers2.png,.png,14530,1673498243,legacy-unsorted
legacy_dump,RPG_RT/CharSet/DH-Villagers3.png,.png,15521,1673498243,legacy-unsorted
legacy_dump,RPG_RT/CharSet/DH-Warriors.png,.png,14862,1673498243,legacy-unsorted
legacy_dump,RPG_RT/CharSet/Destructerator_FunnyGuy7777.png,.png,4680,1673498243,legacy-unsorted
legacy_dump,RPG_RT/CharSet/FG-Characters.png,.png,5146,1673498243,legacy-unsorted
legacy_dump,RPG_RT/CharSet/FG-Characters.psd,.psd,53271,1673498243,legacy-unsorted
legacy_dump,RPG_RT/CharSet/FG-Funny Guys.png,.png,5217,1673498243,legacy-unsorted
legacy_dump,RPG_RT/CharSet/FG-GrayCharas.png,.png,22759,1673498243,legacy-unsorted
legacy_dump,RPG_RT/CharSet/FX-Air-Clothesline-01.png,.png,1632,1673498243,legacy-unsorted
legacy_dump,RPG_RT/CharSet/FX-Door-04.png,.png,2537,1673498243,legacy-unsorted
legacy_dump,RPG_RT/CharSet/FX-Magic-Glow-04.png,.png,1718,1673498243,legacy-unsorted
legacy_dump,RPG_RT/CharSet/FX-Portal-02.png,.png,1311,1673498243,legacy-unsorted
legacy_dump,RPG_RT/CharSet/FX-Portal-04.png,.png,1894,1673498243,legacy-unsorted
legacy_dump,RPG_RT/CharSet/FX-Sparkle-12.png,.png,1969,1673498243,legacy-unsorted
legacy_dump,RPG_RT/CharSet/FX-Sparkle-13.png,.png,1623,1673498243,legacy-unsorted
legacy_dump,RPG_RT/CharSet/Monster-Dragon-Black-01.png,.png,2681,1673498243,legacy-unsorted
legacy_dump,RPG_RT/CharSet/Monster-Golem-Iron-02.png,.png,2061,1673498243,legacy-unsorted
legacy_dump,RPG_RT/CharSet/TEST-2.png,.png,6096,1673498243,legacy-unsorted
legacy_dump,RPG_RT/CharSet/TEST-NEW.png,.png,3211,1673498243,legacy-unsorted
legacy_dump,RPG_RT/CharSet/armor.png,.png,11643,1673498243,legacy-unsorted
legacy_dump,RPG_RT/CharSet/char1.png,.png,10655,1673498243,legacy-unsorted
legacy_dump,RPG_RT/CharSet/char2.png,.png,10799,1673498243,legacy-unsorted
legacy_dump,RPG_RT/CharSet/char3.png,.png,11389,1673498243,legacy-unsorted
legacy_dump,RPG_RT/CharSet/char4.png,.png,10568,1673498243,legacy-unsorted
legacy_dump,RPG_RT/CharSet/char5.png,.png,10644,1673498243,legacy-unsorted
legacy_dump,RPG_RT/CharSet/doors08.png,.png,5045,1673498243,legacy-unsorted
legacy_dump,RPG_RT/CharSet/doors11.png,.png,4703,1673498243,legacy-unsorted
legacy_dump,RPG_RT/CharSet/eskimo.png,.png,5121,1673498243,legacy-unsorted
legacy_dump,RPG_RT/CharSet/fg2.png,.png,6717,1673498243,legacy-unsorted
legacy_dump,RPG_RT/CharSet/future.png,.png,8202,1673498243,legacy-unsorted
legacy_dump,RPG_RT/CharSet/ghettomario.png,.png,3377,1673498243,legacy-unsorted
legacy_dump,RPG_RT/CharSet/hero1.png,.png,12012,1673498243,legacy-unsorted
legacy_dump,RPG_RT/CharSet/modern2.png,.png,10906,1673498243,legacy-unsorted
legacy_dump,RPG_RT/CharSet/monster2.png,.png,16400,1673498243,legacy-unsorted
legacy_dump,RPG_RT/CharSet/object1.png,.png,5821,1673498243,legacy-unsorted
legacy_dump,RPG_RT/CharSet/object2.png,.png,5394,1673498243,legacy-unsorted
legacy_dump,RPG_RT/CharSet/other_fg.png,.png,3917,1673498243,legacy-unsorted
legacy_dump,RPG_RT/CharSet/other_fg2.PNG,.png,4354,1673498243,legacy-unsorted
legacy_dump,RPG_RT/CharSet/various_FG.png,.png,9626,1673498243,legacy-unsorted
legacy_dump,RPG_RT/CharSet/vehicle.png,.png,11200,1673498243,legacy-unsorted
legacy_dump,RPG_RT/CharSet/weapons.png,.png,6847,1673498243,legacy-unsorted
legacy_dump,RPG_RT/CharSet/wwf.png,.png,11804,1673498243,legacy-unsorted
legacy_dump,RPG_RT/ChipSet/12019_1137715849.png,.png,24508,1673498244,legacy-unsorted
legacy_dump,RPG_RT/ChipSet/1422_1057931979.png,.png,31147,1673498244,legacy-unsorted
legacy_dump,RPG_RT/ChipSet/17348_1164134854.png,.png,42587,1673498244,legacy-unsorted
legacy_dump,RPG_RT/ChipSet/26900_1166584970.png,.png,18963,1673498244,legacy-unsorted
legacy_dump,RPG_RT/ChipSet/4656_1085976279.png,.png,42264,1673498244,legacy-unsorted
legacy_dump,RPG_RT/ChipSet/46940_1255610226.png,.png,62188,1673498244,legacy-unsorted
legacy_dump,RPG_RT/ChipSet/4748_1082801913.png,.png,15830,1673498244,legacy-unsorted
legacy_dump,RPG_RT/ChipSet/7446_1082101170.png,.png,31515,1673498244,legacy-unsorted
legacy_dump,RPG_RT/ChipSet/7489_1112024834.png,.png,26732,1673498244,legacy-unsorted
legacy_dump,RPG_RT/ChipSet/Ancient.png,.png,32863,1673498244,legacy-unsorted
legacy_dump,RPG_RT/ChipSet/Casino.png,.png,29294,1673498244,legacy-unsorted
legacy_dump,RPG_RT/ChipSet/DH-Camp.png,.png,60459,1673498244,legacy-unsorted
legacy_dump,RPG_RT/ChipSet/DH-Castle&Fort.png,.png,38420,1673498244,legacy-unsorted
legacy_dump,RPG_RT/ChipSet/DH-CastleInner.png,.png,33259,1673498244,legacy-unsorted
legacy_dump,RPG_RT/ChipSet/DH-Caverns.png,.png,28679,1673498244,legacy-unsorted
legacy_dump,RPG_RT/ChipSet/DH-CentralMarket.png,.png,51515,1673498244,legacy-unsorted
legacy_dump,RPG_RT/ChipSet/DH-InnerShops.png,.png,48352,1673498244,legacy-unsorted
legacy_dump,RPG_RT/ChipSet/DH-Library.png,.png,28447,1673498244,legacy-unsorted
legacy_dump,RPG_RT/ChipSet/DH-MenuMapSystem2.png,.png,10756,1673498244,legacy-unsorted
legacy_dump,RPG_RT/ChipSet/DH-RuinedVillage.png,.png,54119,1673498244,legacy-unsorted
legacy_dump,RPG_RT/ChipSet/DH-Templeofholies.png,.png,30654,1673498244,legacy-unsorted
legacy_dump,RPG_RT/ChipSet/DH-Vekasoul'sBlackTower.png,.png,18771,1673498244,legacy-unsorted
legacy_dump,RPG_RT/ChipSet/DH-Vivica.png,.png,30537,1673498244,legacy-unsorted
legacy_dump,RPG_RT/ChipSet/DesertVillage.png,.png,39999,1673498244,legacy-unsorted
legacy_dump,RPG_RT/ChipSet/FG-City.png,.png,14652,1673498244,legacy-unsorted
legacy_dump,RPG_RT/ChipSet/FG-City.psd,.psd,404806,1673498243,legacy-unsorted
legacy_dump,RPG_RT/ChipSet/FG-Humortopica.png,.png,45810,1673498243,legacy-unsorted
legacy_dump,RPG_RT/ChipSet/FG-InnerShops_GRAY.png,.png,57739,1673498244,legacy-unsorted
legacy_dump,RPG_RT/ChipSet/FG-Temple.png,.png,37494,1673498243,legacy-unsorted
legacy_dump,RPG_RT/ChipSet/FG-Town.png,.png,36763,1673498243,legacy-unsorted
legacy_dump,RPG_RT/ChipSet/FG-Town_Inside.png,.png,39213,1673498243,legacy-unsorted
legacy_dump,RPG_RT/ChipSet/FG-Town_Inside_v2.png,.png,39684,1673498243,legacy-unsorted
legacy_dump,RPG_RT/ChipSet/RudoraInside.png,.png,24874,1673498243,legacy-unsorted
legacy_dump,RPG_RT/ChipSet/RudraForest.png,.png,36903,1673498243,legacy-unsorted
legacy_dump,RPG_RT/ChipSet/TEST-city.png,.png,40743,1673498244,legacy-unsorted
legacy_dump,RPG_RT/ChipSet/TEST2CITY.png,.png,60059,1673498244,legacy-unsorted
legacy_dump,RPG_RT/ChipSet/WildArms_dungeon2.png,.png,20728,1673498243,legacy-unsorted
legacy_dump,RPG_RT/ChipSet/Wilderness-Swamp-01.png,.png,40100,1673498243,legacy-unsorted
legacy_dump,RPG_RT/ChipSet/add-on_5.png,.png,31166,1673498244,legacy-unsorted
legacy_dump,RPG_RT/ChipSet/building.png,.png,45171,1673498244,legacy-unsorted
legacy_dump,RPG_RT/ChipSet/castle01_d.png,.png,26281,1673498244,legacy-unsorted
legacy_dump,RPG_RT/ChipSet/chipset3.png,.png,30546,1673498244,legacy-unsorted
legacy_dump,RPG_RT/ChipSet/chipset6b.png,.png,38231,1673498244,legacy-unsorted
legacy_dump,RPG_RT/ChipSet/chipset9.png,.png,28302,1673498244,legacy-unsorted
legacy_dump,RPG_RT/ChipSet/citytest2.png,.png,13435,1673498244,legacy-unsorted
legacy_dump,RPG_RT/ChipSet/darktown.png,.png,41771,1673498244,legacy-unsorted
legacy_dump,RPG_RT/ChipSet/desert.png,.png,62469,1673498244,legacy-unsorted
legacy_dump,RPG_RT/ChipSet/dungeon.png,.png,41846,1673498244,legacy-unsorted
legacy_dump,RPG_RT/ChipSet/dungeonF.png,.png,34544,1673498244,legacy-unsorted
legacy_dump,RPG_RT/ChipSet/futureship.png,.png,63544,1673498243,legacy-unsorted
legacy_dump,RPG_RT/ChipSet/main.png,.png,35006,1673498244,legacy-unsorted
legacy_dump,RPG_RT/ChipSet/main_trees.png,.png,34324,1673498243,legacy-unsorted
legacy_dump,RPG_RT/ChipSet/ship.png,.png,30404,1673498243,legacy-unsorted
legacy_dump,RPG_RT/ChipSet/town.png,.png,43639,1673498244,legacy-unsorted
legacy_dump,RPG_RT/ChipSet/urbanworld.png,.png,37833,1673498243,legacy-unsorted
legacy_dump,RPG_RT/FaceSet/FG-Faces.png,.png,3480,1673498243,legacy-unsorted
legacy_dump,RPG_RT/FaceSet/fgs.png,.png,3807,1673498242,legacy-unsorted
legacy_dump,RPG_RT/GameOver/gameover.png,.png,27367,1673498243,legacy-unsorted
legacy_dump,RPG_RT/Monster/1730_1059529470.png,.png,458,1673498243,legacy-unsorted
legacy_dump,RPG_RT/Monster/1730_1059712168.png,.png,623,1673498243,legacy-unsorted
legacy_dump,RPG_RT/Monster/1730_1069263108.png,.png,660,1673498243,legacy-unsorted
legacy_dump,RPG_RT/Monster/1730_1071703364.png,.png,552,1673498243,legacy-unsorted
legacy_dump,RPG_RT/Monster/1730_1100744976.png,.png,554,1673498243,legacy-unsorted
legacy_dump,RPG_RT/Monster/18421_1172012480.png,.png,3304,1673498243,legacy-unsorted
legacy_dump,RPG_RT/Monster/18421_1172012534.png,.png,2432,1673498243,legacy-unsorted
legacy_dump,RPG_RT/Monster/3228_1063500316.png,.png,1438,1673498243,legacy-unsorted
legacy_dump,RPG_RT/Monster/3228_1063500531-Adam’s MacBook Pro.png,.png,1459,1700167764,legacy-unsorted
legacy_dump,RPG_RT/Monster/3228_1063500531.png,.png,1459,1673498243,legacy-unsorted
legacy_dump,RPG_RT/Monster/3228_1063500559.png,.png,1497,1673498243,legacy-unsorted
legacy_dump,RPG_RT/Monster/3228_1063500593.png,.png,1402,1673498243,legacy-unsorted
legacy_dump,RPG_RT/Monster/3228_1063500760.png,.png,1853,1673498243,legacy-unsorted
legacy_dump,RPG_RT/Monster/3228_1078892108.png,.png,1175,1673498243,legacy-unsorted
legacy_dump,RPG_RT/Monster/Barbetta.png,.png,1451,1673498243,legacy-unsorted
legacy_dump,RPG_RT/Monster/Barney.png,.png,3982,1673498243,legacy-unsorted
legacy_dump,RPG_RT/Monster/Boss_GuardianGaist_05.png,.png,6445,1673498243,legacy-unsorted
legacy_dump,RPG_RT/Monster/Crystal Dragon2.png,.png,3125,1673498243,legacy-unsorted
legacy_dump,RPG_RT/Monster/Deep Eyes.png,.png,1353,1673498243,legacy-unsorted
legacy_dump,RPG_RT/Monster/Enemy-FatDemon.png,.png,1770,1673498243,legacy-unsorted
legacy_dump,RPG_RT/Monster/FF2Cokatrc(UltimateMaxim).png,.png,1523,1673498243,legacy-unsorted
legacy_dump,RPG_RT/Monster/FF2D.Flower(UltimateMaxim).png,.png,2052,1673498243,legacy-unsorted
legacy_dump,RPG_RT/Monster/FF2Deadhead(UltimateMaxim).png,.png,1477,1673498243,legacy-unsorted
legacy_dump,RPG_RT/Monster/FF2Gianttoad(UltimateMaxim).png,.png,1885,1673498243,legacy-unsorted
legacy_dump,RPG_RT/Monster/FF2Goblin(UltimateMaxim).png,.png,1485,1673498243,legacy-unsorted
legacy_dump,RPG_RT/Monster/FF2Hellgigas(UltimateMaxim).png,.png,2674,1673498243,legacy-unsorted
legacy_dump,RPG_RT/Monster/FF2Jelly(UltimateMaxim).png,.png,1597,1673498243,legacy-unsorted
legacy_dump,RPG_RT/Monster/FF2Lamia(UltimateMaxim).png,.png,2084,1673498243,legacy-unsorted
legacy_dump,RPG_RT/Monster/FF2Legeater(UltimateMaxim).png,.png,1569,1673498243,legacy-unsorted
legacy_dump,RPG_RT/Monster/FF2R.Dragon(UltimateMaxim).png,.png,3624,1673498243,legacy-unsorted
legacy_dump,RPG_RT/Monster/FF2Stunner(UltimateMaxim).png,.png,1458,1673498243,legacy-unsorted
legacy_dump,RPG_RT/Monster/FF2Woodgolem(UltimateMaxim).png,.png,2990,1673498243,legacy-unsorted
legacy_dump,RPG_RT/Monster/Giant Rudra.png,.png,3297,1673498243,legacy-unsorted
legacy_dump,RPG_RT/Monster/IronGiant.png,.png,3186,1673498243,legacy-unsorted
legacy_dump,RPG_RT/Monster/KOVEN.png,.png,998,1673498243,legacy-unsorted
legacy_dump,RPG_RT/Monster/Kendra.png,.png,1551,1673498243,legacy-unsorted
legacy_dump,RPG_RT/Monster/Lord_Devil_Demon (21).PNG,.png,1757,1673498243,legacy-unsorted
legacy_dump,RPG_RT/Monster/Lord_Devil_Demon (34).PNG,.png,664,1673498243,legacy-unsorted
legacy_dump,RPG_RT/Monster/Lord_Devil_Demon (69).PNG,.png,2156,1673498243,legacy-unsorted
legacy_dump,RPG_RT/Monster/MINI-MI.png,.png,976,1673498243,legacy-unsorted
legacy_dump,RPG_RT/Monster/MREVIL.png,.png,1060,1673498243,legacy-unsorted
legacy_dump,RPG_RT/Monster/MRIT.png,.png,1020,1673498243,legacy-unsorted
legacy_dump,RPG_RT/Monster/Neo Exdeath.png,.png,9292,1673498243,legacy-unsorted
legacy_dump,RPG_RT/Monster/PlantwithoutPipin.png,.png,2223,1673498243,legacy-unsorted
legacy_dump,RPG_RT/Monster/Pyros.png,.png,1716,1673498243,legacy-unsorted
legacy_dump,RPG_RT/Monster/REPAIRMAN.png,.png,1031,1673498243,legacy-unsorted
legacy_dump,RPG_RT/Monster/Red Dragon.png,.png,1666,1673498243,legacy-unsorted
legacy_dump,RPG_RT/Monster/RuinsGuard.png,.png,6395,1673498243,legacy-unsorted
legacy_dump,RPG_RT/Monster/SERIOUSMAN.png,.png,1081,1673498243,legacy-unsorted
legacy_dump,RPG_RT/Monster/Sahagin Prince.png,.png,1185,1673498243,legacy-unsorted
legacy_dump,RPG_RT/Monster/Sea Naga.png,.png,1639,1673498243,legacy-unsorted
legacy_dump,RPG_RT/Monster/Skeleton.png,.png,1190,1673498243,legacy-unsorted
legacy_dump,RPG_RT/Monster/Statue.png,.png,1372,1673498244,legacy-unsorted
legacy_dump,RPG_RT/Monster/Troll.png,.png,1155,1673498244,legacy-unsorted
legacy_dump,RPG_RT/Monster/Turantula.png,.png,1206,1673498244,legacy-unsorted
legacy_dump,RPG_RT/Monster/Worm.png,.png,1651,1673498244,legacy-unsorted
legacy_dump,RPG_RT/Monster/atmaweapon.png,.png,4283,1673498243,legacy-unsorted
legacy_dump,RPG_RT/Monster/behemoth.png,.png,10026,1673498243,legacy-unsorted
legacy_dump,RPG_RT/Monster/bit.png,.png,1134,1673498243,legacy-unsorted
legacy_dump,RPG_RT/Monster/doom.png,.png,4111,1673498243,legacy-unsorted
legacy_dump,RPG_RT/Monster/dueller.png,.png,1343,1673498243,legacy-unsorted
legacy_dump,RPG_RT/Monster/fenrir.png,.png,2547,1673498243,legacy-unsorted
legacy_dump,RPG_RT/Monster/frogman.png,.png,665,1673498243,legacy-unsorted
legacy_dump,RPG_RT/Monster/frogman_theif.png,.png,753,1673498243,legacy-unsorted
legacy_dump,RPG_RT/Monster/gargoyle.png,.png,1349,1673498243,legacy-unsorted
legacy_dump,RPG_RT/Monster/ghost.png,.png,1164,1673498243,legacy-unsorted
legacy_dump,RPG_RT/Monster/graydemon01.png,.png,13091,1673498243,legacy-unsorted
legacy_dump,RPG_RT/Monster/hobo.png,.png,1516,1673498243,legacy-unsorted
legacy_dump,RPG_RT/Monster/inferno.png,.png,2588,1673498243,legacy-unsorted
legacy_dump,RPG_RT/Monster/lethalwpn.png,.png,1668,1673498243,legacy-unsorted
legacy_dump,RPG_RT/Monster/leviathan.png,.png,6055,1673498243,legacy-unsorted
legacy_dump,RPG_RT/Monster/lich.png,.png,3699,1673498243,legacy-unsorted
legacy_dump,RPG_RT/Monster/midgard-serp.png,.png,9657,1673498243,legacy-unsorted
legacy_dump,RPG_RT/Monster/muck.png,.png,1219,1673498243,legacy-unsorted
legacy_dump,RPG_RT/Monster/mudgolem.png,.png,1739,1673498243,legacy-unsorted
legacy_dump,RPG_RT/Monster/odin.png,.png,5499,1673498243,legacy-unsorted
legacy_dump,RPG_RT/Monster/ogre.png,.png,3989,1673498243,legacy-unsorted
legacy_dump,RPG_RT/Monster/osteosaur.png,.png,2443,1673498243,legacy-unsorted
legacy_dump,RPG_RT/Monster/redsparrow.png,.png,7718,1673498243,legacy-unsorted
legacy_dump,RPG_RT/Monster/seatroll.png,.png,1502,1673498243,legacy-unsorted
legacy_dump,RPG_RT/Monster/shadow.png,.png,2131,1673498243,legacy-unsorted
legacy_dump,RPG_RT/Monster/skeleton-mace.png,.png,712,1673498243,legacy-unsorted
legacy_dump,RPG_RT/Monster/skeleton2.png,.png,501,1673498243,legacy-unsorted
legacy_dump,RPG_RT/Monster/spforces.png,.png,1032,1673498244,legacy-unsorted
legacy_dump,RPG_RT/Monster/spirit.png,.png,2051,1673498244,legacy-unsorted
legacy_dump,RPG_RT/Monster/treant.png,.png,4446,1673498244,legacy-unsorted
legacy_dump,RPG_RT/Panorama/Forest Pan.png,.png,4135,1673498242,legacy-unsorted
legacy_dump,RPG_RT/Panorama/forestmountain.png,.png,8341,1673498242,legacy-unsorted
legacy_dump,RPG_RT/Panorama/planet1.png,.png,20459,1673498242,legacy-unsorted
legacy_dump,RPG_RT/Panorama/sky1.png,.png,31209,1673498242,legacy-unsorted
legacy_dump,RPG_RT/Panorama/space.png,.png,106425,1673498242,legacy-unsorted
legacy_dump,RPG_RT/Picture/credits.png,.png,7651,1673498242,legacy-unsorted
legacy_dump,RPG_RT/Picture/credits1.png,.png,1805,1673498242,legacy-unsorted
legacy_dump,RPG_RT/Picture/credits2.png,.png,2117,1673498242,legacy-unsorted
legacy_dump,RPG_RT/Picture/credits3.png,.png,1615,1673498242,legacy-unsorted
legacy_dump,RPG_RT/Picture/credits4.png,.png,1692,1673498242,legacy-unsorted
legacy_dump,RPG_RT/Picture/credits5.png,.png,2018,1673498242,legacy-unsorted
legacy_dump,RPG_RT/Picture/credits6.png,.png,3177,1673498242,legacy-unsorted
legacy_dump,RPG_RT/Picture/credits7.png,.png,1983,1673498242,legacy-unsorted
legacy_dump,RPG_RT/Picture/credits8.png,.png,1465,1673498242,legacy-unsorted
legacy_dump,RPG_RT/Picture/credits9.png,.png,1876,1673498242,legacy-unsorted
legacy_dump,RPG_RT/Picture/theend.png,.png,1647,1673498242,legacy-unsorted
legacy_dump,RPG_RT/System/fg_system.png,.png,2076,1673498242,legacy-unsorted
legacy_dump,RPG_RT/System2/FG-BattleSystem.png,.png,1450,1673498242,legacy-unsorted
legacy_dump,RPG_RT/Title/FGRPG Title Screen.png,.png,43084,1673498242,legacy-unsorted
legacy_dump,Raw/001_the_funny_guy.png,.png,466349,1733095741,legacy-unsorted
legacy_dump,Raw/001_the_funny_guy.psd,.psd,8753624,1673498258,legacy-unsorted
legacy_dump,Raw/002_foulness.png,.png,423651,1733095741,legacy-unsorted
legacy_dump,Raw/002_foulness.psd,.psd,8325536,1673498258,legacy-unsorted
legacy_dump,Raw/003_hungry.png,.png,445179,1733095741,legacy-unsorted
legacy_dump,Raw/003_hungry.psd,.psd,8754187,1673498258,legacy-unsorted
legacy_dump,Raw/004_pottyps_disco_club.png,.png,467294,1733095741,legacy-unsorted
legacy_dump,Raw/004_pottyps_disco_club.psd,.psd,8404305,1673498258,legacy-unsorted
legacy_dump,Raw/005_hot_sauce.png,.png,326150,1733095741,legacy-unsorted
legacy_dump,Raw/005_hot_sauce.psd,.psd,7471531,1673498258,legacy-unsorted
legacy_dump,Raw/006_food_eatin.png,.png,384406,1733095741,legacy-unsorted
legacy_dump,Raw/006_food_eatin.psd,.psd,8779424,1673498258,legacy-unsorted
legacy_dump,Raw/007_piece_of_junk.png,.png,396690,1733095741,legacy-unsorted
legacy_dump,Raw/007_piece_of_junk.psd,.psd,7292966,1673498258,legacy-unsorted
legacy_dump,Raw/008_his_car.png,.png,409302,1733095741,legacy-unsorted
legacy_dump,Raw/008_his_car.psd,.psd,7478909,1673498258,legacy-unsorted
legacy_dump,Raw/009_employees_only.png,.png,512979,1733095741,legacy-unsorted
legacy_dump,Raw/009_employees_only.psd,.psd,8030948,1673498258,legacy-unsorted
legacy_dump,Raw/010_sadistic_little_kid.png,.png,495481,1733095741,legacy-unsorted
legacy_dump,Raw/010_sadistic_little_kid.psd,.psd,8792114,1673498258,legacy-unsorted
legacy_dump,Raw/011_forest_traps.png,.png,510318,1733095741,legacy-unsorted
legacy_dump,Raw/011_forest_traps.psd,.psd,8057106,1673498258,legacy-unsorted
legacy_dump,Raw/012_tree_troubles.png,.png,310852,1733095741,legacy-unsorted
legacy_dump,Raw/012_tree_troubles.psd,.psd,7596849,1673498258,legacy-unsorted
legacy_dump,Raw/013_crap_man.png,.png,433122,1733095741,legacy-unsorted
legacy_dump,Raw/013_crap_man.psd,.psd,8516831,1673498258,legacy-unsorted
legacy_dump,Raw/014_dweeb.png,.png,387406,1733095741,legacy-unsorted
legacy_dump,Raw/014_dweeb.psd,.psd,7703493,1673498258,legacy-unsorted
legacy_dump,Raw/015_oh_gawd_pkmn.png,.png,513798,1733095741,legacy-unsorted
legacy_dump,Raw/015_oh_gawd_pkmn.psd,.psd,9682268,1673498258,legacy-unsorted
legacy_dump,Raw/016_cheap_choppers.png,.png,862711,1733095741,legacy-unsorted
legacy_dump,Raw/016_cheap_choppers.psd,.psd,15201479,1673498258,legacy-unsorted
legacy_dump,Raw/017_steves_birthday_party.png,.png,347122,1733095741,legacy-unsorted
legacy_dump,Raw/017_steves_birthday_party.psd,.psd,9832028,1673498258,legacy-unsorted
legacy_dump,Raw/018_cheap_choppers_2.png,.png,615543,1733095741,legacy-unsorted
legacy_dump,Raw/018_cheap_choppers_2.psd,.psd,12250677,1673498258,legacy-unsorted
legacy_dump,Raw/019_gas.png,.png,514078,1733095741,legacy-unsorted
legacy_dump,Raw/019_gas.psd,.psd,10891387,1673498258,legacy-unsorted
legacy_dump,Raw/020_barney.png,.png,492578,1733095741,legacy-unsorted
legacy_dump,Raw/020_barney.psd,.psd,11469309,1673498258,legacy-unsorted
legacy_dump,Raw/021_dna.png,.png,784710,1733095741,legacy-unsorted
legacy_dump,Raw/021_dna.psd,.psd,15537475,1673498258,legacy-unsorted
legacy_dump,Raw/022_jungle_adventure.png,.png,752096,1733095741,legacy-unsorted
legacy_dump,Raw/022_jungle_adventure.psd,.psd,12749471,1673498258,legacy-unsorted
legacy_dump,Raw/023_coconuts.png,.png,1086452,1733095741,legacy-unsorted
legacy_dump,Raw/023_coconuts.psd,.psd,18589686,1673498258,legacy-unsorted
legacy_dump,Raw/024_koven.png,.png,780007,1733095741,legacy-unsorted
legacy_dump,Raw/024_koven.psd,.psd,13920680,1673498258,legacy-unsorted
legacy_dump,Raw/025_hyper_day.png,.png,906748,1733095741,legacy-unsorted
legacy_dump,Raw/025_hyper_day.psd,.psd,14481770,1673498258,legacy-unsorted
legacy_dump,Raw/026_dead_koven.png,.png,635594,1733095741,legacy-unsorted
legacy_dump,Raw/026_dead_koven.psd,.psd,12291598,1673498258,legacy-unsorted
legacy_dump,Raw/027_dork_inc.png,.png,227972,1733095741,legacy-unsorted
legacy_dump,Raw/027_dork_inc.psd,.psd,7647974,1673498258,legacy-unsorted
legacy_dump,Raw/028_crushed.png,.png,454078,1733095741,legacy-unsorted
legacy_dump,Raw/028_crushed.psd,.psd,10211143,1673498258,legacy-unsorted
legacy_dump,Raw/029_groundhog_day.png,.png,702132,1733095741,legacy-unsorted
legacy_dump,Raw/029_groundhog_day.psd,.psd,11509135,1673498258,legacy-unsorted
legacy_dump,Raw/030_sunglasses_so_cool_they_kill_you.png,.png,853371,1733095741,legacy-unsorted
legacy_dump,Raw/030_sunglasses_so_cool_they_kill_you.psd,.psd,15546031,1673498258,legacy-unsorted
legacy_dump,Raw/031_fungus_force_field.png,.png,1140685,1733095741,legacy-unsorted
legacy_dump,Raw/031_fungus_force_field.psd,.psd,19887650,1673498258,legacy-unsorted
legacy_dump,Raw/032_the_war.png,.png,916766,1733095741,legacy-unsorted
legacy_dump,Raw/032_the_war.psd,.psd,15239282,1673498258,legacy-unsorted
legacy_dump,Raw/033_yellow_snow.png,.png,878328,1733095741,legacy-unsorted
legacy_dump,Raw/033_yellow_snow.psd,.psd,16606246,1673498258,legacy-unsorted
legacy_dump,Raw/034_sharpeye.png,.png,968930,1733095741,legacy-unsorted
legacy_dump,Raw/034_sharpeye.psd,.psd,15129603,1673498258,legacy-unsorted
legacy_dump,Raw/035_court.png,.png,861913,1733095741,legacy-unsorted
legacy_dump,Raw/035_court.psd,.psd,14001555,1673498258,legacy-unsorted
legacy_dump,Raw/036_the_brothers.png,.png,897503,1733095741,legacy-unsorted
legacy_dump,Raw/036_the_brothers.psd,.psd,15752017,1673498258,legacy-unsorted
legacy_dump,Raw/037_they_meet_again.png,.png,300449,1733095741,legacy-unsorted
legacy_dump,Raw/037_they_meet_again.psd,.psd,8018178,1673498258,legacy-unsorted
legacy_dump,Raw/038_the_diamond_sword.png,.png,868938,1733095741,legacy-unsorted
legacy_dump,Raw/038_the_diamond_sword.psd,.psd,15529857,1673498258,legacy-unsorted
legacy_dump,Raw/039_cut_the_cheese.png,.png,988824,1733095741,legacy-unsorted
legacy_dump,Raw/039_cut_the_cheese.psd,.psd,16986291,1673498258,legacy-unsorted
legacy_dump,Raw/040_skits.png,.png,996287,1733095741,legacy-unsorted
legacy_dump,Raw/040_skits.psd,.psd,16127691,1673498258,legacy-unsorted
legacy_dump,Raw/041_funny_guy_jr.png,.png,878470,1733095741,legacy-unsorted
legacy_dump,Raw/041_funny_guy_jr.psd,.psd,15268435,1673498258,legacy-unsorted
legacy_dump,Raw/042_the_barney_mask.png,.png,814380,1733095741,legacy-unsorted
legacy_dump,Raw/042_the_barney_mask.psd,.psd,13971944,1673498258,legacy-unsorted
legacy_dump,Raw/043_the_barney_mask_2.png,.png,834226,1733095741,legacy-unsorted
legacy_dump,Raw/043_the_barney_mask_2.psd,.psd,13498635,1673498258,legacy-unsorted
legacy_dump,Raw/044_life_without_koven.png,.png,626426,1733095741,legacy-unsorted
legacy_dump,Raw/044_life_without_koven.psd,.psd,12026833,1673498258,legacy-unsorted
legacy_dump,Raw/045_repair_man.png,.png,1123814,1733095741,legacy-unsorted
legacy_dump,Raw/045_repair_man.psd,.psd,17480613,1673498258,legacy-unsorted
legacy_dump,Raw/046_finale.png,.png,226096,1733095741,legacy-unsorted
legacy_dump,Raw/046_finale.psd,.psd,5693563,1673498258,legacy-unsorted
legacy_dump,Raw/047_dinner.png,.png,353876,1733095741,legacy-unsorted
legacy_dump,Raw/047_dinner.psd,.psd,7330755,1673498258,legacy-unsorted
legacy_dump,Raw/048_cake_repair.png,.png,302915,1733095741,legacy-unsorted
legacy_dump,Raw/048_cake_repair.psd,.psd,5610120,1673498258,legacy-unsorted
legacy_dump,Raw/049_pottyp_world.png,.png,550963,1733095741,legacy-unsorted
legacy_dump,Raw/049_pottyp_world.psd,.psd,9247896,1673498258,legacy-unsorted
legacy_dump,Raw/050_the_final_stretch.png,.png,578517,1733095741,legacy-unsorted
legacy_dump,Raw/050_the_final_stretch.psd,.psd,10525187,1673498258,legacy-unsorted
legacy_dump,Raw/051_product_testing.png,.png,519597,1733095741,legacy-unsorted
legacy_dump,Raw/051_product_testing.psd,.psd,9016186,1673498258,legacy-unsorted
legacy_dump,Raw/052_trademark.png,.png,763486,1733095741,legacy-unsorted
legacy_dump,Raw/052_trademark.psd,.psd,11932306,1673498258,legacy-unsorted
legacy_dump,Raw/053_abandoned_schools.png,.png,575561,1733095741,legacy-unsorted
legacy_dump,Raw/053_abandoned_schools.psd,.psd,9548613,1673498258,legacy-unsorted
legacy_dump,Raw/054_funny_guy_racing.png,.png,186934,1733095741,legacy-unsorted
legacy_dump,Raw/054_funny_guy_racing.psd,.psd,5637109,1673498258,legacy-unsorted
legacy_dump,Raw/055_the_deadly_sink_of_death.png,.png,860820,1733095741,legacy-unsorted
legacy_dump,Raw/055_the_deadly_sink_of_death.psd,.psd,13434724,1673498258,legacy-unsorted
legacy_dump,Raw/056_bomb_bash.png,.png,814833,1733095741,legacy-unsorted
legacy_dump,Raw/056_bomb_bash.psd,.psd,13470751,1673498258,legacy-unsorted
legacy_dump,Raw/057_rollercoaster.png,.png,568512,1733095741,legacy-unsorted
legacy_dump,Raw/057_rollercoaster.psd,.psd,12599440,1673498258,legacy-unsorted
legacy_dump,Raw/058_the_origin_of_funny_guy.png,.png,147558,1733095741,legacy-unsorted
legacy_dump,Raw/058_the_origin_of_funny_guy.psd,.psd,6084019,1673498258,legacy-unsorted
legacy_dump,Raw/059_not_funny_world.png,.png,366340,1733095741,legacy-unsorted
legacy_dump,Raw/059_not_funny_world.psd,.psd,10940750,1673498258,legacy-unsorted
legacy_dump,Raw/060_arr_matey.png,.png,543488,1733095741,legacy-unsorted
legacy_dump,Raw/060_arr_matey.psd,.psd,10383888,1673498258,legacy-unsorted
legacy_dump,Raw/061_the_wish_tree.png,.png,607656,1733095741,legacy-unsorted
legacy_dump,Raw/061_the_wish_tree.psd,.psd,10184772,1673498258,legacy-unsorted
legacy_dump,Raw/062_1.psd,.psd,11937355,1673498248,legacy-unsorted
legacy_dump,Raw/062_2.psd,.psd,8468174,1673498248,legacy-unsorted
legacy_dump,Raw/062_3.psd,.psd,12293094,1673498248,legacy-unsorted
legacy_dump,Raw/062_the_storm.png,.png,747407,1733095741,legacy-unsorted
legacy_dump,Raw/062_the_storm.psd,.psd,11771811,1673498258,legacy-unsorted
legacy_dump,Raw/062_the_storm_pg2.png,.png,819048,1733095741,legacy-unsorted
legacy_dump,Raw/062_the_storm_pg2.psd,.psd,7275540,1673498258,legacy-unsorted
legacy_dump,Raw/062_the_storm_pg3.png,.png,475944,1733095741,legacy-unsorted
legacy_dump,Raw/062_the_storm_pg3.psd,.psd,3613364,1673498258,legacy-unsorted
legacy_dump,Raw/063_dandelions_is_good_food.png,.png,850602,1733095741,legacy-unsorted
legacy_dump,Raw/063_dandelions_is_good_food.psd,.psd,11769435,1673498258,legacy-unsorted
legacy_dump,Raw/064_chesskers.png,.png,1070509,1733095741,legacy-unsorted
legacy_dump,Raw/064_chesskers.psd,.psd,15144063,1673498258,legacy-unsorted
legacy_dump,Raw/065_snowed_in.png,.png,928559,1733095741,legacy-unsorted
legacy_dump,Raw/065_snowed_in.psd,.psd,10421132,1673498258,legacy-unsorted
legacy_dump,Raw/066_lemonade.png,.png,852287,1733095741,legacy-unsorted
legacy_dump,Raw/066_lemonade.psd,.psd,12619816,1673498258,legacy-unsorted
legacy_dump,Raw/067_incompetent.png,.png,671474,1733095741,legacy-unsorted
legacy_dump,Raw/067_incompetent.psd,.psd,13117437,1673498258,legacy-unsorted
legacy_dump,Raw/068_new_pets.png,.png,969437,1733095741,legacy-unsorted
legacy_dump,Raw/068_new_pets.psd,.psd,16092759,1673498258,legacy-unsorted
legacy_dump,Raw/069_night_patrol.png,.png,1042646,1733095741,legacy-unsorted
legacy_dump,Raw/069_night_patrol.psd,.psd,14148278,1673498258,legacy-unsorted
legacy_dump,Raw/070_night_patrol_2.png,.png,780503,1733095741,legacy-unsorted
legacy_dump,Raw/070_night_patrol_2.psd,.psd,12176219,1673498258,legacy-unsorted
legacy_dump,Raw/071_the_battle.png,.png,945998,1733095741,legacy-unsorted
legacy_dump,Raw/071_the_battle.psd,.psd,14526748,1673498258,legacy-unsorted
legacy_dump,Raw/072_the_parting.png,.png,769848,1733095741,legacy-unsorted
legacy_dump,Raw/072_the_parting.psd,.psd,12378968,1673498258,legacy-unsorted
legacy_dump,Raw/073_vetod.png,.png,850035,1733095741,legacy-unsorted
legacy_dump,Raw/073_vetod.psd,.psd,13436769,1673498258,legacy-unsorted
legacy_dump,Raw/074_have_some_cheese.png,.png,599173,1733095741,legacy-unsorted
legacy_dump,Raw/074_have_some_cheese.psd,.psd,10640488,1673498258,legacy-unsorted
legacy_dump,Raw/075_movin.png,.png,219781,1733095741,legacy-unsorted
legacy_dump,Raw/075_movin.psd,.psd,5787495,1673498258,legacy-unsorted
legacy_dump,Raw/076_he_doesnt_like_that_song.png,.png,1187189,1733095741,legacy-unsorted
legacy_dump,Raw/076_he_doesnt_like_that_song.psd,.psd,23365344,1673498258,legacy-unsorted
legacy_dump,Raw/077_mobbed.png,.png,1023661,1733095741,legacy-unsorted
legacy_dump,Raw/077_mobbed.psd,.psd,21053160,1673498258,legacy-unsorted
legacy_dump,Raw/078_potpie_the_sailor.png,.png,767378,1733095741,legacy-unsorted
legacy_dump,Raw/078_potpie_the_sailor.psd,.psd,12477661,1673498258,legacy-unsorted
legacy_dump,Raw/079_apple_grenades.png,.png,852872,1733095741,legacy-unsorted
legacy_dump,Raw/079_apple_grenades.psd,.psd,13723497,1673498258,legacy-unsorted
legacy_dump,Raw/080_gadgets.png,.png,876848,1733095741,legacy-unsorted
legacy_dump,Raw/080_gadgets.psd,.psd,14881782,1673498258,legacy-unsorted
legacy_dump,Raw/081_submergin.png,.png,715914,1733095741,legacy-unsorted
legacy_dump,Raw/081_submergin.psd,.psd,12707113,1673498258,legacy-unsorted
legacy_dump,Raw/082_juniors_problem.png,.png,879600,1733095741,legacy-unsorted
legacy_dump,Raw/082_juniors_problem.psd,.psd,15757076,1673498258,legacy-unsorted
legacy_dump,Raw/083_ice_kweem.png,.png,1161426,1733095741,legacy-unsorted
legacy_dump,Raw/083_ice_kweem.psd,.psd,15565121,1673498258,legacy-unsorted
legacy_dump,Raw/084_general_relativity.png,.png,297757,1733095741,legacy-unsorted
legacy_dump,Raw/084_general_relativity.psd,.psd,7161438,1673498258,legacy-unsorted
legacy_dump,Raw/085_lava_lamp.png,.png,677439,1733095741,legacy-unsorted
legacy_dump,Raw/085_lava_lamp.psd,.psd,13957421,1673498258,legacy-unsorted
legacy_dump,Raw/086_such_a_pest.png,.png,233169,1733095741,legacy-unsorted
legacy_dump,Raw/086_such_a_pest.psd,.psd,5895894,1673498258,legacy-unsorted
legacy_dump,Raw/087_wee_wee.png,.png,365680,1733095741,legacy-unsorted
legacy_dump,Raw/087_wee_wee.psd,.psd,7817036,1673498258,legacy-unsorted
legacy_dump,Raw/088_announcement.png,.png,185803,1733095741,legacy-unsorted
legacy_dump,Raw/088_announcement.psd,.psd,6205734,1673498258,legacy-unsorted
legacy_dump,Raw/089_do_not_swallow.png,.png,655831,1733095741,legacy-unsorted
legacy_dump,Raw/089_do_not_swallow.psd,.psd,881992,1673498258,legacy-unsorted
legacy_dump,Raw/090_joke_time.png,.png,254011,1733095741,legacy-unsorted
legacy_dump,Raw/090_joke_time.psd,.psd,6216126,1673498258,legacy-unsorted
legacy_dump,Raw/091_into_the_desert.png,.png,884866,1733095741,legacy-unsorted
legacy_dump,Raw/091_into_the_desert.psd,.psd,25769118,1673498258,legacy-unsorted
legacy_dump,Raw/092_culturally_insensitive.png,.png,987980,1733095741,legacy-unsorted
legacy_dump,Raw/092_culturally_insensitive.psd,.psd,29691215,1673498258,legacy-unsorted
legacy_dump,Raw/093_basketball_game.png,.png,830857,1733095741,legacy-unsorted
legacy_dump,Raw/093_basketball_game.psd,.psd,21823000,1673498258,legacy-unsorted
legacy_dump,Raw/094_blind_horses.png,.png,676882,1733095741,legacy-unsorted
legacy_dump,Raw/094_blind_horses.psd,.psd,20424809,1673498258,legacy-unsorted
legacy_dump,Raw/095_be_kind_rewind.png,.png,684858,1733095741,legacy-unsorted
legacy_dump,Raw/095_be_kind_rewind.psd,.psd,20444287,1673498258,legacy-unsorted
legacy_dump,Raw/096_recycling.png,.png,498259,1733095741,legacy-unsorted
legacy_dump,Raw/096_recycling.psd,.psd,18250877,1673498258,legacy-unsorted
legacy_dump,Raw/097_laziness.png,.png,833773,1733095741,legacy-unsorted
legacy_dump,Raw/097_laziness.psd,.psd,24316401,1673498258,legacy-unsorted
legacy_dump,Raw/098_owned.png,.png,820423,1733095741,legacy-unsorted
legacy_dump,Raw/098_owned.psd,.psd,23649845,1673498258,legacy-unsorted
legacy_dump,Raw/099_the_lineup.png,.png,677363,1733095741,legacy-unsorted
legacy_dump,Raw/099_the_lineup.psd,.psd,20085896,1673498258,legacy-unsorted
legacy_dump,Raw/100_the_tower.png,.png,836658,1733095741,legacy-unsorted
legacy_dump,Raw/100_the_tower.psd,.psd,24783992,1673498258,legacy-unsorted
legacy_dump,Raw/101_humiliation.png,.png,980069,1733095741,legacy-unsorted
legacy_dump,Raw/101_humiliation.psd,.psd,26765804,1673498258,legacy-unsorted
legacy_dump,Raw/102_exaggeration.png,.png,757933,1733095741,legacy-unsorted
legacy_dump,Raw/102_exaggeration.psd,.psd,24196470,1673498258,legacy-unsorted
legacy_dump,Raw/103_beatin_round_the_bush.png,.png,748839,1733095741,legacy-unsorted
legacy_dump,Raw/103_beatin_round_the_bush.psd,.psd,22135801,1673498258,legacy-unsorted
legacy_dump,Raw/104_butt_kicked.png,.png,768848,1733095741,legacy-unsorted
legacy_dump,Raw/104_butt_kicked.psd,.psd,21827908,1673498258,legacy-unsorted
legacy_dump,Raw/105_wrath_of_the_elements.png,.png,724450,1733095741,legacy-unsorted
legacy_dump,Raw/105_wrath_of_the_elements.psd,.psd,24944134,1673498258,legacy-unsorted
legacy_dump,Raw/106_sharp_objects.png,.png,864873,1733095741,legacy-unsorted
legacy_dump,Raw/106_sharp_objects.psd,.psd,29404307,1673498258,legacy-unsorted
legacy_dump,Raw/107_bonus_isle.png,.png,684500,1733095741,legacy-unsorted
legacy_dump,Raw/107_bonus_isle.psd,.psd,21278486,1673498258,legacy-unsorted
legacy_dump,Raw/108_the_moon.png,.png,283108,1733095741,legacy-unsorted
legacy_dump,Raw/108_the_moon.psd,.psd,16436717,1673498258,legacy-unsorted
legacy_dump,Raw/109_outnumbered.png,.png,391553,1733095741,legacy-unsorted
legacy_dump,Raw/109_outnumbered.psd,.psd,18318690,1673498258,legacy-unsorted
legacy_dump,Raw/110_cold_storage.png,.png,552755,1733095741,legacy-unsorted
legacy_dump,Raw/110_cold_storage.psd,.psd,20098564,1673498258,legacy-unsorted
legacy_dump,Raw/111_bustin_out.png,.png,707337,1733095741,legacy-unsorted
legacy_dump,Raw/111_bustin_out.psd,.psd,22571133,1673498258,legacy-unsorted
legacy_dump,Raw/112_food.png,.png,715429,1733095741,legacy-unsorted
legacy_dump,Raw/112_food.psd,.psd,20917979,1673498258,legacy-unsorted
legacy_dump,Raw/113_first_quarter.png,.png,340581,1733095741,legacy-unsorted
legacy_dump,Raw/113_first_quarter.psd,.psd,17852939,1673498258,legacy-unsorted
legacy_dump,Raw/114_first_quarter_show.png,.png,228855,1733095741,legacy-unsorted
legacy_dump,Raw/114_first_quarter_show.psd,.psd,16002311,1673498258,legacy-unsorted
legacy_dump,Raw/115_second_quarter.png,.png,120181,1733095741,legacy-unsorted
legacy_dump,Raw/115_second_quarter.psd,.psd,14623107,1673498258,legacy-unsorted
legacy_dump,Raw/116_second_quarter_ii.png,.png,445700,1733095741,legacy-unsorted
legacy_dump,Raw/116_second_quarter_ii.psd,.psd,18073937,1673498258,legacy-unsorted
legacy_dump,Raw/117_announcement_ii.png,.png,108853,1733095741,legacy-unsorted
legacy_dump,Raw/117_announcement_ii.psd,.psd,13333843,1673498258,legacy-unsorted
legacy_dump,Raw/118_halftime.png,.png,95983,1733095741,legacy-unsorted
legacy_dump,Raw/118_halftime.psd,.psd,13163656,1673498258,legacy-unsorted
legacy_dump,Raw/119_second_half.png,.png,226243,1733095741,legacy-unsorted
legacy_dump,Raw/119_second_half.psd,.psd,14329835,1673498258,legacy-unsorted
legacy_dump,Raw/120_preview.png,.png,460181,1733095741,legacy-unsorted
legacy_dump,Raw/120_preview.psd,.psd,19121850,1673498258,legacy-unsorted
legacy_dump,Raw/121_flooded.png,.png,659070,1733095741,legacy-unsorted
legacy_dump,Raw/121_flooded.psd,.psd,14470959,1673498258,legacy-unsorted
legacy_dump,Raw/122_juniors_birthday.png,.png,711917,1733095741,legacy-unsorted
legacy_dump,Raw/122_juniors_birthday.psd,.psd,14634110,1673498258,legacy-unsorted
legacy_dump,Raw/123_tv_shows.png,.png,554763,1733095741,legacy-unsorted
legacy_dump,Raw/123_tv_shows.psd,.psd,12094155,1673498258,legacy-unsorted
legacy_dump,Raw/124_the_funny_guy_show.png,.png,557271,1733095741,legacy-unsorted
legacy_dump,Raw/124_the_funny_guy_show.psd,.psd,12356440,1673498258,legacy-unsorted
legacy_dump,Raw/125_mayhem_in_funnytown.png,.png,618329,1733095741,legacy-unsorted
legacy_dump,Raw/125_mayhem_in_funnytown.psd,.psd,13019450,1673498258,legacy-unsorted
legacy_dump,Raw/126_hide_n_seek.png,.png,364390,1733095741,legacy-unsorted
legacy_dump,Raw/126_hide_n_seek.psd,.psd,9693214,1673498258,legacy-unsorted
legacy_dump,Raw/127_the_funny_guy_show_episode_ii.png,.png,321957,1733095741,legacy-unsorted
legacy_dump,Raw/127_the_funny_guy_show_episode_ii.psd,.psd,9021891,1673498258,legacy-unsorted
legacy_dump,Raw/128_and_were_back.png,.png,606219,1733095741,legacy-unsorted
legacy_dump,Raw/128_and_were_back.psd,.psd,12372539,1673498258,legacy-unsorted
legacy_dump,Raw/129_the_adventure_begins.png,.png,561529,1733095741,legacy-unsorted
legacy_dump,Raw/129_the_adventure_begins.psd,.psd,12246622,1673498258,legacy-unsorted
legacy_dump,Raw/130_transparent_disco_clothes.png,.png,581460,1733095741,legacy-unsorted
legacy_dump,Raw/130_transparent_disco_clothes.psd,.psd,12401534,1673498258,legacy-unsorted
legacy_dump,Raw/131_the_wild_beast.png,.png,226644,1733095741,legacy-unsorted
legacy_dump,Raw/131_the_wild_beast.psd,.psd,7851112,1673498258,legacy-unsorted
legacy_dump,Raw/132_battle_introductions.png,.png,342676,1733095741,legacy-unsorted
legacy_dump,Raw/132_battle_introductions.psd,.psd,9151470,1673498258,legacy-unsorted
legacy_dump,Raw/133_quarantining_stupidity.png,.png,545968,1733095742,legacy-unsorted
legacy_dump,Raw/133_quarantining_stupidity.psd,.psd,11944499,1673498258,legacy-unsorted
legacy_dump,Raw/134_the_blubber_beast.png,.png,620721,1733095742,legacy-unsorted
legacy_dump,Raw/134_the_blubber_beast.psd,.psd,12820196,1673498258,legacy-unsorted
legacy_dump,Raw/135_intercontinental_travel.png,.png,602912,1733095742,legacy-unsorted
legacy_dump,Raw/135_intercontinental_travel.psd,.psd,12748891,1673498258,legacy-unsorted
legacy_dump,Raw/136_kamikaze.png,.png,648002,1733095742,legacy-unsorted
legacy_dump,Raw/136_kamikaze.psd,.psd,13920088,1673498258,legacy-unsorted
legacy_dump,Raw/137_audience_interference.png,.png,647046,1733095742,legacy-unsorted
legacy_dump,Raw/137_audience_interference.psd,.psd,13405538,1673498258,legacy-unsorted
legacy_dump,Raw/138_awkwardness.png,.png,422159,1733095742,legacy-unsorted
legacy_dump,Raw/138_awkwardness.psd,.psd,10577546,1673498258,legacy-unsorted
legacy_dump,Raw/139_dna_paint.png,.png,532202,1733095742,legacy-unsorted
legacy_dump,Raw/139_dna_paint.psd,.psd,11072952,1673498258,legacy-unsorted
legacy_dump,Raw/140_fire_trix.png,.png,567300,1733095742,legacy-unsorted
legacy_dump,Raw/140_fire_trix.psd,.psd,12212841,1673498258,legacy-unsorted
legacy_dump,Raw/141_steroids.png,.png,642953,1733095742,legacy-unsorted
legacy_dump,Raw/141_steroids.psd,.psd,14045171,1673498258,legacy-unsorted
legacy_dump,Raw/142_ultimate_stupidity.png,.png,735694,1733095742,legacy-unsorted
legacy_dump,Raw/142_ultimate_stupidity.psd,.psd,15966740,1673498258,legacy-unsorted
legacy_dump,Raw/143_space_mayhem.png,.png,579969,1733095742,legacy-unsorted
legacy_dump,Raw/143_space_mayhem.psd,.psd,12218032,1673498258,legacy-unsorted
legacy_dump,Raw/144_snippets.png,.png,551999,1733095742,legacy-unsorted
legacy_dump,Raw/144_snippets.psd,.psd,11553270,1673498258,legacy-unsorted
legacy_dump,Raw/145_droid_face_melter.png,.png,672657,1733095742,legacy-unsorted
legacy_dump,Raw/145_droid_face_melter.psd,.psd,13765790,1673498258,legacy-unsorted
legacy_dump,Raw/146_target_priority.png,.png,704622,1733095742,legacy-unsorted
legacy_dump,Raw/146_target_priority.psd,.psd,13805531,1673498258,legacy-unsorted
legacy_dump,Raw/147_you_got_served_sucka.png,.png,564035,1733095742,legacy-unsorted
legacy_dump,Raw/147_you_got_served_sucka.psd,.psd,12006403,1673498258,legacy-unsorted
legacy_dump,Raw/148_boxing_match.png,.png,424478,1733095742,legacy-unsorted
legacy_dump,Raw/148_boxing_match.psd,.psd,10455994,1673498258,legacy-unsorted
legacy_dump,Raw/149_its_time.png,.png,637697,1733095742,legacy-unsorted
legacy_dump,Raw/149_its_time.psd,.psd,13890321,1673498258,legacy-unsorted
legacy_dump,Raw/150_scrambled_eggs.png,.png,465383,1733095742,legacy-unsorted
legacy_dump,Raw/150_scrambled_eggs.psd,.psd,11422819,1673498258,legacy-unsorted
legacy_dump,Raw/151_dead_last_round.png,.png,418041,1733095742,legacy-unsorted
legacy_dump,Raw/151_dead_last_round.psd,.psd,9946490,1673498258,legacy-unsorted
legacy_dump,Raw/152_nostalgia.png,.png,525076,1733095742,legacy-unsorted
legacy_dump,Raw/152_nostalgia.psd,.psd,11722531,1673498258,legacy-unsorted
legacy_dump,Raw/153_cheap_choppers_3.png,.png,567757,1733095742,legacy-unsorted
legacy_dump,Raw/153_cheap_choppers_3.psd,.psd,11823052,1673498258,legacy-unsorted
legacy_dump,Raw/154_artsyfartsy_set.png,.png,554572,1733095742,legacy-unsorted
legacy_dump,Raw/154_artsyfartsy_set.psd,.psd,11567111,1673498258,legacy-unsorted
legacy_dump,Raw/155_bloody_baseball.png,.png,834968,1733095742,legacy-unsorted
legacy_dump,Raw/155_bloody_baseball.psd,.psd,19362226,1673498258,legacy-unsorted
legacy_dump,Raw/156_spaghetti_confetti.png,.png,538431,1733095742,legacy-unsorted
legacy_dump,Raw/156_spaghetti_confetti.psd,.psd,12456318,1673498258,legacy-unsorted
legacy_dump,Raw/157_mayhem_in_funnytown_ii.png,.png,517487,1733095742,legacy-unsorted
legacy_dump,Raw/157_mayhem_in_funnytown_ii.psd,.psd,11443164,1673498258,legacy-unsorted
legacy_dump,Raw/158_the_repair_man_experiment.png,.png,575127,1733095742,legacy-unsorted
legacy_dump,Raw/158_the_repair_man_experiment.psd,.psd,12275296,1673498258,legacy-unsorted
legacy_dump,Raw/159_road_rash.png,.png,545540,1733095742,legacy-unsorted
legacy_dump,Raw/159_road_rash.psd,.psd,11236252,1673498258,legacy-unsorted
legacy_dump,Raw/160_people_sports.png,.png,573487,1733095742,legacy-unsorted
legacy_dump,Raw/160_people_sports.psd,.psd,11779297,1673498258,legacy-unsorted
legacy_dump,Raw/161_christmas_twig.png,.png,545046,1733095742,legacy-unsorted
legacy_dump,Raw/161_christmas_twig.psd,.psd,8984561,1673498258,legacy-unsorted
legacy_dump,Raw/162_lard_cake.png,.png,185417,1733095742,legacy-unsorted
legacy_dump,Raw/162_lard_cake.psd,.psd,4712397,1673498258,legacy-unsorted
legacy_dump,Raw/163_yield_to_spedestrians.png,.png,613672,1733095742,legacy-unsorted
legacy_dump,Raw/163_yield_to_spedestrians.psd,.psd,9634365,1673498258,legacy-unsorted
legacy_dump,Raw/164_saving_repair_man.png,.png,735900,1733095742,legacy-unsorted
legacy_dump,Raw/164_saving_repair_man.psd,.psd,11152132,1673498258,legacy-unsorted
legacy_dump,Raw/165_er.png,.png,704543,1733095742,legacy-unsorted
legacy_dump,Raw/165_er.psd,.psd,9822828,1673498258,legacy-unsorted
legacy_dump,Raw/166_community_service.png,.png,546484,1733095742,legacy-unsorted
legacy_dump,Raw/166_community_service.psd,.psd,9325360,1673498258,legacy-unsorted
legacy_dump,Raw/167_singalong.png,.png,769770,1733095742,legacy-unsorted
legacy_dump,Raw/167_singalong.psd,.psd,12373105,1673498258,legacy-unsorted
legacy_dump,Raw/168_why.png,.png,588133,1733095742,legacy-unsorted
legacy_dump,Raw/168_why.psd,.psd,9086539,1673498258,legacy-unsorted
legacy_dump,Raw/169_star_warz.png,.png,585861,1733095742,legacy-unsorted
legacy_dump,Raw/169_star_warz.psd,.psd,7815980,1673498258,legacy-unsorted
legacy_dump,Raw/170_star_warz_ii_.png,.png,588166,1733095742,legacy-unsorted
legacy_dump,Raw/170_star_warz_ii_.psd,.psd,9209461,1673498258,legacy-unsorted
legacy_dump,Raw/171_updates_are_available.png,.png,539510,1733095742,legacy-unsorted
legacy_dump,Raw/171_updates_are_available.psd,.psd,8912154,1673498258,legacy-unsorted
legacy_dump,Raw/172_snow_wars.png,.png,584367,1733095742,legacy-unsorted
legacy_dump,Raw/172_snow_wars.psd,.psd,13108355,1673498258,legacy-unsorted
legacy_dump,Raw/173_an_epic_legacy.png,.png,541894,1733095742,legacy-unsorted
legacy_dump,Raw/173_an_epic_legacy.psd,.psd,8136049,1673498258,legacy-unsorted
legacy_dump,Raw/174_investment.png,.png,722470,1733095742,legacy-unsorted
legacy_dump,Raw/174_investment.psd,.psd,13829117,1673498258,legacy-unsorted
legacy_dump,Raw/175_1.psd,.psd,42545969,1673498246,legacy-unsorted
legacy_dump,Raw/175_2.psd,.psd,42568733,1673498248,legacy-unsorted
legacy_dump,Raw/175_3.psd,.psd,42249888,1673498248,legacy-unsorted
legacy_dump,Raw/175_4.psd,.psd,49654645,1673498248,legacy-unsorted
legacy_dump,Raw/175_5.psd,.psd,45534239,1673498248,legacy-unsorted
legacy_dump,Raw/175_an_fg_christmas_carol.png,.png,1398768,1733095742,legacy-unsorted
legacy_dump,Raw/175_an_fg_christmas_carol.psd,.psd,47868271,1673498258,legacy-unsorted
legacy_dump,Raw/175_an_fg_christmas_carol_pg1.png,.png,1608317,1733095742,legacy-unsorted
legacy_dump,Raw/175_an_fg_christmas_carol_pg1.psd,.psd,43482563,1673498258,legacy-unsorted
legacy_dump,Raw/175_an_fg_christmas_carol_pg2.png,.png,1620597,1733095742,legacy-unsorted
legacy_dump,Raw/175_an_fg_christmas_carol_pg2.psd,.psd,42750101,1673498258,legacy-unsorted
legacy_dump,Raw/175_an_fg_christmas_carol_pg3.png,.png,1582970,1733095742,legacy-unsorted
legacy_dump,Raw/175_an_fg_christmas_carol_pg3.psd,.psd,42008175,1673498258,legacy-unsorted
legacy_dump,Raw/175_an_fg_christmas_carol_pg4.png,.png,1792415,1733095742,legacy-unsorted
legacy_dump,Raw/175_an_fg_christmas_carol_pg4.psd,.psd,49582888,1673498258,legacy-unsorted
legacy_dump,Raw/175_an_fg_christmas_carol_pg5.png,.png,1617859,1733095742,legacy-unsorted
legacy_dump,Raw/175_an_fg_christmas_carol_pg5.psd,.psd,45445323,1673498258,legacy-unsorted
legacy_dump,Raw/176_air_war.png,.png,920765,1733095742,legacy-unsorted
legacy_dump,Raw/176_air_war.psd,.psd,17387331,1673498258,legacy-unsorted
legacy_dump,Raw/177_scuba_war.png,.png,584364,1733095742,legacy-unsorted
legacy_dump,Raw/177_scuba_war.psd,.psd,9033609,1673498258,legacy-unsorted
legacy_dump,Raw/178_to_the_bahamas.png,.png,689157,1733095742,legacy-unsorted
legacy_dump,Raw/178_to_the_bahamas.psd,.psd,11162821,1673498258,legacy-unsorted
legacy_dump,Raw/179_hobos_and_leakage.png,.png,718443,1733095742,legacy-unsorted
legacy_dump,Raw/179_hobos_and_leakage.psd,.psd,12057910,1673498258,legacy-unsorted
legacy_dump,Raw/180_private_ship.png,.png,680077,1733095742,legacy-unsorted
legacy_dump,Raw/180_private_ship.psd,.psd,10966713,1673498258,legacy-unsorted
legacy_dump,Raw/181_looks_like_a_luxury.png,.png,684810,1733095742,legacy-unsorted
legacy_dump,Raw/181_looks_like_a_luxury.psd,.psd,9632887,1673498258,legacy-unsorted
legacy_dump,Raw/182_razor_vs_the_snowman.png,.png,1107299,1733095742,legacy-unsorted
legacy_dump,Raw/182_razor_vs_the_snowman.psd,.psd,22713849,1673498258,legacy-unsorted
legacy_dump,Raw/183_the_war_of_100_snowmen.png,.png,764924,1733095742,legacy-unsorted
legacy_dump,Raw/183_the_war_of_100_snowmen.psd,.psd,10889004,1673498258,legacy-unsorted
legacy_dump,Raw/184_razor_sharp.png,.png,637805,1733095742,legacy-unsorted
legacy_dump,Raw/184_razor_sharp.psd,.psd,14100262,1673498258,legacy-unsorted
legacy_dump,Raw/185_brain_drain.png,.png,951219,1733095742,legacy-unsorted
legacy_dump,Raw/185_brain_drain.psd,.psd,10947125,1673498258,legacy-unsorted
legacy_dump,Raw/186_wild_west.png,.png,802213,1733095742,legacy-unsorted
legacy_dump,Raw/186_wild_west.psd,.psd,12043322,1673498258,legacy-unsorted
legacy_dump,Raw/187_mine_cart_insanity.png,.png,639692,1733095742,legacy-unsorted
legacy_dump,Raw/187_mine_cart_insanity.psd,.psd,13127054,1673498258,legacy-unsorted
legacy_dump,Raw/188_toasted_ketchup.png,.png,840707,1733095742,legacy-unsorted
legacy_dump,Raw/188_toasted_ketchup.psd,.psd,15486844,1673498258,legacy-unsorted
legacy_dump,Raw/189_surge_vs_the_yeti.png,.png,789005,1733095742,legacy-unsorted
legacy_dump,Raw/189_surge_vs_the_yeti.psd,.psd,15176365,1673498258,legacy-unsorted
legacy_dump,Raw/190_judgement.png,.png,895065,1733095742,legacy-unsorted
legacy_dump,Raw/190_judgement.psd,.psd,16815728,1673498258,legacy-unsorted
legacy_dump,Raw/191_the_hermit_of_the_hills.png,.png,541432,1733095742,legacy-unsorted
legacy_dump,Raw/191_the_hermit_of_the_hills.psd,.psd,11462440,1673498258,legacy-unsorted
legacy_dump,Raw/192_1.psd,.psd,16221183,1673498248,legacy-unsorted
legacy_dump,Raw/192_2.psd,.psd,10884051,1673498248,legacy-unsorted
legacy_dump,Raw/192_3.psd,.psd,9679204,1673498248,legacy-unsorted
legacy_dump,Raw/192_4.psd,.psd,10276910,1673498248,legacy-unsorted
legacy_dump,Raw/192_5.psd,.psd,6353479,1673498248,legacy-unsorted
legacy_dump,Raw/192_6.psd,.psd,7104191,1673498248,legacy-unsorted
legacy_dump,Raw/192_7.psd,.psd,18746801,1673498248,legacy-unsorted
legacy_dump,Raw/192_8.psd,.psd,17760343,1673498248,legacy-unsorted
legacy_dump,Raw/192_9.psd,.psd,13899197,1673498248,legacy-unsorted
legacy_dump,Raw/192_attack_of_the_drones.png,.png,1676516,1733095742,legacy-unsorted
legacy_dump,Raw/192_attack_of_the_drones.psd,.psd,94530117,1673498258,legacy-unsorted
legacy_dump,Raw/192_attack_of_the_drones_pg1.png,.png,991141,1733095742,legacy-unsorted
legacy_dump,Raw/192_attack_of_the_drones_pg1.psd,.psd,17556737,1673498258,legacy-unsorted
legacy_dump,Raw/192_attack_of_the_drones_pg2.png,.png,856984,1733095742,legacy-unsorted
legacy_dump,Raw/192_attack_of_the_drones_pg2.psd,.psd,11188729,1673498258,legacy-unsorted
legacy_dump,Raw/192_attack_of_the_drones_pg3.png,.png,775290,1733095742,legacy-unsorted
legacy_dump,Raw/192_attack_of_the_drones_pg3.psd,.psd,10032847,1673498258,legacy-unsorted
legacy_dump,Raw/192_attack_of_the_drones_pg4.png,.png,794229,1733095742,legacy-unsorted
legacy_dump,Raw/192_attack_of_the_drones_pg4.psd,.psd,10601725,1673498258,legacy-unsorted
legacy_dump,Raw/192_attack_of_the_drones_pg5.png,.png,535350,1733095742,legacy-unsorted
legacy_dump,Raw/192_attack_of_the_drones_pg5.psd,.psd,6548954,1673498258,legacy-unsorted
legacy_dump,Raw/192_attack_of_the_drones_pg6.png,.png,609077,1733095742,legacy-unsorted
legacy_dump,Raw/192_attack_of_the_drones_pg6.psd,.psd,7418237,1673498258,legacy-unsorted
legacy_dump,Raw/192_attack_of_the_drones_pg7.png,.png,1168080,1733095742,legacy-unsorted
legacy_dump,Raw/192_attack_of_the_drones_pg7.psd,.psd,19073019,1673498258,legacy-unsorted
legacy_dump,Raw/192_attack_of_the_drones_pg8.png,.png,1125784,1733095742,legacy-unsorted
legacy_dump,Raw/192_attack_of_the_drones_pg8.psd,.psd,18082224,1673498258,legacy-unsorted
legacy_dump,Raw/192_attack_of_the_drones_pg9.png,.png,772729,1733095742,legacy-unsorted
legacy_dump,Raw/192_attack_of_the_drones_pg9.psd,.psd,14194477,1673498258,legacy-unsorted
legacy_dump,Raw/193_telethon.png,.png,917625,1733095742,legacy-unsorted
legacy_dump,Raw/193_telethon.psd,.psd,12375916,1673498258,legacy-unsorted
legacy_dump,Raw/194_commercials.png,.png,965228,1733095742,legacy-unsorted
legacy_dump,Raw/194_commercials.psd,.psd,14279613,1673498258,legacy-unsorted
legacy_dump,Raw/195_more_commercials.png,.png,1223805,1733095742,legacy-unsorted
legacy_dump,Raw/195_more_commercials.psd,.psd,17595296,1673498258,legacy-unsorted
legacy_dump,Raw/196_delivary.png,.png,1126107,1733095742,legacy-unsorted
legacy_dump,Raw/196_delivary.psd,.psd,20684492,1673498258,legacy-unsorted
legacy_dump,Raw/197_flamboyant.png,.png,1087834,1733095742,legacy-unsorted
legacy_dump,Raw/197_flamboyant.psd,.psd,24854209,1673498258,legacy-unsorted
legacy_dump,Raw/198_biodegradable.png,.png,969426,1733095742,legacy-unsorted
legacy_dump,Raw/198_biodegradable.psd,.psd,17811502,1673498258,legacy-unsorted
legacy_dump,Raw/199_doreminimi.png,.png,1276926,1733095742,legacy-unsorted
legacy_dump,Raw/199_doreminimi.psd,.psd,25811592,1673498258,legacy-unsorted
legacy_dump,Raw/200_transform.png,.png,817492,1733095742,legacy-unsorted
legacy_dump,Raw/200_transform.psd,.psd,11964971,1673498258,legacy-unsorted
legacy_dump,Raw/201_overkill.png,.png,898108,1733095742,legacy-unsorted
legacy_dump,Raw/201_overkill.psd,.psd,15416453,1673498258,legacy-unsorted
legacy_dump,Raw/202_halitosis.png,.png,1008268,1733095742,legacy-unsorted
legacy_dump,Raw/202_halitosis.psd,.psd,18552562,1673498258,legacy-unsorted
legacy_dump,Raw/203_game_king.png,.png,1216805,1733095742,legacy-unsorted
legacy_dump,Raw/203_game_king.psd,.psd,22681901,1673498258,legacy-unsorted
legacy_dump,Raw/204_even_more_commercials.png,.png,958705,1733095742,legacy-unsorted
legacy_dump,Raw/204_even_more_commercials.psd,.psd,17817117,1673498258,legacy-unsorted
legacy_dump,Raw/205_revenge_of_the_toys.png,.png,1100343,1733095742,legacy-unsorted
legacy_dump,Raw/205_revenge_of_the_toys.psd,.psd,17814025,1673498258,legacy-unsorted
legacy_dump,Raw/206_wrath_of_the_easter_bunny.png,.png,646353,1733095742,legacy-unsorted
legacy_dump,Raw/206_wrath_of_the_easter_bunny.psd,.psd,10466128,1673498258,legacy-unsorted
legacy_dump,Raw/207_fall_of_the_easter_bunny.png,.png,726087,1733095742,legacy-unsorted
legacy_dump,Raw/207_fall_of_the_easter_bunny.psd,.psd,12434700,1673498258,legacy-unsorted
legacy_dump,Raw/208_jurassic_park.png,.png,752917,1733095742,legacy-unsorted
legacy_dump,Raw/208_jurassic_park.psd,.psd,10087646,1673498258,legacy-unsorted
legacy_dump,Raw/209_dino_destruction.png,.png,575432,1733095742,legacy-unsorted
legacy_dump,Raw/209_dino_destruction.psd,.psd,9308820,1673498258,legacy-unsorted
legacy_dump,Raw/210_juniors_berthdae.png,.png,656967,1733095742,legacy-unsorted
legacy_dump,Raw/210_juniors_berthdae.psd,.psd,10487296,1673498258,legacy-unsorted
legacy_dump,Raw/211_chuckie_peas_special_guest.png,.png,648940,1733095742,legacy-unsorted
legacy_dump,Raw/211_chuckie_peas_special_guest.psd,.psd,8788173,1673498258,legacy-unsorted
legacy_dump,Raw/212_beach_day.png,.png,731479,1733095742,legacy-unsorted
legacy_dump,Raw/212_beach_day.psd,.psd,18321606,1673498258,legacy-unsorted
legacy_dump,Raw/213_ac_war.png,.png,733916,1733095742,legacy-unsorted
legacy_dump,Raw/213_ac_war.psd,.psd,19330796,1673498258,legacy-unsorted
legacy_dump,Raw/214_da_war_arena.png,.png,760274,1733095742,legacy-unsorted
legacy_dump,Raw/214_da_war_arena.psd,.psd,10900323,1673498258,legacy-unsorted
legacy_dump,Raw/215_vendatta_arena.png,.png,562745,1733095742,legacy-unsorted
legacy_dump,Raw/215_vendatta_arena.psd,.psd,16041709,1673498258,legacy-unsorted
legacy_dump,Raw/216_censorship.png,.png,642241,1733095742,legacy-unsorted
legacy_dump,Raw/216_censorship.psd,.psd,8217044,1673498258,legacy-unsorted
legacy_dump,Raw/217_space_wars.png,.png,1031814,1733095742,legacy-unsorted
legacy_dump,Raw/217_space_wars.psd,.psd,20173062,1673498258,legacy-unsorted
legacy_dump,Raw/218_fun_with_the_microwave.png,.png,664865,1733095742,legacy-unsorted
legacy_dump,Raw/218_fun_with_the_microwave.psd,.psd,8797950,1673498258,legacy-unsorted
legacy_dump,Raw/219_low_altitude_combat.png,.png,696223,1733095742,legacy-unsorted
legacy_dump,Raw/219_low_altitude_combat.psd,.psd,12561581,1673498258,legacy-unsorted
legacy_dump,Raw/220_armored_fore.png,.png,696900,1733095742,legacy-unsorted
legacy_dump,Raw/220_armored_fore.psd,.psd,10396535,1673498258,legacy-unsorted
legacy_dump,Raw/221_the_antianti_monster_potion.png,.png,791181,1733095742,legacy-unsorted
legacy_dump,Raw/221_the_antianti_monster_potion.psd,.psd,13818577,1673498258,legacy-unsorted
legacy_dump,Raw/222_timetravel_fg_vs_repair_man.png,.png,729172,1733095742,legacy-unsorted
legacy_dump,Raw/222_timetravel_fg_vs_repair_man.psd,.psd,11196924,1673498258,legacy-unsorted
legacy_dump,Raw/223_beach_campin.png,.png,589331,1733095742,legacy-unsorted
legacy_dump,Raw/223_beach_campin.psd,.psd,8592525,1673498258,legacy-unsorted
legacy_dump,Raw/224_germ_warfare.png,.png,902653,1733095742,legacy-unsorted
legacy_dump,Raw/224_germ_warfare.psd,.psd,10460367,1673498258,legacy-unsorted
legacy_dump,Raw/225_roach_attack.png,.png,930192,1733095742,legacy-unsorted
legacy_dump,Raw/225_roach_attack.psd,.psd,12558769,1673498258,legacy-unsorted
legacy_dump,Raw/226_exterminator.png,.png,996347,1733095742,legacy-unsorted
legacy_dump,Raw/226_exterminator.psd,.psd,12447885,1673498258,legacy-unsorted
legacy_dump,Raw/227_bug_boys_barrage.png,.png,759529,1733095742,legacy-unsorted
legacy_dump,Raw/227_bug_boys_barrage.psd,.psd,10878779,1673498258,legacy-unsorted
legacy_dump,Raw/228_to_bomb_saddam.png,.png,588223,1733095742,legacy-unsorted
legacy_dump,Raw/228_to_bomb_saddam.psd,.psd,9002735,1673498258,legacy-unsorted
legacy_dump,Raw/229_justice_fg_style.png,.png,636727,1733095742,legacy-unsorted
legacy_dump,Raw/229_justice_fg_style.psd,.psd,8978935,1673498258,legacy-unsorted
legacy_dump,Raw/230_booms.png,.png,1061814,1733095742,legacy-unsorted
legacy_dump,Raw/230_booms.psd,.psd,23059555,1673498258,legacy-unsorted
legacy_dump,Raw/231_area_51.png,.png,807920,1733095742,legacy-unsorted
legacy_dump,Raw/231_area_51.psd,.psd,13025981,1673498258,legacy-unsorted
legacy_dump,Raw/232_robo_mow.png,.png,690696,1733095742,legacy-unsorted
legacy_dump,Raw/232_robo_mow.psd,.psd,9760982,1673498258,legacy-unsorted
legacy_dump,Raw/233_retaliation.png,.png,701793,1733095742,legacy-unsorted
legacy_dump,Raw/233_retaliation.psd,.psd,10345801,1673498258,legacy-unsorted
legacy_dump,Raw/234_the_last_straw.png,.png,959696,1733095742,legacy-unsorted
legacy_dump,Raw/234_the_last_straw.psd,.psd,14044158,1673498258,legacy-unsorted
legacy_dump,Raw/235_the_tv_chair.png,.png,776238,1733095742,legacy-unsorted
legacy_dump,Raw/235_the_tv_chair.psd,.psd,11012967,1673498258,legacy-unsorted
legacy_dump,Raw/236_funny_girl.png,.png,702617,1733095742,legacy-unsorted
legacy_dump,Raw/236_funny_girl.psd,.psd,9128124,1673498258,legacy-unsorted
legacy_dump,Raw/237_treasure_huntin.png,.png,261692,1733095742,legacy-unsorted
legacy_dump,Raw/237_treasure_huntin.psd,.psd,4491239,1673498258,legacy-unsorted
legacy_dump,Raw/238_moose_huntin.png,.png,854045,1733095742,legacy-unsorted
legacy_dump,Raw/238_moose_huntin.psd,.psd,9811887,1673498258,legacy-unsorted
legacy_dump,Raw/239.psd,.psd,9017482,1673498248,legacy-unsorted
legacy_dump,Raw/239_2.psd,.psd,8523717,1673498248,legacy-unsorted
legacy_dump,Raw/239_survivor_trashcan.png,.png,662149,1733095742,legacy-unsorted
legacy_dump,Raw/239_survivor_trashcan.psd,.psd,10440826,1673498258,legacy-unsorted
legacy_dump,Raw/239_survivor_trashcan_pg2.png,.png,710970,1733095742,legacy-unsorted
legacy_dump,Raw/239_survivor_trashcan_pg2.psd,.psd,8852387,1673498258,legacy-unsorted
legacy_dump,Raw/240_an_fg_short.png,.png,352404,1733095742,legacy-unsorted
legacy_dump,Raw/240_an_fg_short.psd,.psd,5456348,1673498258,legacy-unsorted
legacy_dump,Raw/241_bustin_froot_loops.png,.png,1169249,1733095742,legacy-unsorted
legacy_dump,Raw/241_bustin_froot_loops.psd,.psd,14467404,1673498258,legacy-unsorted
legacy_dump,Raw/242_space_cowboys.png,.png,648346,1733095742,legacy-unsorted
legacy_dump,Raw/242_space_cowboys.psd,.psd,11526269,1673498258,legacy-unsorted
legacy_dump,Raw/243_robo_combat.png,.png,2220747,1733095742,legacy-unsorted
legacy_dump,Raw/243_robo_combat.psd,.psd,17517001,1673498258,legacy-unsorted
legacy_dump,Raw/244_me_want_honeycomb.png,.png,885746,1733095742,legacy-unsorted
legacy_dump,Raw/244_me_want_honeycomb.psd,.psd,15422298,1673498258,legacy-unsorted
legacy_dump,Raw/245_bee_fight.png,.png,911410,1733095742,legacy-unsorted
legacy_dump,Raw/245_bee_fight.psd,.psd,15449690,1673498258,legacy-unsorted
legacy_dump,Raw/246_wasp_war.png,.png,1284478,1733095742,legacy-unsorted
legacy_dump,Raw/246_wasp_war.psd,.psd,28837530,1673498258,legacy-unsorted
legacy_dump,Raw/247_show_n_tell.png,.png,700387,1733095742,legacy-unsorted
legacy_dump,Raw/247_show_n_tell.psd,.psd,10952654,1673498258,legacy-unsorted
legacy_dump,Raw/248.psd,.psd,13312134,1673498248,legacy-unsorted
legacy_dump,Raw/248_2.psd,.psd,6882159,1673498248,legacy-unsorted
legacy_dump,Raw/248_space_mechs.png,.png,1175733,1733095742,legacy-unsorted
legacy_dump,Raw/248_space_mechs.psd,.psd,14885351,1673498258,legacy-unsorted
legacy_dump,Raw/248_space_mechs_pg2.png,.png,673053,1733095742,legacy-unsorted
legacy_dump,Raw/248_space_mechs_pg2.psd,.psd,6983423,1673498258,legacy-unsorted
legacy_dump,Raw/249_mail.png,.png,669862,1733095742,legacy-unsorted
legacy_dump,Raw/249_mail.psd,.psd,12928065,1673498258,legacy-unsorted
legacy_dump,Raw/250_fg_exhibition_thremeator.png,.png,553930,1733095742,legacy-unsorted
legacy_dump,Raw/250_fg_exhibition_thremeator.psd,.psd,9298181,1673498258,legacy-unsorted
legacy_dump,Raw/251_mountain_climbing.png,.png,537164,1733095742,legacy-unsorted
legacy_dump,Raw/251_mountain_climbing.psd,.psd,9597423,1673498258,legacy-unsorted
legacy_dump,Raw/252_free_cheap_junk.png,.png,632882,1733095742,legacy-unsorted
legacy_dump,Raw/252_free_cheap_junk.psd,.psd,10501521,1673498258,legacy-unsorted
legacy_dump,Raw/253_the_mall_haul.png,.png,677423,1733095742,legacy-unsorted
legacy_dump,Raw/253_the_mall_haul.psd,.psd,11417139,1673498258,legacy-unsorted
legacy_dump,Raw/254_egg_battle.png,.png,926117,1733095742,legacy-unsorted
legacy_dump,Raw/254_egg_battle.psd,.psd,20010384,1673498258,legacy-unsorted
legacy_dump,Raw/255_youre_a_fat_guy.png,.png,952950,1733095742,legacy-unsorted
legacy_dump,Raw/255_youre_a_fat_guy.psd,.psd,19548433,1673498258,legacy-unsorted
legacy_dump,Raw/256_mobile_home.png,.png,793239,1733095742,legacy-unsorted
legacy_dump,Raw/256_mobile_home.psd,.psd,12840546,1673498258,legacy-unsorted
legacy_dump,Raw/257_lard_shock.png,.png,581176,1733095742,legacy-unsorted
legacy_dump,Raw/257_lard_shock.psd,.psd,9994754,1673498258,legacy-unsorted
legacy_dump,Raw/258_care_bear_clubs.png,.png,1115591,1733095742,legacy-unsorted
legacy_dump,Raw/258_care_bear_clubs.psd,.psd,21312001,1673498258,legacy-unsorted
legacy_dump,Raw/259_care_bear_clubs_part_2.png,.png,627779,1733095742,legacy-unsorted
legacy_dump,Raw/259_care_bear_clubs_part_2.psd,.psd,10009647,1673498258,legacy-unsorted
legacy_dump,Raw/260_mobile_gaming.png,.png,819339,1733095742,legacy-unsorted
legacy_dump,Raw/260_mobile_gaming.psd,.psd,11564138,1673498258,legacy-unsorted
legacy_dump,Raw/261_a_challenger_appears.png,.png,563312,1733095742,legacy-unsorted
legacy_dump,Raw/261_a_challenger_appears.psd,.psd,10306203,1673498258,legacy-unsorted
legacy_dump,Raw/262_hands_free_ownage.png,.png,629559,1733095742,legacy-unsorted
legacy_dump,Raw/262_hands_free_ownage.psd,.psd,10300489,1673498258,legacy-unsorted
legacy_dump,Raw/263_kicked_in_the_face.png,.png,800155,1733095742,legacy-unsorted
legacy_dump,Raw/263_kicked_in_the_face.psd,.psd,16004774,1673498258,legacy-unsorted
legacy_dump,Raw/264_completionist.png,.png,682617,1733095742,legacy-unsorted
legacy_dump,Raw/264_completionist.psd,.psd,12763118,1673498258,legacy-unsorted
legacy_dump,Raw/265_meatloaf_crunch.png,.png,729362,1733095742,legacy-unsorted
legacy_dump,Raw/265_meatloaf_crunch.psd,.psd,13388831,1673498258,legacy-unsorted
legacy_dump,Raw/266_mud.png,.png,837477,1733095742,legacy-unsorted
legacy_dump,Raw/266_mud.psd,.psd,21384270,1673498258,legacy-unsorted
legacy_dump,Raw/267_the_h2_transforms.png,.png,811957,1733095742,legacy-unsorted
legacy_dump,Raw/267_the_h2_transforms.psd,.psd,15980451,1673498258,legacy-unsorted
legacy_dump,Raw/268_fight_water_with_water.png,.png,805614,1733095742,legacy-unsorted
legacy_dump,Raw/268_fight_water_with_water.psd,.psd,17665861,1673498258,legacy-unsorted
legacy_dump,Raw/269_we_slop_the_slop_where_slop_is_due.png,.png,1351221,1733095742,legacy-unsorted
legacy_dump,Raw/269_we_slop_the_slop_where_slop_is_due.psd,.psd,27103330,1673498258,legacy-unsorted
legacy_dump,Raw/270_slop_buffet.png,.png,1156324,1733095742,legacy-unsorted
legacy_dump,Raw/270_slop_buffet.psd,.psd,23397476,1673498258,legacy-unsorted
legacy_dump,Raw/271_old_faithful.png,.png,1097787,1733095742,legacy-unsorted
legacy_dump,Raw/271_old_faithful.psd,.psd,21024663,1673498258,legacy-unsorted
legacy_dump,Raw/272_randomness.png,.png,930707,1733095742,legacy-unsorted
legacy_dump,Raw/272_randomness.psd,.psd,17706815,1673498258,legacy-unsorted
legacy_dump,Raw/273_takin_the_stairs.png,.png,1222538,1733095742,legacy-unsorted
legacy_dump,Raw/273_takin_the_stairs.psd,.psd,24867509,1673498258,legacy-unsorted
legacy_dump,Raw/274_snowcones.png,.png,728065,1733095742,legacy-unsorted
legacy_dump,Raw/274_snowcones.psd,.psd,11138340,1673498258,legacy-unsorted
legacy_dump,Raw/275_snow_powder.png,.png,712408,1733095742,legacy-unsorted
legacy_dump,Raw/275_snow_powder.psd,.psd,10213980,1673498258,legacy-unsorted
legacy_dump,Raw/276_fg_greatest_hits_humormercials.png,.png,968881,1733095742,legacy-unsorted
legacy_dump,Raw/276_fg_greatest_hits_humormercials.psd,.psd,30099005,1673498258,legacy-unsorted
legacy_dump,Raw/277_fg_greatest_hits_humormercials_part_2.png,.png,757735,1733095742,legacy-unsorted
legacy_dump,Raw/277_fg_greatest_hits_humormercials_part_2.psd,.psd,12319315,1673498258,legacy-unsorted
legacy_dump,Raw/278_the_gauntlet_to_adams_birthday.png,.png,674832,1733095742,legacy-unsorted
legacy_dump,Raw/278_the_gauntlet_to_adams_birthday.psd,.psd,12650090,1673498258,legacy-unsorted
legacy_dump,Raw/279_gibbrsh.png,.png,1277394,1733095742,legacy-unsorted
legacy_dump,Raw/279_gibbrsh.psd,.psd,14727922,1673498258,legacy-unsorted
legacy_dump,Raw/280_chugathon.png,.png,839618,1733095742,legacy-unsorted
legacy_dump,Raw/280_chugathon.psd,.psd,16217833,1673498258,legacy-unsorted
legacy_dump,Raw/281_grapples_of_wrath.png,.png,816888,1733095742,legacy-unsorted
legacy_dump,Raw/281_grapples_of_wrath.psd,.psd,14581869,1673498258,legacy-unsorted
legacy_dump,Raw/282_rambulls.png,.png,627838,1733095742,legacy-unsorted
legacy_dump,Raw/282_rambulls.psd,.psd,13542709,1673498258,legacy-unsorted
legacy_dump,Raw/283_ever_grande_metropolis.png,.png,791230,1733095742,legacy-unsorted
legacy_dump,Raw/283_ever_grande_metropolis.psd,.psd,12632941,1673498258,legacy-unsorted
legacy_dump,Raw/284_the_breakout.png,.png,698211,1733095742,legacy-unsorted
legacy_dump,Raw/284_the_breakout.psd,.psd,10307372,1673498258,legacy-unsorted
legacy_dump,Raw/285_jrs_secret_weapon.png,.png,794494,1733095742,legacy-unsorted
legacy_dump,Raw/285_jrs_secret_weapon.psd,.psd,11774198,1673498258,legacy-unsorted
legacy_dump,Raw/286_the_power_of_cheese.png,.png,1190810,1733095742,legacy-unsorted
legacy_dump,Raw/286_the_power_of_cheese.psd,.psd,18101006,1673498258,legacy-unsorted
legacy_dump,Raw/287_barfield.png,.png,1599320,1733095742,legacy-unsorted
legacy_dump,Raw/287_barfield.psd,.psd,25956806,1673498258,legacy-unsorted
legacy_dump,Raw/288_weed_destruction.png,.png,1166476,1733095742,legacy-unsorted
legacy_dump,Raw/288_weed_destruction.psd,.psd,18360477,1673498258,legacy-unsorted
legacy_dump,Raw/289_the_hobo_revolt.png,.png,1707687,1733095742,legacy-unsorted
legacy_dump,Raw/289_the_hobo_revolt.psd,.psd,27604432,1673498258,legacy-unsorted
legacy_dump,Raw/290_preparation.png,.png,1475741,1733095742,legacy-unsorted
legacy_dump,Raw/290_preparation.psd,.psd,21642993,1673498258,legacy-unsorted
legacy_dump,Raw/291_junk_steaks_and_gym_class.png,.png,998435,1733095742,legacy-unsorted
legacy_dump,Raw/291_junk_steaks_and_gym_class.psd,.psd,14831399,1673498258,legacy-unsorted
legacy_dump,Raw/292_moose_huntin_act_ii.png,.png,722174,1733095742,legacy-unsorted
legacy_dump,Raw/292_moose_huntin_act_ii.psd,.psd,13906601,1673498258,legacy-unsorted
legacy_dump,Raw/293_laser_tag.png,.png,674492,1733095742,legacy-unsorted
legacy_dump,Raw/293_laser_tag.psd,.psd,11380663,1673498258,legacy-unsorted
legacy_dump,Raw/294_3d_glasses.png,.png,659686,1733095742,legacy-unsorted
legacy_dump,Raw/294_3d_glasses.psd,.psd,8919705,1673498258,legacy-unsorted
legacy_dump,Raw/295_humormercials_from_oxymoron.png,.png,1036810,1733095742,legacy-unsorted
legacy_dump,Raw/295_humormercials_from_oxymoron.psd,.psd,15492289,1673498258,legacy-unsorted
legacy_dump,Raw/296_humormercials_from_oxymoron_part_2.png,.png,1079576,1733095742,legacy-unsorted
legacy_dump,Raw/296_humormercials_from_oxymoron_part_2.psd,.psd,14380928,1673498258,legacy-unsorted
legacy_dump,Raw/297_targets_underground_operations.png,.png,1378918,1733095742,legacy-unsorted
legacy_dump,Raw/297_targets_underground_operations.psd,.psd,27641999,1673498258,legacy-unsorted
legacy_dump,Raw/298_tuo_part_2.png,.png,1265837,1733095742,legacy-unsorted
legacy_dump,Raw/298_tuo_part_2.psd,.psd,20108527,1673498258,legacy-unsorted
legacy_dump,Raw/299_soy_sauce.png,.png,1038860,1733095742,legacy-unsorted
legacy_dump,Raw/299_soy_sauce.psd,.psd,14662610,1673498258,legacy-unsorted
legacy_dump,Raw/300_repair_mans_weight_loss_challenge (2).psd,.psd,24747814,1673498258,legacy-unsorted
legacy_dump,Raw/300_repair_mans_weight_loss_challenge.png,.png,1475800,1733095742,legacy-unsorted
legacy_dump,Raw/300_repair_mans_weight_loss_challenge.psd,.psd,0,1673498258,legacy-unsorted
legacy_dump,Raw/301_weight_loss_challenge_part_2.png,.png,1202221,1733095742,legacy-unsorted
legacy_dump,Raw/301_weight_loss_challenge_part_2.psd,.psd,16206635,1673498258,legacy-unsorted
legacy_dump,Raw/302_i_like_eggs.png,.png,641568,1733095742,legacy-unsorted
legacy_dump,Raw/302_i_like_eggs.psd,.psd,9296248,1673498258,legacy-unsorted
legacy_dump,Raw/303_bday_bash.png,.png,870108,1733095742,legacy-unsorted
legacy_dump,Raw/303_bday_bash.psd,.psd,12468233,1673498258,legacy-unsorted
legacy_dump,Raw/304_arabian_fights.png,.png,1053916,1733095742,legacy-unsorted
legacy_dump,Raw/304_arabian_fights.psd,.psd,15210224,1673498258,legacy-unsorted
legacy_dump,Raw/305_share_this_kare_bears.png,.png,1124950,1733095742,legacy-unsorted
legacy_dump,Raw/305_share_this_kare_bears.psd,.psd,16724003,1673498258,legacy-unsorted
legacy_dump,Raw/306_halo_237.png,.png,903397,1733095742,legacy-unsorted
legacy_dump,Raw/306_halo_237.psd,.psd,12601308,1673498258,legacy-unsorted
legacy_dump,Raw/307_kare_bear_fun.png,.png,372126,1733095742,legacy-unsorted
legacy_dump,Raw/307_kare_bear_fun.psd,.psd,7074567,1673498258,legacy-unsorted
legacy_dump,Raw/308_dinger.png,.png,198332,1733095742,legacy-unsorted
legacy_dump,Raw/308_dinger.psd,.psd,4611587,1673498258,legacy-unsorted
legacy_dump,Raw/309_splinter_guy.png,.png,230984,1733095742,legacy-unsorted
legacy_dump,Raw/309_splinter_guy.psd,.psd,5288232,1673498258,legacy-unsorted
legacy_dump,Raw/310_the_russian_bear_factory.png,.png,744355,1733095742,legacy-unsorted
legacy_dump,Raw/310_the_russian_bear_factory.psd,.psd,12025514,1673498258,legacy-unsorted
legacy_dump,Raw/311_reverse_psychology.png,.png,881012,1733095742,legacy-unsorted
legacy_dump,Raw/311_reverse_psychology.psd,.psd,12786704,1673498258,legacy-unsorted
legacy_dump,Raw/312_interrogation.png,.png,681313,1733095742,legacy-unsorted
legacy_dump,Raw/312_interrogation.psd,.psd,11127401,1673498258,legacy-unsorted
legacy_dump,Raw/313_rollin_away.png,.png,583820,1733095742,legacy-unsorted
legacy_dump,Raw/313_rollin_away.psd,.psd,10007338,1673498258,legacy-unsorted
legacy_dump,Raw/314_something_more.png,.png,748373,1733095742,legacy-unsorted
legacy_dump,Raw/314_something_more.psd,.psd,14041399,1673498258,legacy-unsorted
legacy_dump,Raw/315_total_recall.png,.png,704427,1733095742,legacy-unsorted
legacy_dump,Raw/315_total_recall.psd,.psd,11663057,1673498258,legacy-unsorted
legacy_dump,Raw/316_xbox_live.png,.png,924935,1733095742,legacy-unsorted
legacy_dump,Raw/316_xbox_live.psd,.psd,13533788,1673498258,legacy-unsorted
legacy_dump,Raw/317_4th_of_july_special.png,.png,1454069,1733095742,legacy-unsorted
legacy_dump,Raw/317_4th_of_july_special.psd,.psd,20737359,1673498258,legacy-unsorted
legacy_dump,Raw/318_gutterball.png,.png,927767,1733095742,legacy-unsorted
legacy_dump,Raw/318_gutterball.psd,.psd,14294315,1673498258,legacy-unsorted
legacy_dump,Raw/319_theme_park.png,.png,901533,1733095742,legacy-unsorted
legacy_dump,Raw/319_theme_park.psd,.psd,13972158,1673498258,legacy-unsorted
legacy_dump,Raw/320_doritos.png,.png,771419,1733095742,legacy-unsorted
legacy_dump,Raw/320_doritos.psd,.psd,9905094,1673498258,legacy-unsorted
legacy_dump,Raw/funnyguycomix001_0cover_book1.psd,.psd,3261762,1673498278,legacy-unsorted
legacy_dump,Raw/funnyguycomix051_0cover_book2.psd,.psd,2647403,1673498278,legacy-unsorted
legacy_dump,Raw/funnyguycomix091_0cover_book3.psd,.psd,2849029,1673498278,legacy-unsorted
legacy_dump,Raw/funnyguycomix121_0cover_book4.psd,.psd,1922926,1673498278,legacy-unsorted
legacy_dump,Raw/funnyguycomix161_0cover_book5.psd,.psd,3323586,1673498278,legacy-unsorted
legacy_dump,Raw/funnyguycomix201_0cover_book6.psd,.psd,2709318,1673498278,legacy-unsorted
legacy_dump,Raw/funnyguycomix241_0cover_book7.psd,.psd,3385891,1673498278,legacy-unsorted
legacy_dump,Raw/funnyguycomix281_0cover_book8.psd,.psd,3342587,1673498277,legacy-unsorted
legacy_dump,Scans/321_edit.png,.png,956746,1673498277,legacy-unsorted
legacy_dump,"Scans/Scan189, March 07, 2005.gif",.gif,101561,1673498277,legacy-unsorted
legacy_dump,"Scans/Scan190, March 07, 2005.gif",.gif,78655,1673498277,legacy-unsorted
legacy_dump,"Scans/Scan270, March 07, 2005.gif",.gif,69666,1673498277,legacy-unsorted
legacy_dump,"Scans/Scan271, March 07, 2005.gif",.gif,148197,1673498277,legacy-unsorted
legacy_dump,"Scans/Scan272, March 07, 2005.gif",.gif,188022,1673498277,legacy-unsorted
legacy_dump,"Scans/Scan273, March 07, 2005.gif",.gif,87548,1673498277,legacy-unsorted
legacy_dump,"Scans/Scan274, March 07, 2005.gif",.gif,93921,1673498277,legacy-unsorted
legacy_dump,"Scans/Scan275, March 07, 2005.gif",.gif,47384,1673498277,legacy-unsorted
legacy_dump,"Scans/Scan280, March 07, 2005.gif",.gif,54871,1673498277,legacy-unsorted
legacy_dump,"Scans/Scan281, March 07, 2005.gif",.gif,130619,1673498277,legacy-unsorted
legacy_dump,"Scans/Scan286, March 07, 2005.gif",.gif,206166,1673498277,legacy-unsorted
legacy_dump,"Scans/Scan287, March 07, 2005.gif",.gif,209597,1673498277,legacy-unsorted
legacy_dump,"Scans/Scan290, March 07, 2005.gif",.gif,203132,1673498277,legacy-unsorted
legacy_dump,"Scans/Scan291, March 07, 2005.gif",.gif,215982,1673498277,legacy-unsorted
legacy_dump,"Scans/Scan292, March 07, 2005.gif",.gif,204081,1673498277,legacy-unsorted
legacy_dump,"Scans/Scan293, March 07, 2005.gif",.gif,215517,1673498277,legacy-unsorted
legacy_dump,"Scans/Scan294, March 07, 2005.gif",.gif,222181,1673498277,legacy-unsorted
legacy_dump,"Scans/Scan296, March 07, 2005.gif",.gif,225099,1673498277,legacy-unsorted
legacy_dump,"Scans/Scan298, March 07, 2005.gif",.gif,189646,1673498277,legacy-unsorted
legacy_dump,"Scans/Scan301, March 07, 2005.gif",.gif,193311,1673498277,legacy-unsorted
legacy_dump,"Scans/Scan302, March 07, 2005.gif",.gif,207304,1673498277,legacy-unsorted
legacy_dump,"Scans/Scan304, March 07, 2005.gif",.gif,219534,1673498277,legacy-unsorted
legacy_dump,"Scans/Scan305, March 07, 2005.gif",.gif,224326,1673498277,legacy-unsorted
legacy_dump,"Scans/Scan307, March 07, 2005.gif",.gif,210862,1673498277,legacy-unsorted
legacy_dump,"Scans/Scan308, March 07, 2005.gif",.gif,204904,1673498277,legacy-unsorted
legacy_dump,Scans/Scan_20160118 (2).png,.png,61035185,1673498277,legacy-unsorted
legacy_dump,Scans/Scan_20160118.png,.png,153610,1673498277,legacy-unsorted
legacy_dump,Scans/Scan_20160404.pdf,.pdf,338945,1673498239,legacy-unsorted
legacy_dump,Scans/scan0001.jpg,.jpg,1987978,1673498277,legacy-unsorted
legacy_dump,Scans/scan0002.jpg,.jpg,2346006,1673498277,legacy-unsorted
legacy_dump,Scans/scan0003.jpg,.jpg,3812545,1673498277,legacy-unsorted
legacy_dump,Scans/scan0004.jpg,.jpg,3464558,1673498277,legacy-unsorted
legacy_dump,Scans/scan0005.jpg,.jpg,2555199,1673498277,legacy-unsorted
legacy_dump,Scans/target_2003-2012.png,.png,766643,1673498277,legacy-unsorted
legacy_dump,Screenshots/Capture (2).JPG,.jpg,73392,1673498278,legacy-unsorted
legacy_dump,Screenshots/Capture.JPG,.jpg,161644,1673498278,legacy-unsorted
legacy_dump,Screenshots/Capture.PNG,.png,276262,1673498278,legacy-unsorted
legacy_dump,Screenshots/battle1.JPG,.jpg,16862,1673498242,legacy-unsorted
legacy_dump,Screenshots/battle2.JPG,.jpg,16113,1673498242,legacy-unsorted
legacy_dump,Screenshots/battle3.JPG,.jpg,16652,1673498242,legacy-unsorted
legacy_dump,Unsorted/ai/by-nc-sa_icons.ai,.ai,57198,1673498278,legacy-unsorted
legacy_dump,Unsorted/ai/fgcomics number circle.ai,.ai,1031145,1673498286,legacy-unsorted
legacy_dump,Unsorted/ai/funnyguys.ai,.ai,526462,1673498286,legacy-unsorted
legacy_dump,Unsorted/ai/number box.ai,.ai,1025033,1673498277,legacy-unsorted
legacy_dump,Unsorted/ai/star.ai,.ai,439441,1673498277,legacy-unsorted
legacy_dump,Unsorted/ai/star_v2.ai,.ai,489985,1673498277,legacy-unsorted
legacy_dump,Unsorted/bmp/fg.bmp,.bmp,1579014,1617550807,legacy-unsorted
legacy_dump,Unsorted/bmp/links_idea.bmp,.bmp,136716,1673498278,legacy-unsorted
legacy_dump,Unsorted/bmp/urban.bmp,.bmp,1603154,1673498278,legacy-unsorted
legacy_dump,Unsorted/bmp/urban_idea.bmp,.bmp,1603154,1673498278,legacy-unsorted
legacy_dump,Unsorted/gif/FG Puzzle Story PG1.gif,.gif,235747,1673498258,legacy-unsorted
legacy_dump,Unsorted/gif/FG Puzzle Story PG2.gif,.gif,204483,1673498258,legacy-unsorted
legacy_dump,"Unsorted/gif/Rotation of Scan279, March 07, 2005.gif",.gif,78166,1673498278,legacy-unsorted
legacy_dump,"Unsorted/gif/Rotation of Scan284, March 07, 2005.gif",.gif,109742,1673498278,legacy-unsorted
legacy_dump,"Unsorted/gif/Scan189, March 07, 2005.gif",.gif,101561,1673498278,legacy-unsorted
legacy_dump,"Unsorted/gif/Scan190, March 07, 2005.gif",.gif,78655,1673498278,legacy-unsorted
legacy_dump,"Unsorted/gif/Scan270, March 07, 2005.gif",.gif,69666,1673498278,legacy-unsorted
legacy_dump,"Unsorted/gif/Scan279, March 07, 2005.gif",.gif,79542,1673498278,legacy-unsorted
legacy_dump,"Unsorted/gif/Scan281, March 07, 2005.gif",.gif,130619,1673498278,legacy-unsorted
legacy_dump,"Unsorted/gif/Scan284, March 07, 2005.gif",.gif,111774,1673498278,legacy-unsorted
legacy_dump,"Unsorted/gif/Scan286, March 07, 2005.gif",.gif,206166,1673498278,legacy-unsorted
legacy_dump,"Unsorted/gif/Scan287, March 07, 2005.gif",.gif,209597,1673498278,legacy-unsorted
legacy_dump,"Unsorted/gif/Scan290, March 07, 2005.gif",.gif,203132,1673498278,legacy-unsorted
legacy_dump,"Unsorted/gif/Scan291, March 07, 2005.gif",.gif,215982,1673498278,legacy-unsorted
legacy_dump,"Unsorted/gif/Scan292, March 07, 2005.gif",.gif,204081,1673498278,legacy-unsorted
legacy_dump,"Unsorted/gif/Scan293, March 07, 2005.gif",.gif,215517,1673498278,legacy-unsorted
legacy_dump,"Unsorted/gif/Scan294, March 07, 2005.gif",.gif,222181,1673498278,legacy-unsorted
legacy_dump,"Unsorted/gif/Scan296, March 07, 2005.gif",.gif,225099,1673498278,legacy-unsorted
legacy_dump,"Unsorted/gif/Scan298, March 07, 2005.gif",.gif,189646,1673498278,legacy-unsorted
legacy_dump,"Unsorted/gif/Scan301, March 07, 2005.gif",.gif,193311,1673498278,legacy-unsorted
legacy_dump,"Unsorted/gif/Scan302, March 07, 2005.gif",.gif,207304,1673498278,legacy-unsorted
legacy_dump,"Unsorted/gif/Scan304, March 07, 2005.gif",.gif,219534,1673498278,legacy-unsorted
legacy_dump,"Unsorted/gif/Scan305, March 07, 2005.gif",.gif,224326,1673498278,legacy-unsorted
legacy_dump,"Unsorted/gif/Scan307, March 07, 2005.gif",.gif,210862,1673498278,legacy-unsorted
legacy_dump,"Unsorted/gif/Scan308, March 07, 2005.gif",.gif,204904,1673498278,legacy-unsorted
legacy_dump,Unsorted/gif/evil_island.gif,.gif,218929,1731888210,legacy-unsorted
legacy_dump,Unsorted/gif/evry1mature.gif,.gif,3334,1673498246,legacy-unsorted
legacy_dump,Unsorted/gif/funnyland.gif,.gif,257890,1673498278,legacy-unsorted
legacy_dump,Unsorted/gif/warning.gif,.gif,38184,1673498278,legacy-unsorted
legacy_dump,Unsorted/jpg/1265061063545.jpg,.jpg,1231667,1673498278,legacy-unsorted
legacy_dump,Unsorted/jpg/Batch-4.09.jpg,.jpg,371981,1673498278,legacy-unsorted
legacy_dump,Unsorted/jpg/Batch-5.11.jpg,.jpg,460308,1673498278,legacy-unsorted
legacy_dump,Unsorted/jpg/Drawers_01.jpg,.jpg,138302,1673498278,legacy-unsorted
legacy_dump,Unsorted/jpg/Drawers_02.jpg,.jpg,241197,1673498278,legacy-unsorted
legacy_dump,Unsorted/jpg/Drawings 2_02.jpg,.jpg,216662,1673498278,legacy-unsorted
legacy_dump,Unsorted/jpg/Drawings 2_03.jpg,.jpg,210191,1673498278,legacy-unsorted
legacy_dump,Unsorted/jpg/Drawings 2_04.jpg,.jpg,184509,1673498278,legacy-unsorted
legacy_dump,Unsorted/jpg/Drawings 2_05.jpg,.jpg,176668,1673498278,legacy-unsorted
legacy_dump,Unsorted/jpg/Drawings 2_06.jpg,.jpg,163619,1673498278,legacy-unsorted
legacy_dump,Unsorted/jpg/ESLab.jpg,.jpg,103938,1731888210,legacy-unsorted
legacy_dump,Unsorted/jpg/FG0001.jpg,.jpg,1569416,1728170442,legacy-unsorted
legacy_dump,Unsorted/jpg/FGComics Ideas_01.jpg,.jpg,152515,1673498278,legacy-unsorted
legacy_dump,Unsorted/jpg/FGComics Ideas_02.jpg,.jpg,126006,1673498278,legacy-unsorted
legacy_dump,Unsorted/jpg/FGComics Ideas_03.jpg,.jpg,160349,1673498278,legacy-unsorted
legacy_dump,Unsorted/jpg/FGComics Ideas_04.jpg,.jpg,157814,1673498278,legacy-unsorted
legacy_dump,Unsorted/jpg/FGComics Ideas_05.jpg,.jpg,148201,1673498278,legacy-unsorted
legacy_dump,Unsorted/jpg/FGComics Ideas_06.jpg,.jpg,159050,1673498278,legacy-unsorted
legacy_dump,Unsorted/jpg/FGComics Ideas_07.jpg,.jpg,153262,1673498278,legacy-unsorted
legacy_dump,Unsorted/jpg/FGComics Ideas_08.jpg,.jpg,156011,1673498278,legacy-unsorted
legacy_dump,Unsorted/jpg/FGComics Ideas_09.jpg,.jpg,166521,1673498278,legacy-unsorted
legacy_dump,Unsorted/jpg/FGComics Ideas_10.jpg,.jpg,153587,1673498278,legacy-unsorted
legacy_dump,Unsorted/jpg/FGComics Ideas_11.jpg,.jpg,165090,1673498278,legacy-unsorted
legacy_dump,Unsorted/jpg/FGComics Ideas_12.jpg,.jpg,168097,1673498278,legacy-unsorted
legacy_dump,Unsorted/jpg/FGComics Notes_01.jpg,.jpg,185527,1673498278,legacy-unsorted
legacy_dump,Unsorted/jpg/FGComics Notes_02.jpg,.jpg,188381,1673498278,legacy-unsorted
legacy_dump,Unsorted/jpg/FGComics Notes_03.jpg,.jpg,186469,1673498278,legacy-unsorted
legacy_dump,Unsorted/jpg/FGComics Notes_04.jpg,.jpg,174042,1673498278,legacy-unsorted
legacy_dump,Unsorted/jpg/FGComics Notes_05.jpg,.jpg,160857,1673498278,legacy-unsorted
legacy_dump,Unsorted/jpg/FGComics Notes_06.jpg,.jpg,163353,1673498278,legacy-unsorted
legacy_dump,Unsorted/jpg/FGComics Notes_07.jpg,.jpg,149830,1673498278,legacy-unsorted
legacy_dump,Unsorted/jpg/FGComics_1.jpg,.jpg,404407,1673498278,legacy-unsorted
legacy_dump,Unsorted/jpg/FGComics_2.jpg,.jpg,389358,1673498278,legacy-unsorted
legacy_dump,Unsorted/jpg/FGComics_3.jpg,.jpg,477819,1673498278,legacy-unsorted
legacy_dump,Unsorted/jpg/FGComics_4.jpg,.jpg,478326,1673498278,legacy-unsorted
legacy_dump,Unsorted/jpg/FGComics_5.jpg,.jpg,450761,1673498278,legacy-unsorted
legacy_dump,Unsorted/jpg/FGhouse.jpg,.jpg,203179,1673498278,legacy-unsorted
legacy_dump,Unsorted/jpg/GENERAL REMINDERS_03.jpg,.jpg,114431,1673498278,legacy-unsorted
legacy_dump,Unsorted/jpg/GTH_Lice.jpg,.jpg,36856,1673498244,legacy-unsorted
legacy_dump,"Unsorted/jpg/Hummer H2 - Front Angle, 2008, 800x600, 1 of 19.jpg",.jpg,147689,1673498278,legacy-unsorted
legacy_dump,"Unsorted/jpg/Hummer H2 - Interior, 2008, 800x600, 9 of 19.jpg",.jpg,106718,1673498278,legacy-unsorted
legacy_dump,"Unsorted/jpg/Hummer H2 - Rear Angle, 2008, 800x600, 6 of 19.jpg",.jpg,122650,1673498278,legacy-unsorted
legacy_dump,Unsorted/jpg/Ideas & Scribbles_02.jpg,.jpg,160095,1673498278,legacy-unsorted
legacy_dump,Unsorted/jpg/Image (11).jpg,.jpg,613063,1673498278,legacy-unsorted
legacy_dump,Unsorted/jpg/Image (19).jpg,.jpg,438343,1673498278,legacy-unsorted
legacy_dump,Unsorted/jpg/Image (40).jpg,.jpg,3108549,1673498278,legacy-unsorted
legacy_dump,Unsorted/jpg/Image (41).jpg,.jpg,3896401,1673498278,legacy-unsorted
legacy_dump,Unsorted/jpg/Image (43).jpg,.jpg,24463278,1673498278,legacy-unsorted
legacy_dump,Unsorted/jpg/Image (44).jpg,.jpg,3631041,1673498278,legacy-unsorted
legacy_dump,Unsorted/jpg/Image (45).jpg,.jpg,26286026,1673498278,legacy-unsorted
legacy_dump,Unsorted/jpg/Memo_20140812_090622_01.jpg,.jpg,125015,1673498278,legacy-unsorted
legacy_dump,Unsorted/jpg/Memo_20140812_090622_02.jpg,.jpg,104323,1673498278,legacy-unsorted
legacy_dump,Unsorted/jpg/Old FG Contract [VOID] 2.jpg,.jpg,56496,1673498258,legacy-unsorted
legacy_dump,Unsorted/jpg/Political_01.jpg,.jpg,190550,1673498278,legacy-unsorted
legacy_dump,Unsorted/jpg/Political_02.jpg,.jpg,152055,1673498278,legacy-unsorted
legacy_dump,Unsorted/jpg/Scan.jpg,.jpg,13074320,1673498278,legacy-unsorted
legacy_dump,Unsorted/jpg/Scan0001.jpg,.jpg,9595129,1673498278,legacy-unsorted
legacy_dump,Unsorted/jpg/Scan0002.jpg,.jpg,9595129,1673498278,legacy-unsorted
legacy_dump,Unsorted/jpg/Scan0003.jpg,.jpg,9595129,1673498278,legacy-unsorted
legacy_dump,Unsorted/jpg/Scan0004.jpg,.jpg,8024662,1673498278,legacy-unsorted
legacy_dump,Unsorted/jpg/Scan0005.jpg,.jpg,8024662,1673498278,legacy-unsorted
legacy_dump,Unsorted/jpg/Scan0006.jpg,.jpg,3427487,1673498278,legacy-unsorted
legacy_dump,Unsorted/jpg/Scan0007.jpg,.jpg,10182281,1673498278,legacy-unsorted
legacy_dump,Unsorted/jpg/Scan0008.jpg,.jpg,6431682,1673498278,legacy-unsorted
legacy_dump,Unsorted/jpg/Scan0009.jpg,.jpg,5689362,1673498278,legacy-unsorted
legacy_dump,Unsorted/jpg/Scan0010.jpg,.jpg,132655,1673498278,legacy-unsorted
legacy_dump,Unsorted/jpg/Scan0011.jpg,.jpg,9633116,1673498278,legacy-unsorted
legacy_dump,Unsorted/jpg/Scan0012.jpg,.jpg,9707205,1673498278,legacy-unsorted
legacy_dump,Unsorted/jpg/Scan0013.jpg,.jpg,13266191,1673498278,legacy-unsorted
legacy_dump,Unsorted/jpg/Scan0014.jpg,.jpg,11751777,1673498278,legacy-unsorted
legacy_dump,Unsorted/jpg/Scan0015.jpg,.jpg,6648483,1673498278,legacy-unsorted
legacy_dump,Unsorted/jpg/Scan0016.jpg,.jpg,6780205,1673498278,legacy-unsorted
legacy_dump,Unsorted/jpg/Scan0017.jpg,.jpg,15174215,1673498278,legacy-unsorted
legacy_dump,Unsorted/jpg/Scan0018.jpg,.jpg,3988466,1673498278,legacy-unsorted
legacy_dump,Unsorted/jpg/Scan0019.jpg,.jpg,11294801,1673498278,legacy-unsorted
legacy_dump,Unsorted/jpg/Scan0020.jpg,.jpg,6475419,1673498278,legacy-unsorted
legacy_dump,Unsorted/jpg/Scan0021.jpg,.jpg,9080882,1673498278,legacy-unsorted
legacy_dump,Unsorted/jpg/Scan0022.jpg,.jpg,6476547,1673498278,legacy-unsorted
legacy_dump,Unsorted/jpg/Scan0023.jpg,.jpg,14372923,1673498278,legacy-unsorted
legacy_dump,Unsorted/jpg/Scan0024.jpg,.jpg,9253711,1673498278,legacy-unsorted
legacy_dump,Unsorted/jpg/Scan0027.jpg,.jpg,557765,1673498278,legacy-unsorted
legacy_dump,Unsorted/jpg/Scan0028.jpg,.jpg,546748,1673498278,legacy-unsorted
legacy_dump,Unsorted/jpg/Scan0029.jpg,.jpg,540801,1673498278,legacy-unsorted
legacy_dump,Unsorted/jpg/Scan0030.jpg,.jpg,501888,1673498278,legacy-unsorted
legacy_dump,Unsorted/jpg/Scan0031.jpg,.jpg,655088,1673498278,legacy-unsorted
legacy_dump,Unsorted/jpg/Scan0032.jpg,.jpg,460584,1673498278,legacy-unsorted
legacy_dump,Unsorted/jpg/Scan0033.jpg,.jpg,531553,1673498278,legacy-unsorted
legacy_dump,Unsorted/jpg/Scan0034.jpg,.jpg,587952,1673498278,legacy-unsorted
legacy_dump,Unsorted/jpg/Scan0035.jpg,.jpg,11428633,1673498278,legacy-unsorted
legacy_dump,Unsorted/jpg/Scan0036.jpg,.jpg,1012254,1673498278,legacy-unsorted
legacy_dump,Unsorted/jpg/Scan0037.jpg,.jpg,1557965,1673498278,legacy-unsorted
legacy_dump,Unsorted/jpg/Scan0038.jpg,.jpg,1533163,1673498278,legacy-unsorted
legacy_dump,Unsorted/jpg/Scan0039.jpg,.jpg,1009313,1673498278,legacy-unsorted
legacy_dump,Unsorted/jpg/Scan0040.jpg,.jpg,955210,1673498278,legacy-unsorted
legacy_dump,Unsorted/jpg/Scan0041.jpg,.jpg,1175267,1673498278,legacy-unsorted
legacy_dump,Unsorted/jpg/Scan0042.jpg,.jpg,695063,1673498278,legacy-unsorted
legacy_dump,Unsorted/jpg/Scan0043.jpg,.jpg,484600,1673498278,legacy-unsorted
legacy_dump,Unsorted/jpg/Scan0044.jpg,.jpg,286014,1673498278,legacy-unsorted
legacy_dump,Unsorted/jpg/Scan0045.jpg,.jpg,155378,1673498278,legacy-unsorted
legacy_dump,Unsorted/jpg/Scan0046.jpg,.jpg,187081,1673498278,legacy-unsorted
legacy_dump,Unsorted/jpg/Scan0047.jpg,.jpg,846231,1673498278,legacy-unsorted
legacy_dump,Unsorted/jpg/Scan0048.jpg,.jpg,326967,1673498278,legacy-unsorted
legacy_dump,Unsorted/jpg/Scan0049.jpg,.jpg,680857,1673498278,legacy-unsorted
legacy_dump,Unsorted/jpg/Scan0050.jpg,.jpg,399609,1673498278,legacy-unsorted
legacy_dump,Unsorted/jpg/Scan0051.jpg,.jpg,724125,1673498278,legacy-unsorted
legacy_dump,Unsorted/jpg/Scan0052.jpg,.jpg,179706,1673498278,legacy-unsorted
legacy_dump,Unsorted/jpg/Scan0053.jpg,.jpg,11452088,1673498278,legacy-unsorted
legacy_dump,Unsorted/jpg/Scan0054.jpg,.jpg,6083119,1673498278,legacy-unsorted
legacy_dump,Unsorted/jpg/Scan0135.jpg,.jpg,11335594,1673498278,legacy-unsorted
legacy_dump,Unsorted/jpg/Scan0136.jpg,.jpg,17031391,1673498278,legacy-unsorted
legacy_dump,Unsorted/jpg/Scan0137.jpg,.jpg,14105780,1673498278,legacy-unsorted
legacy_dump,Unsorted/jpg/Scan0138.jpg,.jpg,10312241,1673498278,legacy-unsorted
legacy_dump,Unsorted/jpg/Scan0139.jpg,.jpg,25392869,1673498278,legacy-unsorted
legacy_dump,Unsorted/jpg/Scan0140.jpg,.jpg,16362755,1673498278,legacy-unsorted
legacy_dump,Unsorted/jpg/Scan0141.jpg,.jpg,18358561,1673498278,legacy-unsorted
legacy_dump,Unsorted/jpg/Scan0142.jpg,.jpg,8927809,1673498278,legacy-unsorted
legacy_dump,Unsorted/jpg/Scan0143.jpg,.jpg,11961416,1673498278,legacy-unsorted
legacy_dump,Unsorted/jpg/Scan0152.jpg,.jpg,13899648,1673498278,legacy-unsorted
legacy_dump,Unsorted/jpg/Showcase4.jpg,.jpg,59710,1673498278,legacy-unsorted
legacy_dump,Unsorted/jpg/Snapshot 14-12-2015.JPG,.jpg,173594,1673498278,legacy-unsorted
legacy_dump,Unsorted/jpg/Steve's Employee Card Letter.jpg,.jpg,56221,1673498258,legacy-unsorted
legacy_dump,Unsorted/jpg/Steve's Kit Letter 2.jpg,.jpg,60947,1673498258,legacy-unsorted
legacy_dump,Unsorted/jpg/US_$2_reverse-high.jpg,.jpg,92970,1673498278,legacy-unsorted
legacy_dump,Unsorted/jpg/Voracious Predation.jpg,.jpg,209722,1673498278,legacy-unsorted
legacy_dump,Unsorted/jpg/Yellow Notebook (1).jpg,.jpg,8357998,1673498278,legacy-unsorted
legacy_dump,Unsorted/jpg/Yellow Notebook (10).jpg,.jpg,6757707,1673498278,legacy-unsorted
legacy_dump,Unsorted/jpg/Yellow Notebook (11).jpg,.jpg,6709549,1673498278,legacy-unsorted
legacy_dump,Unsorted/jpg/Yellow Notebook (12).jpg,.jpg,6695520,1673498278,legacy-unsorted
legacy_dump,Unsorted/jpg/Yellow Notebook (13).jpg,.jpg,6652447,1673498278,legacy-unsorted
legacy_dump,Unsorted/jpg/Yellow Notebook (14).jpg,.jpg,6644826,1673498278,legacy-unsorted
legacy_dump,Unsorted/jpg/Yellow Notebook (15).jpg,.jpg,6601002,1673498278,legacy-unsorted
legacy_dump,Unsorted/jpg/Yellow Notebook (16).jpg,.jpg,6587700,1673498278,legacy-unsorted
legacy_dump,Unsorted/jpg/Yellow Notebook (17).jpg,.jpg,6560114,1673498278,legacy-unsorted
legacy_dump,Unsorted/jpg/Yellow Notebook (18).jpg,.jpg,6550200,1673498278,legacy-unsorted
legacy_dump,Unsorted/jpg/Yellow Notebook (19).jpg,.jpg,6536083,1673498278,legacy-unsorted
legacy_dump,Unsorted/jpg/Yellow Notebook (2).jpg,.jpg,7811811,1673498278,legacy-unsorted
legacy_dump,Unsorted/jpg/Yellow Notebook (20).jpg,.jpg,6519265,1673498278,legacy-unsorted
legacy_dump,Unsorted/jpg/Yellow Notebook (21).jpg,.jpg,6381959,1673498278,legacy-unsorted
legacy_dump,Unsorted/jpg/Yellow Notebook (22).jpg,.jpg,6381243,1673498278,legacy-unsorted
legacy_dump,Unsorted/jpg/Yellow Notebook (23).jpg,.jpg,6396736,1673498278,legacy-unsorted
legacy_dump,Unsorted/jpg/Yellow Notebook (24).jpg,.jpg,6271056,1673498278,legacy-unsorted
legacy_dump,Unsorted/jpg/Yellow Notebook (25).jpg,.jpg,6251228,1673498278,legacy-unsorted
legacy_dump,Unsorted/jpg/Yellow Notebook (26).jpg,.jpg,6219970,1673498278,legacy-unsorted
legacy_dump,Unsorted/jpg/Yellow Notebook (3).jpg,.jpg,7219687,1673498278,legacy-unsorted
legacy_dump,Unsorted/jpg/Yellow Notebook (4).jpg,.jpg,7181817,1673498278,legacy-unsorted
legacy_dump,Unsorted/jpg/Yellow Notebook (5).jpg,.jpg,7029112,1673498278,legacy-unsorted
legacy_dump,Unsorted/jpg/Yellow Notebook (6).jpg,.jpg,6908804,1673498278,legacy-unsorted
legacy_dump,Unsorted/jpg/Yellow Notebook (7).jpg,.jpg,6876847,1673498278,legacy-unsorted
legacy_dump,Unsorted/jpg/Yellow Notebook (8).jpg,.jpg,6864796,1673498278,legacy-unsorted
legacy_dump,Unsorted/jpg/Yellow Notebook (9).jpg,.jpg,6808760,1673498278,legacy-unsorted
legacy_dump,Unsorted/jpg/YkTTR.jpg,.jpg,120384,1673498278,legacy-unsorted
legacy_dump,Unsorted/jpg/buzzfeed.JPG,.jpg,212726,1673498278,legacy-unsorted
legacy_dump,Unsorted/jpg/construction.jpg,.jpg,141874,1731888205,legacy-unsorted
legacy_dump,Unsorted/jpg/drawing.jpg,.jpg,453753,1731888205,legacy-unsorted
legacy_dump,Unsorted/jpg/fg.jpg,.jpg,168869,1725803929,legacy-unsorted
legacy_dump,Unsorted/jpg/fg2015.jpg,.jpg,37141,1728170442,legacy-unsorted
legacy_dump,Unsorted/jpg/font idea.jpg,.jpg,26491,1673498278,legacy-unsorted
legacy_dump,Unsorted/jpg/fzm-Embossed-Plastic-Label-Letters-Numbers-01.jpg,.jpg,40809,1673498278,legacy-unsorted
legacy_dump,"Unsorted/jpg/good lord, photoshop.jpg",.jpg,443838,1673498286,legacy-unsorted
legacy_dump,Unsorted/jpg/herstal-fn-scar.jpg,.jpg,21811,1673498278,legacy-unsorted
legacy_dump,Unsorted/jpg/i-hCgs8pG-L.jpg,.jpg,141061,1673498278,legacy-unsorted
legacy_dump,Unsorted/jpg/i-nwf4qW5-X3.jpg,.jpg,125515,1673498278,legacy-unsorted
legacy_dump,Unsorted/jpg/idea.JPG,.jpg,181638,1673498286,legacy-unsorted
legacy_dump,Unsorted/jpg/is01p26-72dpi.jpg,.jpg,169410,1673498278,legacy-unsorted
legacy_dump,Unsorted/jpg/jlist.jpg,.jpg,356881,1673498278,legacy-unsorted
legacy_dump,Unsorted/jpg/killweb2.jpg,.jpg,796453,1673498286,legacy-unsorted
legacy_dump,Unsorted/jpg/knife-jm13b.jpg,.jpg,12421,1673498278,legacy-unsorted
legacy_dump,Unsorted/jpg/marisa-lerin-vintage-notebook-paper-asset-white-distressed-grunge-commercial-use.jpg,.jpg,1489836,1673498278,legacy-unsorted
legacy_dump,Unsorted/jpg/mst2014.jpg,.jpg,21002,1673498278,legacy-unsorted
legacy_dump,Unsorted/jpg/mtv.JPG,.jpg,327359,1673498278,legacy-unsorted
legacy_dump,Unsorted/jpg/pasgt_helmet2.jpg,.jpg,9995,1673498278,legacy-unsorted
legacy_dump,Unsorted/jpg/salon.JPG,.jpg,202621,1673498278,legacy-unsorted
legacy_dump,Unsorted/jpg/scrn1.JPG,.jpg,24336,1673498242,legacy-unsorted
legacy_dump,Unsorted/jpg/scrn10.JPG,.jpg,28640,1673498242,legacy-unsorted
legacy_dump,Unsorted/jpg/scrn2.JPG,.jpg,27147,1673498242,legacy-unsorted
legacy_dump,Unsorted/jpg/scrn3.JPG,.jpg,26425,1673498242,legacy-unsorted
legacy_dump,Unsorted/jpg/scrn4.JPG,.jpg,31612,1673498242,legacy-unsorted
legacy_dump,Unsorted/jpg/scrn5.JPG,.jpg,17892,1673498242,legacy-unsorted
legacy_dump,Unsorted/jpg/scrn6.JPG,.jpg,29317,1673498242,legacy-unsorted
legacy_dump,Unsorted/jpg/scrn7.JPG,.jpg,20298,1673498242,legacy-unsorted
legacy_dump,Unsorted/jpg/scrn8.JPG,.jpg,17411,1673498242,legacy-unsorted
legacy_dump,Unsorted/jpg/scrn9.JPG,.jpg,8683,1673498242,legacy-unsorted
legacy_dump,Unsorted/jpg/stock-vector-old-font-upper-lower-case-69764335.jpg,.jpg,66889,1673498278,legacy-unsorted
legacy_dump,Unsorted/jpg/stuffguysneed.JPG,.jpg,37299,1673498278,legacy-unsorted
legacy_dump,Unsorted/jpg/sunny.jpg,.jpg,529096,1673498278,legacy-unsorted
legacy_dump,Unsorted/jpg/tfgc189_sketch.jpg,.jpg,1402886,1673498278,legacy-unsorted
legacy_dump,Unsorted/jpg/tfgc192_sketch.jpg,.jpg,417431,1673498278,legacy-unsorted
legacy_dump,Unsorted/jpg/tfgc192_sketch2.jpg,.jpg,1007242,1673498278,legacy-unsorted
legacy_dump,Unsorted/jpg/tfgc192_sketch3.jpg,.jpg,858973,1673498278,legacy-unsorted
legacy_dump,Unsorted/jpg/tfgc221_sketch.jpg,.jpg,1370345,1673498278,legacy-unsorted
legacy_dump,Unsorted/jpg/tfgc241_sketch.jpg,.jpg,592629,1673498278,legacy-unsorted
legacy_dump,Unsorted/jpg/tfgc243_sketch.jpg,.jpg,3764785,1673498278,legacy-unsorted
legacy_dump,Unsorted/jpg/tfgc282_sketch.jpg,.jpg,1496049,1673498278,legacy-unsorted
legacy_dump,Unsorted/jpg/tfgc302_sketchAD300.jpg,.jpg,1010446,1673498278,legacy-unsorted
legacy_dump,Unsorted/jpg/the arts.JPG,.jpg,224017,1673498278,legacy-unsorted
legacy_dump,Unsorted/jpg/tonic.jpg,.jpg,590926,1673498278,legacy-unsorted
legacy_dump,Unsorted/jpg/uberpix.JPG,.jpg,53858,1673498278,legacy-unsorted
legacy_dump,Unsorted/jpg/watchmen1_template.jpg,.jpg,131277,1673498277,legacy-unsorted
legacy_dump,Unsorted/png/23602_1153804891.png,.png,2575,1673498258,legacy-unsorted
legacy_dump,Unsorted/png/29345_1175180048.png,.png,7299,1673498258,legacy-unsorted
legacy_dump,Unsorted/png/452345234523.png,.png,4965,1673498258,legacy-unsorted
legacy_dump,Unsorted/png/45815_1240830116.png,.png,39734,1673498258,legacy-unsorted
legacy_dump,Unsorted/png/6771_1154698996.png,.png,3026,1673498258,legacy-unsorted
legacy_dump,Unsorted/png/FGC0001 (2).png,.png,12851286,1728170442,legacy-unsorted
legacy_dump,Unsorted/png/FGC0001.png,.png,985782,1725803928,legacy-unsorted
legacy_dump,Unsorted/png/FGC0002 (2).png,.png,8200290,1725803928,legacy-unsorted
legacy_dump,Unsorted/png/FGC0002.png,.png,295392,1725803928,legacy-unsorted
legacy_dump,Unsorted/png/FGC0003 (2).png,.png,5713936,1725803928,legacy-unsorted
legacy_dump,Unsorted/png/FGC0003.png,.png,1333525,1725803928,legacy-unsorted
legacy_dump,Unsorted/png/FGC0004 (2).png,.png,5366578,1725803928,legacy-unsorted
legacy_dump,Unsorted/png/FGC0004.png,.png,7255275,1725803928,legacy-unsorted
legacy_dump,Unsorted/png/FGC0005 (2).png,.png,6744753,1725803928,legacy-unsorted
legacy_dump,Unsorted/png/FGC0005.png,.png,3970604,1725803928,legacy-unsorted
legacy_dump,Unsorted/png/FGC0006.png,.png,558610,1725803928,legacy-unsorted
legacy_dump,Unsorted/png/FGC0007.png,.png,24404710,1673498278,legacy-unsorted
legacy_dump,Unsorted/png/FGC0008.png,.png,139490039,1725803927,legacy-unsorted
legacy_dump,Unsorted/png/FGC0009.png,.png,20624334,1673498277,legacy-unsorted
legacy_dump,Unsorted/png/FGC0010.png,.png,27809797,1673498277,legacy-unsorted
legacy_dump,Unsorted/png/FGC0011.png,.png,1409748,1673498277,legacy-unsorted
legacy_dump,Unsorted/png/FGC0012.png,.png,913086,1673498277,legacy-unsorted
legacy_dump,Unsorted/png/FGC0013.png,.png,19372514,1673498277,legacy-unsorted
legacy_dump,Unsorted/png/FGPRG 1-1 2.png,.png,36869,1673498258,legacy-unsorted
legacy_dump,Unsorted/png/FGPRG 1-1.png,.png,107972,1673498258,legacy-unsorted
legacy_dump,Unsorted/png/Face Mug -Josh Baker 2025_04_22_001.png,.png,14772763,1745350879,legacy-unsorted
legacy_dump,Unsorted/png/Funny Guy Concepts 0001_0001.png,.png,131081501,1745350288,legacy-unsorted
legacy_dump,Unsorted/png/Funny Guy Facebook Profile Pic.png,.png,51319,1673498277,legacy-unsorted
legacy_dump,Unsorted/png/Funny Guy Sketches (3)2025_04_22_0001.png,.png,5281752,1745353836,legacy-unsorted
legacy_dump,Unsorted/png/Funny Guy Sketches (3)2025_04_22_0002.png,.png,6214190,1745353837,legacy-unsorted
legacy_dump,Unsorted/png/Funny Guy Sketches (3)2025_04_22_0003.png,.png,9056317,1745353838,legacy-unsorted
legacy_dump,Unsorted/png/Funny Guy Sketches (3)2025_04_22_0004.png,.png,5533201,1745353839,legacy-unsorted
legacy_dump,Unsorted/png/Funny Guy Sketches (3)2025_04_22_0005.png,.png,3830737,1745353841,legacy-unsorted
legacy_dump,Unsorted/png/Funny Guy Sketches (3)2025_04_22_0006.png,.png,7178716,1745353842,legacy-unsorted
legacy_dump,Unsorted/png/Funny Guy Sketches (3)2025_04_22_0007.png,.png,3209534,1745353843,legacy-unsorted
legacy_dump,Unsorted/png/Funny Guy Sketches (3)2025_04_22_0008.png,.png,10886097,1745353844,legacy-unsorted
legacy_dump,Unsorted/png/Funny Guy Sketches (3)2025_04_22_0009.png,.png,6024756,1745353846,legacy-unsorted
legacy_dump,Unsorted/png/Funny Guy Sketches (3)2025_04_22_0010.png,.png,3287201,1745353847,legacy-unsorted
legacy_dump,Unsorted/png/Funny Guy Sketches (3)2025_04_22_0011.png,.png,1939070,1745353848,legacy-unsorted
legacy_dump,Unsorted/png/Funny Guy Sketches (3)2025_04_22_0012.png,.png,6798635,1745353849,legacy-unsorted
legacy_dump,Unsorted/png/Funny Guy Sketches (3)2025_04_22_0013.png,.png,9264531,1745353850,legacy-unsorted
legacy_dump,Unsorted/png/Funny Guy Sketches (3)2025_04_22_0014.png,.png,6472629,1745353852,legacy-unsorted
legacy_dump,Unsorted/png/Funny Guy Sketches (3)2025_04_22_0015.png,.png,4891702,1745353853,legacy-unsorted
legacy_dump,Unsorted/png/Funny Guy Sketches (3)2025_04_22_0016.png,.png,3402885,1745353854,legacy-unsorted
legacy_dump,Unsorted/png/Funny Guy Sketches (3)2025_04_22_0017.png,.png,2229736,1745353855,legacy-unsorted
legacy_dump,Unsorted/png/Funny Guy Sketches (3)2025_04_22_0018.png,.png,6811117,1745353856,legacy-unsorted
legacy_dump,Unsorted/png/Funny Guy Sketches (3)2025_04_22_0019.png,.png,5102488,1745353857,legacy-unsorted
legacy_dump,Unsorted/png/Funny Guy Sketches (3)2025_04_22_0020.png,.png,53126260,1745353861,legacy-unsorted
legacy_dump,Unsorted/png/Funny Guy Sketches (3)2025_04_22_0021.png,.png,9470681,1745353862,legacy-unsorted
legacy_dump,Unsorted/png/Funny Guy Sketches (3)2025_04_22_0022.png,.png,5754576,1745353864,legacy-unsorted
legacy_dump,Unsorted/png/Funny Guy Sketches (3)2025_04_22_0023.png,.png,12598960,1745353865,legacy-unsorted
legacy_dump,Unsorted/png/Funny Guy Sketches (3)2025_04_22_0024.png,.png,24921501,1745353867,legacy-unsorted
legacy_dump,Unsorted/png/Funny Guy Sketches (3)2025_04_22_0025.png,.png,3985279,1745353868,legacy-unsorted
legacy_dump,Unsorted/png/Funny Guy Sketches (3)2025_04_22_0026.png,.png,4387492,1745353869,legacy-unsorted
legacy_dump,Unsorted/png/Funny Guy Sketches (3)2025_04_22_0027.png,.png,10349640,1745353870,legacy-unsorted
legacy_dump,Unsorted/png/Funny Guy Sketches (3)2025_04_22_0028.png,.png,8031540,1745353872,legacy-unsorted
legacy_dump,Unsorted/png/Funny Guy Sketches (3)2025_04_22_0029.png,.png,4684136,1745353873,legacy-unsorted
legacy_dump,Unsorted/png/Funny Guy Sketches (3)2025_04_22_0030.png,.png,2886936,1745353874,legacy-unsorted
legacy_dump,Unsorted/png/Funny Guy Sketches (3)2025_04_22_0031.png,.png,16342040,1745353876,legacy-unsorted
legacy_dump,Unsorted/png/Funny Guy Sketches (3)2025_04_22_0032.png,.png,13012044,1745353877,legacy-unsorted
legacy_dump,Unsorted/png/Funny Guy Sketches (3)2025_04_22_0033.png,.png,3899052,1745353878,legacy-unsorted
legacy_dump,Unsorted/png/Funny Guy Sketches (3)2025_04_22_0034.png,.png,20545554,1745353880,legacy-unsorted
legacy_dump,Unsorted/png/Funny Guy Sketches (3)2025_04_22_0035.png,.png,13668371,1745353882,legacy-unsorted
legacy_dump,Unsorted/png/Funny Guy Sketches (3)2025_04_22_0036.png,.png,41587849,1745353885,legacy-unsorted
legacy_dump,Unsorted/png/Funny Guy Sketches (3)2025_04_22_0037.png,.png,41976254,1745353889,legacy-unsorted
legacy_dump,Unsorted/png/Funny Guy Sketches (3)2025_04_22_0038.png,.png,37173779,1745353892,legacy-unsorted
legacy_dump,Unsorted/png/Funny Guy Sketches (3)2025_04_22_0039.png,.png,4037027,1745353894,legacy-unsorted
legacy_dump,Unsorted/png/Funny Guy Sketches (3)2025_04_22_0040.png,.png,988729,1745353894,legacy-unsorted
legacy_dump,Unsorted/png/Funny Guy Sketches (3)2025_04_22_0041.png,.png,39519564,1745353898,legacy-unsorted
legacy_dump,Unsorted/png/Funny Guy Sketches (3)2025_04_22_0042.png,.png,39515810,1745353902,legacy-unsorted
legacy_dump,Unsorted/png/Funny Guy Sketches (3)2025_04_22_0043.png,.png,3902855,1745353903,legacy-unsorted
legacy_dump,Unsorted/png/Funny Guy Sketches (3)2025_04_22_0044.png,.png,4744459,1745353904,legacy-unsorted
legacy_dump,Unsorted/png/Funny Guy Sketches (3)2025_04_22_0045.png,.png,41858318,1745353908,legacy-unsorted
legacy_dump,Unsorted/png/Funny Guy Sketches (3)2025_04_22_0046.png,.png,41808468,1745353911,legacy-unsorted
legacy_dump,Unsorted/png/Funny Guy Sketches (3)2025_04_22_0047.png,.png,24007958,1745353914,legacy-unsorted
legacy_dump,Unsorted/png/Funny Guy Sketches (3)2025_04_22_0048.png,.png,23284152,1745353916,legacy-unsorted
legacy_dump,Unsorted/png/Funny Guy Sketches (3)2025_04_22_0049.png,.png,3284211,1745353917,legacy-unsorted
legacy_dump,Unsorted/png/Funny Guy Sketches (3)2025_04_22_0050.png,.png,9913138,1745353918,legacy-unsorted
legacy_dump,Unsorted/png/Funny Guy Sketches (3)2025_04_22_0051.png,.png,18773434,1745353920,legacy-unsorted
legacy_dump,Unsorted/png/Funny Guy Sketches (3)2025_04_22_0052.png,.png,6245285,1745353922,legacy-unsorted
legacy_dump,Unsorted/png/Funny Guy Sketches (3)2025_04_22_0053.png,.png,6668525,1745353923,legacy-unsorted
legacy_dump,Unsorted/png/Funny Guy Sketches (3)2025_04_22_0054.png,.png,11552038,1745353924,legacy-unsorted
legacy_dump,Unsorted/png/Funny Guy Sketches (3)2025_04_22_0055.png,.png,12280634,1745353926,legacy-unsorted
legacy_dump,Unsorted/png/Funny Guy Sketches (3)2025_04_22_0056.png,.png,16561838,1745353928,legacy-unsorted
legacy_dump,Unsorted/png/Funny Guy Sketches (3)2025_04_22_0057.png,.png,18212044,1745353930,legacy-unsorted
legacy_dump,Unsorted/png/Funny Guy Sketches (3)2025_04_22_0058.png,.png,7015024,1745353931,legacy-unsorted
legacy_dump,Unsorted/png/Funny Guy Sketches (3)2025_04_22_0059.png,.png,12732803,1745353933,legacy-unsorted
legacy_dump,Unsorted/png/Funny Guy Sketches (3)2025_04_22_0060.png,.png,11091979,1745353934,legacy-unsorted
legacy_dump,Unsorted/png/Funny Guy Sketches (3)2025_04_22_0061.png,.png,14534152,1745353936,legacy-unsorted
legacy_dump,Unsorted/png/Funny Guy Sketches (3)2025_04_22_0062.png,.png,26578938,1745353938,legacy-unsorted
legacy_dump,Unsorted/png/Funny Guy Sketches2025_04_22_0001.png,.png,4600698,1745351094,legacy-unsorted
legacy_dump,Unsorted/png/Funny Guy Sketches2025_04_22_0002.png,.png,1611257,1745351095,legacy-unsorted
legacy_dump,Unsorted/png/Funny Guy Sketches2025_04_22_0003.png,.png,2880717,1745351095,legacy-unsorted
legacy_dump,Unsorted/png/Gritz.PNG,.png,35435,1673498278,legacy-unsorted
legacy_dump,Unsorted/png/Image (22).png,.png,93227,1673498278,legacy-unsorted
legacy_dump,Unsorted/png/JBond.PNG,.png,21072,1673498278,legacy-unsorted
legacy_dump,Unsorted/png/NO.PNG,.png,1623548,1673498278,legacy-unsorted
legacy_dump,Unsorted/png/PARCHMENT.png,.png,1133249,1531109236,legacy-unsorted
legacy_dump,Unsorted/png/PNG image.png,.png,629445,1744601034,legacy-unsorted
legacy_dump,Unsorted/png/Pikachu.png,.png,5971,1673498258,legacy-unsorted
legacy_dump,Unsorted/png/Sketches (Batch 2)2025_04_22_0001.png,.png,45327276,1745353125,legacy-unsorted
legacy_dump,Unsorted/png/Sketches (Batch 2)2025_04_22_0002.png,.png,38395227,1745353129,legacy-unsorted
legacy_dump,Unsorted/png/Sketches (Batch 2)2025_04_22_0003.png,.png,13797029,1745353130,legacy-unsorted
legacy_dump,Unsorted/png/Sketches (Batch 2)2025_04_22_0004.png,.png,21101722,1745353132,legacy-unsorted
legacy_dump,Unsorted/png/Sketches (Batch 2)2025_04_22_0005.png,.png,33686057,1745353135,legacy-unsorted
legacy_dump,Unsorted/png/Sketches (Batch 2)2025_04_22_0006.png,.png,43596135,1745353138,legacy-unsorted
legacy_dump,Unsorted/png/Sketches (Batch 2)2025_04_22_0007.png,.png,30840624,1745353141,legacy-unsorted
legacy_dump,Unsorted/png/Sketches (Batch 2)2025_04_22_0008.png,.png,27217862,1745353144,legacy-unsorted
legacy_dump,Unsorted/png/Sketches (Batch 2)2025_04_22_0009.png,.png,7207289,1745353145,legacy-unsorted
legacy_dump,Unsorted/png/Sketches (Batch 2)2025_04_22_0010.png,.png,6940368,1745353146,legacy-unsorted
legacy_dump,Unsorted/png/Sketches (Batch 2)2025_04_22_0011.png,.png,7206780,1745353148,legacy-unsorted
legacy_dump,Unsorted/png/Sketches (Batch 2)2025_04_22_0012.png,.png,3069181,1745353149,legacy-unsorted
legacy_dump,Unsorted/png/Sketches (Batch 2)2025_04_22_0013.png,.png,8196082,1745353150,legacy-unsorted
legacy_dump,Unsorted/png/Sketches (Batch 2)2025_04_22_0014.png,.png,1902500,1745353151,legacy-unsorted
legacy_dump,Unsorted/png/Sketches (Batch 2)2025_04_22_0015.png,.png,10889751,1745353152,legacy-unsorted
legacy_dump,Unsorted/png/Sketches (Batch 2)2025_04_22_0016.png,.png,6509076,1745353154,legacy-unsorted
legacy_dump,Unsorted/png/Sketches (Batch 2)2025_04_22_0017.png,.png,12167860,1745353155,legacy-unsorted
legacy_dump,Unsorted/png/Sketches (Batch 2)2025_04_22_0018.png,.png,33835261,1745353157,legacy-unsorted
legacy_dump,Unsorted/png/Sketches (Batch 2)2025_04_22_0019.png,.png,17390025,1745353159,legacy-unsorted
legacy_dump,Unsorted/png/Sketches (Batch 2)2025_04_22_0020.png,.png,20631582,1745353161,legacy-unsorted
legacy_dump,Unsorted/png/Sketches (Batch 2)2025_04_22_0021.png,.png,6930498,1745353162,legacy-unsorted
legacy_dump,Unsorted/png/Sketches (Batch 2)2025_04_22_0022.png,.png,5813341,1745353163,legacy-unsorted
legacy_dump,Unsorted/png/Sketches (Batch 2)2025_04_22_0023.png,.png,3686934,1745353164,legacy-unsorted
legacy_dump,Unsorted/png/Sketches (Batch 2)2025_04_22_0024.png,.png,52658841,1745353169,legacy-unsorted
legacy_dump,Unsorted/png/Sketches (Batch 2)2025_04_22_0025.png,.png,53685724,1745353173,legacy-unsorted
legacy_dump,Unsorted/png/Sketches (Batch 2)2025_04_22_0026.png,.png,11177377,1745353175,legacy-unsorted
legacy_dump,Unsorted/png/Sketches (Batch 2)2025_04_22_0027.png,.png,6413789,1745353176,legacy-unsorted
legacy_dump,Unsorted/png/Sketches (Batch 2)2025_04_22_0028.png,.png,6155740,1745353177,legacy-unsorted
legacy_dump,Unsorted/png/Sketches (Batch 2)2025_04_22_0029.png,.png,7010588,1745353179,legacy-unsorted
legacy_dump,Unsorted/png/Sketches (Batch 2)2025_04_22_0030.png,.png,11886171,1745353180,legacy-unsorted
legacy_dump,Unsorted/png/Sketches (Batch 2)2025_04_22_0031.png,.png,12232512,1745353182,legacy-unsorted
legacy_dump,Unsorted/png/Sketches (Batch 2)2025_04_22_0032.png,.png,5078091,1745353183,legacy-unsorted
legacy_dump,Unsorted/png/Sketches (Batch 2)2025_04_22_0033.png,.png,5012328,1745353184,legacy-unsorted
legacy_dump,Unsorted/png/Sketches (Batch 2)2025_04_22_0034.png,.png,2993348,1745353185,legacy-unsorted
legacy_dump,Unsorted/png/Sketches (Batch 2)2025_04_22_0035.png,.png,16832217,1745353186,legacy-unsorted
legacy_dump,Unsorted/png/Sketches (Batch 2)2025_04_22_0036.png,.png,9367737,1745353188,legacy-unsorted
legacy_dump,Unsorted/png/Sketches (Batch 2)2025_04_22_0037.png,.png,15510928,1745353189,legacy-unsorted
legacy_dump,Unsorted/png/Sketches (Batch 2)2025_04_22_0038.png,.png,6247762,1745353190,legacy-unsorted
legacy_dump,Unsorted/png/Sketches (Batch 2)2025_04_22_0039.png,.png,18542178,1745353192,legacy-unsorted
legacy_dump,Unsorted/png/Sketches (Batch 2)2025_04_22_0040.png,.png,7599133,1745353193,legacy-unsorted
legacy_dump,Unsorted/png/Sketches (Batch 2)2025_04_22_0041.png,.png,13064053,1745353194,legacy-unsorted
legacy_dump,Unsorted/png/Sketches (Batch 2)2025_04_22_0042.png,.png,19642212,1745353196,legacy-unsorted
legacy_dump,Unsorted/png/Sketches (Batch 2)2025_04_22_0043.png,.png,21585652,1745353198,legacy-unsorted
legacy_dump,Unsorted/png/Sketches (Batch 2)2025_04_22_0044.png,.png,13275168,1745353199,legacy-unsorted
legacy_dump,Unsorted/png/Sketches (Batch 2)2025_04_22_0045.png,.png,11750262,1745353201,legacy-unsorted
legacy_dump,Unsorted/png/Sketches (Batch 2)2025_04_22_0046.png,.png,14750792,1745353202,legacy-unsorted
legacy_dump,Unsorted/png/Sketches (Batch 2)2025_04_22_0047.png,.png,14573364,1745353204,legacy-unsorted
legacy_dump,Unsorted/png/Sketches (Batch 2)2025_04_22_0048.png,.png,8754630,1745353205,legacy-unsorted
legacy_dump,Unsorted/png/Sketches (Batch 2)2025_04_22_0049.png,.png,22801258,1745353207,legacy-unsorted
legacy_dump,Unsorted/png/Sketches (Batch 2)2025_04_22_0050.png,.png,7821667,1745353209,legacy-unsorted
legacy_dump,Unsorted/png/Sketches (Batch 2)2025_04_22_0051.png,.png,4878096,1745353210,legacy-unsorted
legacy_dump,Unsorted/png/Sketches (Batch 2)2025_04_22_0052.png,.png,8623725,1745353211,legacy-unsorted
legacy_dump,Unsorted/png/Sketches (Batch 2)2025_04_22_0053.png,.png,6744877,1745353212,legacy-unsorted
legacy_dump,Unsorted/png/Sketches (Batch 2)2025_04_22_0054.png,.png,5003581,1745353213,legacy-unsorted
legacy_dump,Unsorted/png/Sketches (Batch 2)2025_04_22_0055.png,.png,5217579,1745353214,legacy-unsorted
legacy_dump,Unsorted/png/Sketches (Batch 2)2025_04_22_0056.png,.png,17048624,1745353216,legacy-unsorted
legacy_dump,Unsorted/png/Sketches (Batch 2)2025_04_22_0057.png,.png,8822020,1745353217,legacy-unsorted
legacy_dump,Unsorted/png/Sketches (Batch 2)2025_04_22_0058.png,.png,15696440,1745353219,legacy-unsorted
legacy_dump,Unsorted/png/Sketches (Batch 2)2025_04_22_0059.png,.png,20488854,1745353221,legacy-unsorted
legacy_dump,Unsorted/png/Sketches (Batch 2)2025_04_22_0060.png,.png,8213470,1745353222,legacy-unsorted
legacy_dump,Unsorted/png/Sketches (Batch 2)2025_04_22_0061.png,.png,5103421,1745353223,legacy-unsorted
legacy_dump,Unsorted/png/Sketches (Batch 2)2025_04_22_0062.png,.png,10303761,1745353225,legacy-unsorted
legacy_dump,Unsorted/png/Sketches (Batch 2)2025_04_22_0063.png,.png,13119950,1745353226,legacy-unsorted
legacy_dump,Unsorted/png/Sketches (Batch 2)2025_04_22_0064.png,.png,6859290,1745353227,legacy-unsorted
legacy_dump,Unsorted/png/Sketches (Batch 2)2025_04_22_0065.png,.png,8277117,1745353229,legacy-unsorted
legacy_dump,Unsorted/png/Sketches (Batch 2)2025_04_22_0066.png,.png,18185859,1745353231,legacy-unsorted
legacy_dump,Unsorted/png/Sketches (Batch 2)2025_04_22_0067.png,.png,4507044,1745353232,legacy-unsorted
legacy_dump,Unsorted/png/Sketches (Batch 2)2025_04_22_0068.png,.png,4171294,1745353233,legacy-unsorted
legacy_dump,Unsorted/png/Sketches (Batch 2)2025_04_22_0069.png,.png,6220522,1745353234,legacy-unsorted
legacy_dump,Unsorted/png/Sketches (Batch 2)2025_04_22_0070.png,.png,7652601,1745353236,legacy-unsorted
legacy_dump,Unsorted/png/Sketches (Batch 2)2025_04_22_0071.png,.png,8125493,1745353237,legacy-unsorted
legacy_dump,Unsorted/png/Sketches (Batch 2)2025_04_22_0072.png,.png,8495028,1745353238,legacy-unsorted
legacy_dump,Unsorted/png/Sketches2025_04_22_0001.png,.png,14580445,1745352711,legacy-unsorted
legacy_dump,Unsorted/png/Sketches2025_04_22_0002.png,.png,11022747,1745352713,legacy-unsorted
legacy_dump,Unsorted/png/Sketches2025_04_22_0003.png,.png,3110876,1745352714,legacy-unsorted
legacy_dump,Unsorted/png/Sketches2025_04_22_0004.png,.png,2886489,1745352715,legacy-unsorted
legacy_dump,Unsorted/png/Sketches2025_04_22_0005.png,.png,13541223,1745352716,legacy-unsorted
legacy_dump,Unsorted/png/Sketches2025_04_22_0006.png,.png,7958947,1745352718,legacy-unsorted
legacy_dump,Unsorted/png/Sketches2025_04_22_0007.png,.png,10094643,1745352720,legacy-unsorted
legacy_dump,Unsorted/png/Sketches2025_04_22_0008.png,.png,5520926,1745352721,legacy-unsorted
legacy_dump,Unsorted/png/Sketches2025_04_22_0009.png,.png,10020736,1745352722,legacy-unsorted
legacy_dump,Unsorted/png/Sketches2025_04_22_0010.png,.png,11736724,1745352724,legacy-unsorted
legacy_dump,Unsorted/png/Sketches2025_04_22_0011.png,.png,12192930,1745352725,legacy-unsorted
legacy_dump,Unsorted/png/Sketches2025_04_22_0012.png,.png,14525693,1745352727,legacy-unsorted
legacy_dump,Unsorted/png/Sketches2025_04_22_0013.png,.png,6382147,1745352728,legacy-unsorted
legacy_dump,Unsorted/png/Sketches2025_04_22_0014.png,.png,8856791,1745352730,legacy-unsorted
legacy_dump,Unsorted/png/Sketches2025_04_22_0015.png,.png,8387397,1745352731,legacy-unsorted
legacy_dump,Unsorted/png/Sketches2025_04_22_0016.png,.png,5982020,1745352732,legacy-unsorted
legacy_dump,Unsorted/png/Sketches2025_04_22_0017.png,.png,41960476,1745352736,legacy-unsorted
legacy_dump,Unsorted/png/Sketches2025_04_22_0018.png,.png,20872244,1745352738,legacy-unsorted
legacy_dump,Unsorted/png/Sketches2025_04_22_0019.png,.png,10624806,1745352739,legacy-unsorted
legacy_dump,Unsorted/png/Sketches2025_04_22_0020.png,.png,31396836,1745352742,legacy-unsorted
legacy_dump,Unsorted/png/Sketches2025_04_22_0021.png,.png,10365590,1745352744,legacy-unsorted
legacy_dump,Unsorted/png/Sketches2025_04_22_0022.png,.png,8893885,1745352745,legacy-unsorted
legacy_dump,Unsorted/png/Sketches2025_04_22_0023.png,.png,5339460,1745352746,legacy-unsorted
legacy_dump,Unsorted/png/Sketches2025_04_22_0024.png,.png,2154546,1745352747,legacy-unsorted
legacy_dump,Unsorted/png/Sketches2025_04_22_0025.png,.png,1177660,1745352748,legacy-unsorted
legacy_dump,Unsorted/png/Sketches2025_04_22_0026.png,.png,16181352,1745352750,legacy-unsorted
legacy_dump,Unsorted/png/Sketches2025_04_22_0027.png,.png,18055236,1745352752,legacy-unsorted
legacy_dump,Unsorted/png/Sketches2025_04_22_0028.png,.png,18808139,1745352754,legacy-unsorted
legacy_dump,Unsorted/png/Sketches2025_04_22_0029.png,.png,11712020,1745352756,legacy-unsorted
legacy_dump,Unsorted/png/Sketches2025_04_22_0030.png,.png,17560622,1745352757,legacy-unsorted
legacy_dump,Unsorted/png/Sketches2025_04_22_0031.png,.png,29082590,1745352760,legacy-unsorted
legacy_dump,Unsorted/png/Sketches2025_04_22_0032.png,.png,26003253,1745352763,legacy-unsorted
legacy_dump,Unsorted/png/Sketches2025_04_22_0033.png,.png,9884039,1745352764,legacy-unsorted
legacy_dump,Unsorted/png/Sketches2025_04_22_0034.png,.png,3874755,1745352765,legacy-unsorted
legacy_dump,Unsorted/png/Sketches2025_04_22_0035.png,.png,14573183,1745352767,legacy-unsorted
legacy_dump,Unsorted/png/Sketches2025_04_22_0036.png,.png,19795990,1745352769,legacy-unsorted
legacy_dump,Unsorted/png/Sketches2025_04_22_0037.png,.png,9844914,1745352770,legacy-unsorted
legacy_dump,Unsorted/png/Sketches2025_04_22_0038.png,.png,5066965,1745352771,legacy-unsorted
legacy_dump,Unsorted/png/Sketches2025_04_22_0039.png,.png,1932947,1745352772,legacy-unsorted
legacy_dump,Unsorted/png/Sketches2025_04_22_0040.png,.png,3518056,1745352773,legacy-unsorted
legacy_dump,Unsorted/png/Sketches2025_04_22_0041.png,.png,31617526,1745352776,legacy-unsorted
legacy_dump,Unsorted/png/Sketches2025_04_22_0042.png,.png,18508890,1745352778,legacy-unsorted
legacy_dump,Unsorted/png/Sketches2025_04_22_0043.png,.png,12670043,1745352779,legacy-unsorted
legacy_dump,Unsorted/png/Sketches2025_04_22_0044.png,.png,16536732,1745352781,legacy-unsorted
legacy_dump,Unsorted/png/Streetfighter.PNG,.png,25807,1673498278,legacy-unsorted
legacy_dump,Unsorted/png/beach-730260.png,.png,34837,1673498258,legacy-unsorted
legacy_dump,Unsorted/png/dark.png,.png,1888776,1673498278,legacy-unsorted
legacy_dump,Unsorted/png/design8.PNG,.png,1272886,1673498278,legacy-unsorted
legacy_dump,Unsorted/png/jjj.PNG,.png,1240038,1673498278,legacy-unsorted
legacy_dump,Unsorted/png/old_#53.png,.png,466178,1673498246,legacy-unsorted
legacy_dump,Unsorted/png/old_#54.png,.png,327828,1673498246,legacy-unsorted
legacy_dump,Unsorted/png/puzzlestory.png,.png,509893,1673498277,legacy-unsorted
legacy_dump,Unsorted/png/resources_download.png,.png,5042,1673498258,legacy-unsorted
legacy_dump,Unsorted/png/tf2.PNG,.png,1557616,1673498278,legacy-unsorted
legacy_dump,Unsorted/png/themonkey.PNG,.png,9187,1673498278,legacy-unsorted
legacy_dump,Unsorted/png/valve.png,.png,835533,1673498278,legacy-unsorted
legacy_dump,Unsorted/psd/001.psd,.psd,30900974,1673498277,legacy-unsorted
legacy_dump,Unsorted/psd/1.psd,.psd,39316383,1673498278,legacy-unsorted
legacy_dump,Unsorted/psd/1_1splash.psd,.psd,269426,1673498246,legacy-unsorted
legacy_dump,Unsorted/psd/321_pic_edit.psd,.psd,44801044,1673498277,legacy-unsorted
legacy_dump,Unsorted/psd/Aura_1_aayoung.psd,.psd,4873054,1673498278,legacy-unsorted
legacy_dump,Unsorted/psd/Content rated by ADAM.psd,.psd,757592,1673498246,legacy-unsorted
legacy_dump,Unsorted/psd/Drawings 2_09.psd,.psd,569367,1673498286,legacy-unsorted
legacy_dump,Unsorted/psd/EXPORT.psd,.psd,8753660,1673498277,legacy-unsorted
legacy_dump,Unsorted/psd/FG.psd,.psd,107692,1673498244,legacy-unsorted
legacy_dump,Unsorted/psd/Funny Guy Facebook Profile Pic.psd,.psd,391857,1673498277,legacy-unsorted
legacy_dump,Unsorted/psd/GRID.psd,.psd,66142,1673498246,legacy-unsorted
legacy_dump,Unsorted/psd/METAL ANIMATED.psd,.psd,19635725,1673498223,legacy-unsorted
legacy_dump,Unsorted/psd/No Fun Sign.psd,.psd,48677754,1673498277,legacy-unsorted
legacy_dump,Unsorted/psd/SiteDesignDecember2015.psd,.psd,18034953,1673498277,legacy-unsorted
legacy_dump,Unsorted/psd/THIS IS HARD.psd,.psd,159449,1673498258,legacy-unsorted
legacy_dump,Unsorted/psd/The New Deal.psd,.psd,1790434,1673498286,legacy-unsorted
legacy_dump,Unsorted/psd/Turkish Hackers Response.psd,.psd,1058969,1673498227,legacy-unsorted
legacy_dump,Unsorted/psd/VARIATION_newsbg.psd,.psd,164655,1673498227,legacy-unsorted
legacy_dump,Unsorted/psd/advert.psd,.psd,337807,1673498278,legacy-unsorted
legacy_dump,Unsorted/psd/arrows.psd,.psd,372013,1673498278,legacy-unsorted
legacy_dump,Unsorted/psd/big_fg.psd,.psd,216752,1673498258,legacy-unsorted
legacy_dump,Unsorted/psd/bottom art.psd,.psd,12596059,1673498278,legacy-unsorted
legacy_dump,Unsorted/psd/exfont.psd,.psd,44267,1673498244,legacy-unsorted
legacy_dump,Unsorted/psd/fg_cryptic.psd,.psd,2329425,1673498277,legacy-unsorted
legacy_dump,Unsorted/psd/fgs.psd,.psd,85578,1673498246,legacy-unsorted
legacy_dump,Unsorted/psd/grunge_palette.psd,.psd,194118433,1673498277,legacy-unsorted
legacy_dump,Unsorted/psd/idea_01.psd,.psd,2793299,1673498219,legacy-unsorted
legacy_dump,Unsorted/psd/main_trees.psd,.psd,756783,1673498244,legacy-unsorted
legacy_dump,Unsorted/psd/new_design.psd,.psd,122418,1673498277,legacy-unsorted
legacy_dump,Unsorted/psd/number templates.psd,.psd,5046619,1673498278,legacy-unsorted
legacy_dump,Unsorted/psd/parchmentish.psd,.psd,1943834,1673498286,legacy-unsorted
legacy_dump,Unsorted/psd/parchmentish_texture.psd,.psd,503568,1673498286,legacy-unsorted
legacy_dump,Unsorted/psd/scrap_short.psd,.psd,155160,1673498277,legacy-unsorted
legacy_dump,Unsorted/psd/sexy inversion.psd,.psd,2390018,1673498286,legacy-unsorted
legacy_dump,Unsorted/psd/somewhere.psd,.psd,4778693,1673498278,legacy-unsorted
legacy_dump,Unsorted/psd/style B with copyright and author.psd,.psd,7522600,1673498277,legacy-unsorted
legacy_dump,Unsorted/psd/torn.psd,.psd,1013947,1673498286,legacy-unsorted
legacy_dump,Unsorted/psd/vio-lence.psd,.psd,602862,1673498286,legacy-unsorted
legacy_dump,Unsorted/psd/wallpaper.psd,.psd,3481077,1617550821,legacy-unsorted
legacy_dump,Unsorted/psd/watchmen 1-12-3.psd,.psd,757349,1673498277,legacy-unsorted
legacy_dump,Unsorted/svg/by-nc-sa.svg,.svg,22707,1673498278,legacy-unsorted
legacy_dump,Unsorted/svg/by-nc-sa_small.svg,.svg,11659,1673498278,legacy-unsorted
legacy_dump,Website/Comic Books Banner.png,.png,3736528,1673498277,legacy-unsorted
legacy_dump,Website/Comic Books Banner.psd,.psd,39801514,1673498277,legacy-unsorted
legacy_dump,Website/Nawful Nav.psd,.psd,311471,1673498277,legacy-unsorted
legacy_dump,Website/favicon.psd,.psd,25932,1673498278,legacy-unsorted
legacy_dump,Website/favicon1.psd,.psd,32466,1673498278,legacy-unsorted
legacy_dump,Website/favicon2.psd,.psd,31940,1673498278,legacy-unsorted
legacy_dump,Website/favicon3.psd,.psd,27898,1673498278,legacy-unsorted
legacy_dump,Website/fgcomics.com.psd,.psd,736872,1673498277,legacy-unsorted
legacy_dump,Website/header.jpg,.jpg,53983,1673498277,legacy-unsorted
legacy_dump,Website/header_preliminary.psd,.psd,900272,1673498277,legacy-unsorted
legacy_dump,Website/menububble.psd,.psd,24334,1673498246,legacy-unsorted
legacy_dump,Website/myspace_design.psd,.psd,2286201,1673498277,legacy-unsorted
legacy_dump,Website/nav (2).psd,.psd,283519,1673498277,legacy-unsorted
legacy_dump,Website/nav.psd,.psd,234716,1673498277,legacy-unsorted
legacy_dump,Website/nawful new footer.psd,.psd,582898,1673498277,legacy-unsorted
legacy_dump,Website/userbar.psd,.psd,24746,1673498227,legacy-unsorted
