path,category,category_score,canon_match,canon_similarity
RPG_RT/CharSet/FG-GrayCharas.png,a 16-bit pixel art RPG character sprite sheet,0.3148,funnyguyrpg/CharSet/FG-GrayCharas.png,1.0
RPG_RT/CharSet/fg2.png,a 16-bit pixel art RPG character sprite sheet,0.2985,funnyguyrpg/CharSet/fg2.png,1.0
RPG_RT/FaceSet/fgs.png,a 16-bit pixel art RPG character sprite sheet,0.2502,funnyguyrpg/FaceSet/fgs.png,1.0
FG-GrayCharas.psd,a 16-bit pixel art RPG character sprite sheet,0.3148,funnyguyrpg/CharSet/FG-GrayCharas.png,1.0
RPG_RT/CharSet/Destructerator_FunnyGuy7777.png,a 16-bit pixel art RPG character sprite sheet,0.2985,funnyguyrpg/CharSet/fg2.png,0.999
FG-Funny Guys.psd,a 16-bit pixel art RPG character sprite sheet,0.295,funnyguyrpg/CharSet/fg2.png,0.9969
RPG_RT/CharSet/FG-Funny Guys.png,a 16-bit pixel art RPG character sprite sheet,0.2942,funnyguyrpg/CharSet/fg2.png,0.9967
Raw/001_the_funny_guy.png,a crude hand-drawn stick-figure comic strip panel,0.2889,funnyguycomics/static/comics/001_the_funny_guy.png,0.9962
EXPORT.psd,a crude hand-drawn stick-figure comic strip panel,0.2887,funnyguycomics/static/comics/001_the_funny_guy.png,0.9962
Raw/001_the_funny_guy.psd,a crude hand-drawn stick-figure comic strip panel,0.2887,funnyguycomics/static/comics/001_the_funny_guy.png,0.9962
RPG_RT/CharSet/other_fg2.PNG,a 16-bit pixel art RPG character sprite sheet,0.3022,funnyguyrpg/CharSet/fg2.png,0.9554
RPG_RT/CharSet/other_fg.png,a 16-bit pixel art RPG character sprite sheet,0.3063,funnyguyrpg/CharSet/fg2.png,0.9532
RPG_RT/CharSet/DH-Villagers3.png,a 16-bit pixel art RPG character sprite sheet,0.3141,funnyguyrpg/CharSet/FG-GrayCharas.png,0.9157
RPG_RT/CharSet/DH-Villagers2.png,a 16-bit pixel art RPG character sprite sheet,0.3313,funnyguyrpg/CharSet/FG-GrayCharas.png,0.9097
RPG_RT/CharSet/DH-Oracles&deathknights.png,a 16-bit pixel art RPG character sprite sheet,0.3278,funnyguyrpg/CharSet/FG-GrayCharas.png,0.9063
Raw/004_pottyps_disco_club.png,a crude hand-drawn stick-figure comic strip panel,0.3036,funnyguycomics/static/comics/001_the_funny_guy.png,0.9017
Raw/004_pottyps_disco_club.psd,a crude hand-drawn stick-figure comic strip panel,0.303,funnyguycomics/static/comics/001_the_funny_guy.png,0.9008
RPG_RT/CharSet/DH-Villagers1.png,a 16-bit pixel art RPG character sprite sheet,0.3271,funnyguyrpg/CharSet/FG-GrayCharas.png,0.897
Raw/013_crap_man.psd,a crude hand-drawn stick-figure comic strip panel,0.2835,funnyguycomics/static/comics/001_the_funny_guy.png,0.897
Raw/013_crap_man.png,a crude hand-drawn stick-figure comic strip panel,0.2833,funnyguycomics/static/comics/001_the_funny_guy.png,0.8964
Raw/014_dweeb.png,a crude hand-drawn stick-figure comic strip panel,0.2855,funnyguycomics/static/comics/001_the_funny_guy.png,0.8929
Raw/014_dweeb.psd,a crude hand-drawn stick-figure comic strip panel,0.2852,funnyguycomics/static/comics/001_the_funny_guy.png,0.8928
Raw/003_hungry.png,a crude hand-drawn stick-figure comic strip panel,0.296,funnyguycomics/static/comics/001_the_funny_guy.png,0.8926
Raw/003_hungry.psd,a crude hand-drawn stick-figure comic strip panel,0.2954,funnyguycomics/static/comics/001_the_funny_guy.png,0.8918
RPG_RT/CharSet/DH-HighMages.png,a 16-bit pixel art RPG character sprite sheet,0.3274,funnyguyrpg/CharSet/FG-GrayCharas.png,0.8909
fgs.psd,a 16-bit pixel art RPG character sprite sheet,0.2457,funnyguyrpg/FaceSet/fgs.png,0.8909
RPG_RT/CharSet/DH-Kids.png,a 16-bit pixel art RPG character sprite sheet,0.3321,funnyguyrpg/CharSet/FG-GrayCharas.png,0.8895
RPG_RT/CharSet/DH-VillagerPoses.png,a 16-bit pixel art RPG character sprite sheet,0.3294,funnyguyrpg/CharSet/FG-GrayCharas.png,0.8845
Raw/009_employees_only.psd,a crude hand-drawn stick-figure comic strip panel,0.303,funnyguycomics/static/comics/001_the_funny_guy.png,0.8816
Raw/009_employees_only.png,a crude hand-drawn stick-figure comic strip panel,0.3038,funnyguycomics/static/comics/001_the_funny_guy.png,0.8807
RPG_RT/CharSet/DH-Warriors.png,a 16-bit pixel art RPG character sprite sheet,0.3431,funnyguyrpg/CharSet/FG-GrayCharas.png,0.8806
Raw/005_hot_sauce.psd,a crude hand-drawn stick-figure comic strip panel,0.2915,funnyguycomics/static/comics/001_the_funny_guy.png,0.8803
Raw/005_hot_sauce.png,a crude hand-drawn stick-figure comic strip panel,0.2918,funnyguycomics/static/comics/001_the_funny_guy.png,0.879
Raw/006_food_eatin.psd,a crude hand-drawn stick-figure comic strip panel,0.2933,funnyguycomics/static/comics/001_the_funny_guy.png,0.8768
Raw/006_food_eatin.png,a crude hand-drawn stick-figure comic strip panel,0.2934,funnyguycomics/static/comics/001_the_funny_guy.png,0.8759
RPG_RT/CharSet/DH-Thieves.png,a 16-bit pixel art RPG character sprite sheet,0.3349,funnyguyrpg/CharSet/FG-GrayCharas.png,0.8734
Raw/002_foulness.psd,a crude hand-drawn stick-figure comic strip panel,0.2854,funnyguycomics/static/comics/001_the_funny_guy.png,0.8718
Raw/161_christmas_twig.png,a crude hand-drawn stick-figure comic strip panel,0.3216,funnyguycomics/static/comics/001_the_funny_guy.png,0.8709
Raw/017_steves_birthday_party.png,a crude hand-drawn stick-figure comic strip panel,0.3195,funnyguycomics/static/comics/001_the_funny_guy.png,0.8708
Raw/160_people_sports.psd,a crude hand-drawn stick-figure comic strip panel,0.307,funnyguycomics/static/comics/001_the_funny_guy.png,0.8705
Raw/160_people_sports.png,a crude hand-drawn stick-figure comic strip panel,0.3082,funnyguycomics/static/comics/001_the_funny_guy.png,0.87
Raw/161_christmas_twig.psd,a crude hand-drawn stick-figure comic strip panel,0.322,funnyguycomics/static/comics/001_the_funny_guy.png,0.8697
Raw/002_foulness.png,a crude hand-drawn stick-figure comic strip panel,0.2872,funnyguycomics/static/comics/001_the_funny_guy.png,0.8694
Raw/100_the_tower.png,a crude hand-drawn stick-figure comic strip panel,0.3026,funnyguycomics/static/comics/001_the_funny_guy.png,0.8687
Raw/100_the_tower.psd,a crude hand-drawn stick-figure comic strip panel,0.3028,funnyguycomics/static/comics/001_the_funny_guy.png,0.868
Raw/153_cheap_choppers_3.png,a crude hand-drawn stick-figure comic strip panel,0.3135,funnyguycomics/static/comics/001_the_funny_guy.png,0.8648
Raw/153_cheap_choppers_3.psd,a crude hand-drawn stick-figure comic strip panel,0.313,funnyguycomics/static/comics/001_the_funny_guy.png,0.8643
Raw/051_product_testing.png,a crude hand-drawn stick-figure comic strip panel,0.3107,funnyguycomics/static/comics/001_the_funny_guy.png,0.8642
Raw/051_product_testing.psd,a crude hand-drawn stick-figure comic strip panel,0.3104,funnyguycomics/static/comics/001_the_funny_guy.png,0.8611
Raw/279_gibbrsh.psd,a crude hand-drawn stick-figure comic strip panel,0.288,funnyguycomics/static/comics/001_the_funny_guy.png,0.8606
RPG_RT/CharSet/DH-Royalty.png,a 16-bit pixel art RPG character sprite sheet,0.3458,funnyguyrpg/CharSet/FG-GrayCharas.png,0.8603
Raw/240_an_fg_short.png,a crude hand-drawn stick-figure comic strip panel,0.3036,funnyguycomics/static/comics/001_the_funny_guy.png,0.8603
FG-NewSprites.psd,a 16-bit pixel art RPG character sprite sheet,0.3288,funnyguyrpg/CharSet/fg2.png,0.86
RPG_RT/CharSet/FG-Characters.png,a 16-bit pixel art RPG character sprite sheet,0.329,funnyguyrpg/CharSet/fg2.png,0.8599
RPG_RT/CharSet/DH-Misc.png,a 16-bit pixel art RPG character sprite sheet,0.3347,funnyguyrpg/CharSet/FG-GrayCharas.png,0.8595
Raw/279_gibbrsh.png,a crude hand-drawn stick-figure comic strip panel,0.2885,funnyguycomics/static/comics/001_the_funny_guy.png,0.8592
Raw/197_flamboyant.png,a crude hand-drawn stick-figure comic strip panel,0.3045,funnyguycomics/static/comics/001_the_funny_guy.png,0.8591
Raw/063_dandelions_is_good_food.psd,a crude hand-drawn stick-figure comic strip panel,0.3162,funnyguycomics/static/comics/001_the_funny_guy.png,0.8588
Raw/197_flamboyant.psd,a crude hand-drawn stick-figure comic strip panel,0.3044,funnyguycomics/static/comics/001_the_funny_guy.png,0.8588
Raw/012_tree_troubles.psd,a crude hand-drawn stick-figure comic strip panel,0.3021,funnyguycomics/static/comics/001_the_funny_guy.png,0.8584
RPG_RT/FaceSet/FG-Faces.png,a 16-bit pixel art RPG character sprite sheet,0.2701,funnyguyrpg/CharSet/fg2.png,0.8578
FG-Faces.psd,a 16-bit pixel art RPG character sprite sheet,0.2701,funnyguyrpg/CharSet/fg2.png,0.8577
Raw/063_dandelions_is_good_food.png,a crude hand-drawn stick-figure comic strip panel,0.3167,funnyguycomics/static/comics/001_the_funny_guy.png,0.8576
Raw/017_steves_birthday_party.psd,a crude hand-drawn stick-figure comic strip panel,0.3196,funnyguycomics/static/comics/001_the_funny_guy.png,0.8576
RPG_RT/CharSet/40941_1248452911.png,a 16-bit pixel art RPG character sprite sheet,0.3151,funnyguyrpg/CharSet/FG-GrayCharas.png,0.8575
RPG_RT/CharSet/DH-Demons.png,a 16-bit pixel art RPG character sprite sheet,0.3262,funnyguyrpg/CharSet/FG-GrayCharas.png,0.8571
RPG_RT/CharSet/DH-Encounters.png,a 16-bit pixel art RPG character sprite sheet,0.3268,funnyguyrpg/CharSet/FG-GrayCharas.png,0.8559
Raw/168_why.png,a crude hand-drawn stick-figure comic strip panel,0.3157,funnyguycomics/static/comics/001_the_funny_guy.png,0.8558
Raw/012_tree_troubles.png,a crude hand-drawn stick-figure comic strip panel,0.3022,funnyguycomics/static/comics/001_the_funny_guy.png,0.8557
RPG_RT/CharSet/DH-Objects.png,a 16-bit pixel art RPG character sprite sheet,0.2778,funnyguyrpg/CharSet/FG-GrayCharas.png,0.8554
Raw/022_jungle_adventure.psd,a crude hand-drawn stick-figure comic strip panel,0.3146,funnyguycomics/static/comics/001_the_funny_guy.png,0.855
6771_1154698996.png,a 16-bit pixel art RPG character sprite sheet,0.3041,funnyguyrpg/CharSet/FG-GrayCharas.png,0.8549
Raw/022_jungle_adventure.png,a crude hand-drawn stick-figure comic strip panel,0.3161,funnyguycomics/static/comics/001_the_funny_guy.png,0.8544
Raw/312_interrogation.psd,a crude hand-drawn stick-figure comic strip panel,0.308,funnyguycomics/static/comics/001_the_funny_guy.png,0.8543
Raw/140_fire_trix.png,a crude hand-drawn stick-figure comic strip panel,0.2996,funnyguycomics/static/comics/001_the_funny_guy.png,0.8542
Raw/168_why.psd,a crude hand-drawn stick-figure comic strip panel,0.3157,funnyguycomics/static/comics/001_the_funny_guy.png,0.8542
Raw/010_sadistic_little_kid.png,a crude hand-drawn stick-figure comic strip panel,0.289,funnyguycomics/static/comics/001_the_funny_guy.png,0.8539
Books/Nawful_#14.png,a crude hand-drawn stick-figure comic strip panel,0.2822,funnyguycomics/static/comics/001_the_funny_guy.png,0.8534
Raw/221_the_antianti_monster_potion.png,a crude hand-drawn stick-figure comic strip panel,0.2897,funnyguycomics/static/comics/001_the_funny_guy.png,0.853
Raw/011_forest_traps.psd,a crude hand-drawn stick-figure comic strip panel,0.2996,funnyguycomics/static/comics/001_the_funny_guy.png,0.8529
Raw/010_sadistic_little_kid.psd,a crude hand-drawn stick-figure comic strip panel,0.2889,funnyguycomics/static/comics/001_the_funny_guy.png,0.8527
Raw/025_hyper_day.psd,a crude hand-drawn stick-figure comic strip panel,0.3046,funnyguycomics/static/comics/001_the_funny_guy.png,0.8524
Raw/025_hyper_day.png,a crude hand-drawn stick-figure comic strip panel,0.3055,funnyguycomics/static/comics/001_the_funny_guy.png,0.8523
Raw/312_interrogation.png,a crude hand-drawn stick-figure comic strip panel,0.3087,funnyguycomics/static/comics/001_the_funny_guy.png,0.8523
Raw/140_fire_trix.psd,a crude hand-drawn stick-figure comic strip panel,0.2992,funnyguycomics/static/comics/001_the_funny_guy.png,0.8519
RPG_RT/CharSet/char4.png,a 16-bit pixel art RPG character sprite sheet,0.3412,funnyguyrpg/CharSet/FG-GrayCharas.png,0.8518
Raw/221_the_antianti_monster_potion.psd,a crude hand-drawn stick-figure comic strip panel,0.2889,funnyguycomics/static/comics/001_the_funny_guy.png,0.8517
RPG_RT/CharSet/modern2.png,a 16-bit pixel art RPG character sprite sheet,0.3267,funnyguyrpg/CharSet/fg2.png,0.8515
Raw/133_quarantining_stupidity.png,a crude hand-drawn stick-figure comic strip panel,0.3045,funnyguycomics/static/comics/001_the_funny_guy.png,0.8515
Raw/133_quarantining_stupidity.psd,a crude hand-drawn stick-figure comic strip panel,0.3038,funnyguycomics/static/comics/001_the_funny_guy.png,0.8514
Books/Nawful_#1.png,a crude hand-drawn stick-figure comic strip panel,0.2804,funnyguycomics/static/comics/001_the_funny_guy.png,0.8512
Raw/011_forest_traps.png,a crude hand-drawn stick-figure comic strip panel,0.2987,funnyguycomics/static/comics/001_the_funny_guy.png,0.8512
Raw/044_life_without_koven.png,a crude hand-drawn stick-figure comic strip panel,0.3042,funnyguycomics/static/comics/001_the_funny_guy.png,0.8511
RPG_RT/CharSet/7521_1133020942.png,a 16-bit pixel art RPG character sprite sheet,0.2699,funnyguyrpg/CharSet/fg2.png,0.851
RPG_RT/CharSet/char1.png,a 16-bit pixel art RPG character sprite sheet,0.336,funnyguyrpg/CharSet/fg2.png,0.85
RPG_RT/CharSet/DH-BarPatrons.png,a 16-bit pixel art RPG character sprite sheet,0.3436,funnyguyrpg/CharSet/FG-GrayCharas.png,0.8499
Raw/205_revenge_of_the_toys.psd,a crude hand-drawn stick-figure comic strip panel,0.3089,funnyguycomics/static/comics/001_the_funny_guy.png,0.8485
Raw/044_life_without_koven.psd,a crude hand-drawn stick-figure comic strip panel,0.3038,funnyguycomics/static/comics/001_the_funny_guy.png,0.8479
Raw/126_hide_n_seek.png,a crude hand-drawn stick-figure comic strip panel,0.3256,funnyguycomics/static/comics/001_the_funny_guy.png,0.8475
Raw/205_revenge_of_the_toys.png,a crude hand-drawn stick-figure comic strip panel,0.31,funnyguycomics/static/comics/001_the_funny_guy.png,0.8475
RPG_RT/CharSet/wwf.png,a 16-bit pixel art RPG character sprite sheet,0.3405,funnyguyrpg/CharSet/FG-GrayCharas.png,0.8473
29345_1175180048.png,a 16-bit pixel art RPG character sprite sheet,0.3235,funnyguyrpg/CharSet/FG-GrayCharas.png,0.8466
Raw/116_second_quarter_ii.png,a crude hand-drawn stick-figure comic strip panel,0.3216,funnyguycomics/static/comics/001_the_funny_guy.png,0.8462
Raw/224_germ_warfare.png,a crude hand-drawn stick-figure comic strip panel,0.3102,funnyguycomics/static/comics/001_the_funny_guy.png,0.8461
Raw/026_dead_koven.psd,a crude hand-drawn stick-figure comic strip panel,0.3089,funnyguycomics/static/comics/001_the_funny_guy.png,0.8461
Raw/084_general_relativity.psd,a crude hand-drawn stick-figure comic strip panel,0.315,funnyguycomics/static/comics/001_the_funny_guy.png,0.8461
Raw/084_general_relativity.png,a crude hand-drawn stick-figure comic strip panel,0.3155,funnyguycomics/static/comics/001_the_funny_guy.png,0.8458
Raw/198_biodegradable.psd,a crude hand-drawn stick-figure comic strip panel,0.3012,funnyguycomics/static/comics/001_the_funny_guy.png,0.8457
RPG_RT/CharSet/char5.png,a 16-bit pixel art RPG character sprite sheet,0.3393,funnyguyrpg/CharSet/fg2.png,0.8456
Raw/081_submergin.png,a crude hand-drawn stick-figure comic strip panel,0.314,funnyguycomics/static/comics/001_the_funny_guy.png,0.8453
Raw/081_submergin.psd,a crude hand-drawn stick-figure comic strip panel,0.3137,funnyguycomics/static/comics/001_the_funny_guy.png,0.8451
23602_1153804891.png,a 16-bit pixel art RPG character sprite sheet,0.2944,funnyguyrpg/CharSet/FG-GrayCharas.png,0.8441
Raw/026_dead_koven.png,a crude hand-drawn stick-figure comic strip panel,0.3089,funnyguycomics/static/comics/001_the_funny_guy.png,0.8441
Raw/041_funny_guy_jr.psd,a crude hand-drawn stick-figure comic strip panel,0.3078,funnyguycomics/static/comics/001_the_funny_guy.png,0.8431
Raw/224_germ_warfare.psd,a crude hand-drawn stick-figure comic strip panel,0.3099,funnyguycomics/static/comics/001_the_funny_guy.png,0.8427
Raw/107_bonus_isle.png,a crude hand-drawn stick-figure comic strip panel,0.322,funnyguycomics/static/comics/001_the_funny_guy.png,0.8425
Raw/198_biodegradable.png,a crude hand-drawn stick-figure comic strip panel,0.3015,funnyguycomics/static/comics/001_the_funny_guy.png,0.8425
Raw/041_funny_guy_jr.png,a crude hand-drawn stick-figure comic strip panel,0.3086,funnyguycomics/static/comics/001_the_funny_guy.png,0.842
Raw/015_oh_gawd_pkmn.psd,a crude hand-drawn stick-figure comic strip panel,0.3238,funnyguycomics/static/comics/001_the_funny_guy.png,0.8414
RPG_RT/CharSet/monster2.png,a 16-bit pixel art RPG character sprite sheet,0.3435,funnyguyrpg/CharSet/FG-GrayCharas.png,0.8407
Raw/037_they_meet_again.png,a crude hand-drawn stick-figure comic strip panel,0.3202,funnyguycomics/static/comics/001_the_funny_guy.png,0.8407
Raw/086_such_a_pest.png,a crude hand-drawn stick-figure comic strip panel,0.3035,funnyguycomics/static/comics/001_the_funny_guy.png,0.8406
Raw/145_droid_face_melter.png,a crude hand-drawn stick-figure comic strip panel,0.2992,funnyguycomics/static/comics/001_the_funny_guy.png,0.8403
Raw/317_4th_of_july_special.png,a crude hand-drawn stick-figure comic strip panel,0.3151,funnyguycomics/static/comics/001_the_funny_guy.png,0.8402
Raw/236_funny_girl.png,a crude hand-drawn stick-figure comic strip panel,0.3086,funnyguycomics/static/comics/001_the_funny_guy.png,0.8398
Raw/037_they_meet_again.psd,a crude hand-drawn stick-figure comic strip panel,0.3193,funnyguycomics/static/comics/001_the_funny_guy.png,0.8396
Raw/126_hide_n_seek.psd,a crude hand-drawn stick-figure comic strip panel,0.3239,funnyguycomics/static/comics/001_the_funny_guy.png,0.8394
Raw/015_oh_gawd_pkmn.png,a crude hand-drawn stick-figure comic strip panel,0.3241,funnyguycomics/static/comics/001_the_funny_guy.png,0.8393
Raw/317_4th_of_july_special.psd,a crude hand-drawn stick-figure comic strip panel,0.3147,funnyguycomics/static/comics/001_the_funny_guy.png,0.8392
Raw/145_droid_face_melter.psd,a crude hand-drawn stick-figure comic strip panel,0.299,funnyguycomics/static/comics/001_the_funny_guy.png,0.839
Raw/216_censorship.psd,a crude hand-drawn stick-figure comic strip panel,0.2925,funnyguycomics/static/comics/001_the_funny_guy.png,0.839
Raw/216_censorship.png,a crude hand-drawn stick-figure comic strip panel,0.292,funnyguycomics/static/comics/001_the_funny_guy.png,0.8389
Raw/062_2.psd,a crude hand-drawn stick-figure comic strip panel,0.314,funnyguycomics/static/comics/001_the_funny_guy.png,0.8379
RPG_RT/CharSet/hero1.png,a 16-bit pixel art RPG character sprite sheet,0.3441,funnyguyrpg/CharSet/FG-GrayCharas.png,0.8376
Raw/065_snowed_in.png,a crude hand-drawn stick-figure comic strip panel,0.3017,funnyguycomics/static/comics/001_the_funny_guy.png,0.8376
Raw/236_funny_girl.psd,a crude hand-drawn stick-figure comic strip panel,0.3078,funnyguycomics/static/comics/001_the_funny_guy.png,0.8375
Raw/086_such_a_pest.psd,a crude hand-drawn stick-figure comic strip panel,0.3022,funnyguycomics/static/comics/001_the_funny_guy.png,0.8371
Raw/154_artsyfartsy_set.png,a crude hand-drawn stick-figure comic strip panel,0.3169,funnyguycomics/static/comics/001_the_funny_guy.png,0.8366
RPG_RT/CharSet/armor.png,a 16-bit pixel art RPG character sprite sheet,0.2883,funnyguyrpg/CharSet/FG-GrayCharas.png,0.8364
Raw/154_artsyfartsy_set.psd,a crude hand-drawn stick-figure comic strip panel,0.3162,funnyguycomics/static/comics/001_the_funny_guy.png,0.8361
Raw/061_the_wish_tree.png,a crude hand-drawn stick-figure comic strip panel,0.3086,funnyguycomics/static/comics/001_the_funny_guy.png,0.8359
Raw/061_the_wish_tree.psd,a crude hand-drawn stick-figure comic strip panel,0.3083,funnyguycomics/static/comics/001_the_funny_guy.png,0.8356
RPG_RT/CharSet/char2.png,a 16-bit pixel art RPG character sprite sheet,0.3439,funnyguyrpg/CharSet/FG-GrayCharas.png,0.835
RPG_RT/CharSet/Monster-Golem-Iron-02.png,a 16-bit pixel art RPG character sprite sheet,0.3156,funnyguyrpg/CharSet/FG-GrayCharas.png,0.8349
Raw/225_roach_attack.psd,a crude hand-drawn stick-figure comic strip panel,0.3045,funnyguycomics/static/comics/001_the_funny_guy.png,0.8348
Raw/045_repair_man.png,a crude hand-drawn stick-figure comic strip panel,0.3127,funnyguycomics/static/comics/001_the_funny_guy.png,0.8347
Sketches (Batch 2)2025_04_22_0017.png,a crude hand-drawn stick-figure comic strip panel,0.2773,funnyguycomics/static/comics/001_the_funny_guy.png,0.8345
Raw/108_the_moon.psd,a crude hand-drawn stick-figure comic strip panel,0.3257,funnyguycomics/static/comics/001_the_funny_guy.png,0.8343
Raw/093_basketball_game.png,a crude hand-drawn stick-figure comic strip panel,0.3137,funnyguycomics/static/comics/001_the_funny_guy.png,0.8341
Raw/074_have_some_cheese.png,a crude hand-drawn stick-figure comic strip panel,0.3152,funnyguycomics/static/comics/001_the_funny_guy.png,0.834
Raw/065_snowed_in.psd,a crude hand-drawn stick-figure comic strip panel,0.3013,funnyguycomics/static/comics/001_the_funny_guy.png,0.834
Raw/196_delivary.png,a crude hand-drawn stick-figure comic strip panel,0.3039,funnyguycomics/static/comics/001_the_funny_guy.png,0.8339
Raw/074_have_some_cheese.psd,a crude hand-drawn stick-figure comic strip panel,0.315,funnyguycomics/static/comics/001_the_funny_guy.png,0.8338
Raw/116_second_quarter_ii.psd,a crude hand-drawn stick-figure comic strip panel,0.3191,funnyguycomics/static/comics/001_the_funny_guy.png,0.8338
Raw/008_his_car.png,a crude hand-drawn stick-figure comic strip panel,0.2805,funnyguycomics/static/comics/001_the_funny_guy.png,0.8336
Raw/225_roach_attack.png,a crude hand-drawn stick-figure comic strip panel,0.305,funnyguycomics/static/comics/001_the_funny_guy.png,0.8336
Raw/045_repair_man.psd,a crude hand-drawn stick-figure comic strip panel,0.3117,funnyguycomics/static/comics/001_the_funny_guy.png,0.8336
Raw/239_survivor_trashcan.psd,a crude hand-drawn stick-figure comic strip panel,0.3112,funnyguycomics/static/comics/001_the_funny_guy.png,0.8336
Raw/049_pottyp_world.png,a crude hand-drawn stick-figure comic strip panel,0.3112,funnyguycomics/static/comics/001_the_funny_guy.png,0.8334
Raw/108_the_moon.png,a crude hand-drawn stick-figure comic strip panel,0.3246,funnyguycomics/static/comics/001_the_funny_guy.png,0.833
Raw/093_basketball_game.psd,a crude hand-drawn stick-figure comic strip panel,0.3128,funnyguycomics/static/comics/001_the_funny_guy.png,0.833
Raw/098_owned.psd,a crude hand-drawn stick-figure comic strip panel,0.3009,funnyguycomics/static/comics/001_the_funny_guy.png,0.833
Raw/107_bonus_isle.psd,a crude hand-drawn stick-figure comic strip panel,0.3192,funnyguycomics/static/comics/001_the_funny_guy.png,0.8327
Raw/276_fg_greatest_hits_humormercials.png,a crude hand-drawn stick-figure comic strip panel,0.2958,funnyguycomics/static/comics/001_the_funny_guy.png,0.8326
Raw/239_survivor_trashcan.png,a crude hand-drawn stick-figure comic strip panel,0.3119,funnyguycomics/static/comics/001_the_funny_guy.png,0.8322
Raw/049_pottyp_world.psd,a crude hand-drawn stick-figure comic strip panel,0.31,funnyguycomics/static/comics/001_the_funny_guy.png,0.832
Raw/251_mountain_climbing.psd,a crude hand-drawn stick-figure comic strip panel,0.3159,funnyguycomics/static/comics/001_the_funny_guy.png,0.8319
RPG_RT/CharSet/DH-Animals.png,a 16-bit pixel art RPG character sprite sheet,0.3137,funnyguyrpg/CharSet/FG-GrayCharas.png,0.8318
Funny Guy Sketches (3)2025_04_22_0053.png,a crude hand-drawn stick-figure comic strip panel,0.2655,funnyguycomics/static/comics/001_the_funny_guy.png,0.8316
Books/SchoolKids_cover.png,a crude hand-drawn stick-figure comic strip panel,0.2905,funnyguycomics/static/comics/001_the_funny_guy.png,0.8313
Raw/094_blind_horses.png,a crude hand-drawn stick-figure comic strip panel,0.3124,funnyguycomics/static/comics/001_the_funny_guy.png,0.8312
Raw/180_private_ship.psd,a crude hand-drawn stick-figure comic strip panel,0.2919,funnyguycomics/static/comics/001_the_funny_guy.png,0.831
Raw/276_fg_greatest_hits_humormercials.psd,a crude hand-drawn stick-figure comic strip panel,0.2952,funnyguycomics/static/comics/001_the_funny_guy.png,0.831
Raw/094_blind_horses.psd,a crude hand-drawn stick-figure comic strip panel,0.3123,funnyguycomics/static/comics/001_the_funny_guy.png,0.8305
Raw/098_owned.png,a crude hand-drawn stick-figure comic strip panel,0.3016,funnyguycomics/static/comics/001_the_funny_guy.png,0.8301
Raw/050_the_final_stretch.psd,a crude hand-drawn stick-figure comic strip panel,0.3072,funnyguycomics/static/comics/001_the_funny_guy.png,0.8301
Scan0019.jpg,a crude hand-drawn stick-figure comic strip panel,0.3042,funnyguycomics/static/comics/001_the_funny_guy.png,0.83
resources_download.png,a 16-bit pixel art RPG character sprite sheet,0.2765,funnyguyrpg/CharSet/FG-GrayCharas.png,0.8299
Raw/050_the_final_stretch.png,a crude hand-drawn stick-figure comic strip panel,0.308,funnyguycomics/static/comics/001_the_funny_guy.png,0.8298
Raw/180_private_ship.png,a crude hand-drawn stick-figure comic strip panel,0.2927,funnyguycomics/static/comics/001_the_funny_guy.png,0.8297
Raw/226_exterminator.png,a crude hand-drawn stick-figure comic strip panel,0.3196,funnyguycomics/static/comics/001_the_funny_guy.png,0.8296
RPG_RT/CharSet/char3.png,a 16-bit pixel art RPG character sprite sheet,0.3433,funnyguyrpg/CharSet/FG-GrayCharas.png,0.8295
Raw/008_his_car.psd,a crude hand-drawn stick-figure comic strip panel,0.2807,funnyguycomics/static/comics/001_the_funny_guy.png,0.8295
Raw/226_exterminator.psd,a crude hand-drawn stick-figure comic strip panel,0.3197,funnyguycomics/static/comics/001_the_funny_guy.png,0.8295
Raw/251_mountain_climbing.png,a crude hand-drawn stick-figure comic strip panel,0.3177,funnyguycomics/static/comics/001_the_funny_guy.png,0.8294
Raw/172_snow_wars.png,a crude hand-drawn stick-figure comic strip panel,0.3061,funnyguycomics/static/comics/001_the_funny_guy.png,0.8292
Raw/060_arr_matey.psd,a crude hand-drawn stick-figure comic strip panel,0.3184,funnyguycomics/static/comics/001_the_funny_guy.png,0.8292
"Scan298, March 07, 2005.gif",a crude hand-drawn stick-figure comic strip panel,0.2747,funnyguycomics/static/comics/001_the_funny_guy.png,0.8289
"Scans/Scan298, March 07, 2005.gif",a crude hand-drawn stick-figure comic strip panel,0.2747,funnyguycomics/static/comics/001_the_funny_guy.png,0.8289
Raw/240_an_fg_short.psd,a crude hand-drawn stick-figure comic strip panel,0.3042,funnyguycomics/static/comics/001_the_funny_guy.png,0.8286
Raw/196_delivary.psd,a crude hand-drawn stick-figure comic strip panel,0.3045,funnyguycomics/static/comics/001_the_funny_guy.png,0.8284
RPG_RT/CharSet/vehicle.png,a 16-bit pixel art RPG character sprite sheet,0.3316,funnyguyrpg/CharSet/FG-GrayCharas.png,0.8281
Raw/060_arr_matey.png,a crude hand-drawn stick-figure comic strip panel,0.3187,funnyguycomics/static/comics/001_the_funny_guy.png,0.8276
Raw/027_dork_inc.psd,a crude hand-drawn stick-figure comic strip panel,0.3248,funnyguycomics/static/comics/001_the_funny_guy.png,0.8276
Raw/186_wild_west.psd,a crude hand-drawn stick-figure comic strip panel,0.303,funnyguycomics/static/comics/001_the_funny_guy.png,0.8273
Raw/007_piece_of_junk.png,a crude hand-drawn stick-figure comic strip panel,0.3163,funnyguycomics/static/comics/001_the_funny_guy.png,0.8272
Raw/309_splinter_guy.psd,a crude hand-drawn stick-figure comic strip panel,0.3005,funnyguycomics/static/comics/001_the_funny_guy.png,0.8272
Raw/186_wild_west.png,a crude hand-drawn stick-figure comic strip panel,0.3043,funnyguycomics/static/comics/001_the_funny_guy.png,0.8269
Books/Nawful_#13.png,a crude hand-drawn stick-figure comic strip panel,0.2864,funnyguycomics/static/comics/001_the_funny_guy.png,0.8265
Raw/007_piece_of_junk.psd,a crude hand-drawn stick-figure comic strip panel,0.3163,funnyguycomics/static/comics/001_the_funny_guy.png,0.8262
Raw/255_youre_a_fat_guy.psd,a crude hand-drawn stick-figure comic strip panel,0.293,funnyguycomics/static/comics/001_the_funny_guy.png,0.8262
Raw/099_the_lineup.psd,a crude hand-drawn stick-figure comic strip panel,0.2981,funnyguycomics/static/comics/001_the_funny_guy.png,0.8259
Raw/239.psd,a crude hand-drawn stick-figure comic strip panel,0.3019,funnyguycomics/static/comics/001_the_funny_guy.png,0.8258
Raw/048_cake_repair.png,a crude hand-drawn stick-figure comic strip panel,0.3197,funnyguycomics/static/comics/001_the_funny_guy.png,0.8251
Raw/309_splinter_guy.png,a crude hand-drawn stick-figure comic strip panel,0.301,funnyguycomics/static/comics/001_the_funny_guy.png,0.8251
Raw/255_youre_a_fat_guy.png,a crude hand-drawn stick-figure comic strip panel,0.2932,funnyguycomics/static/comics/001_the_funny_guy.png,0.825
Raw/099_the_lineup.png,a crude hand-drawn stick-figure comic strip panel,0.2986,funnyguycomics/static/comics/001_the_funny_guy.png,0.8249
Raw/070_night_patrol_2.psd,a crude hand-drawn stick-figure comic strip panel,0.3121,funnyguycomics/static/comics/001_the_funny_guy.png,0.8247
Raw/048_cake_repair.psd,a crude hand-drawn stick-figure comic strip panel,0.319,funnyguycomics/static/comics/001_the_funny_guy.png,0.8246
Raw/042_the_barney_mask.psd,a crude hand-drawn stick-figure comic strip panel,0.3012,funnyguycomics/static/comics/001_the_funny_guy.png,0.8245
Raw/040_skits.psd,a crude hand-drawn stick-figure comic strip panel,0.3051,funnyguycomics/static/comics/001_the_funny_guy.png,0.8243
Raw/266_mud.png,a crude hand-drawn stick-figure comic strip panel,0.3059,funnyguycomics/static/comics/001_the_funny_guy.png,0.8241
Raw/266_mud.psd,a crude hand-drawn stick-figure comic strip panel,0.3059,funnyguycomics/static/comics/001_the_funny_guy.png,0.824
Raw/040_skits.png,a crude hand-drawn stick-figure comic strip panel,0.3059,funnyguycomics/static/comics/001_the_funny_guy.png,0.8238
Raw/062_the_storm.png,a crude hand-drawn stick-figure comic strip panel,0.3018,funnyguycomics/static/comics/001_the_funny_guy.png,0.8237
Raw/070_night_patrol_2.png,a crude hand-drawn stick-figure comic strip panel,0.3123,funnyguycomics/static/comics/001_the_funny_guy.png,0.8234
Raw/294_3d_glasses.png,a crude hand-drawn stick-figure comic strip panel,0.3102,funnyguycomics/static/comics/001_the_funny_guy.png,0.8232
Raw/250_fg_exhibition_thremeator.png,a crude hand-drawn stick-figure comic strip panel,0.2989,funnyguycomics/static/comics/001_the_funny_guy.png,0.823
Raw/294_3d_glasses.psd,a crude hand-drawn stick-figure comic strip panel,0.3095,funnyguycomics/static/comics/001_the_funny_guy.png,0.8229
Raw/173_an_epic_legacy.png,a crude hand-drawn stick-figure comic strip panel,0.3053,funnyguycomics/static/comics/001_the_funny_guy.png,0.8228
Raw/139_dna_paint.png,a crude hand-drawn stick-figure comic strip panel,0.3135,funnyguycomics/static/comics/001_the_funny_guy.png,0.8227
RPG_RT/CharSet/ghettomario.png,a 16-bit pixel art RPG character sprite sheet,0.2779,funnyguyrpg/CharSet/fg2.png,0.8226
RPG_RT/CharSet/Chests.png,a 16-bit pixel art RPG character sprite sheet,0.2923,funnyguyrpg/CharSet/FG-GrayCharas.png,0.8225
Raw/139_dna_paint.psd,a crude hand-drawn stick-figure comic strip panel,0.3138,funnyguycomics/static/comics/001_the_funny_guy.png,0.8225
Raw/113_first_quarter.psd,a crude hand-drawn stick-figure comic strip panel,0.3093,funnyguycomics/static/comics/001_the_funny_guy.png,0.8223
RPG_RT/CharSet/various_FG.png,a 16-bit pixel art RPG character sprite sheet,0.3347,funnyguyrpg/CharSet/FG-GrayCharas.png,0.8221
Books/Nawful_#5.png,a crude hand-drawn stick-figure comic strip panel,0.2982,funnyguycomics/static/comics/001_the_funny_guy.png,0.8218
RPG_RT/CharSet/TEST-NEW.png,a 16-bit pixel art RPG character sprite sheet,0.2692,funnyguyrpg/CharSet/fg2.png,0.8218
Raw/132_battle_introductions.psd,a crude hand-drawn stick-figure comic strip panel,0.3319,funnyguycomics/static/comics/001_the_funny_guy.png,0.8215
Raw/147_you_got_served_sucka.psd,a crude hand-drawn stick-figure comic strip panel,0.2889,funnyguycomics/static/comics/001_the_funny_guy.png,0.8213
Raw/020_barney.png,a crude hand-drawn stick-figure comic strip panel,0.2978,funnyguycomics/static/comics/001_the_funny_guy.png,0.8211
Raw/020_barney.psd,a crude hand-drawn stick-figure comic strip panel,0.2981,funnyguycomics/static/comics/001_the_funny_guy.png,0.8211
Raw/062_the_storm.psd,a crude hand-drawn stick-figure comic strip panel,0.3026,funnyguycomics/static/comics/001_the_funny_guy.png,0.8209
Raw/173_an_epic_legacy.psd,a crude hand-drawn stick-figure comic strip panel,0.3051,funnyguycomics/static/comics/001_the_funny_guy.png,0.8208
Raw/172_snow_wars.psd,a crude hand-drawn stick-figure comic strip panel,0.3044,funnyguycomics/static/comics/001_the_funny_guy.png,0.8207
Raw/128_and_were_back.png,a crude hand-drawn stick-figure comic strip panel,0.3124,funnyguycomics/static/comics/001_the_funny_guy.png,0.8206
Raw/192_attack_of_the_drones_pg6.png,a crude hand-drawn stick-figure comic strip panel,0.3029,funnyguycomics/static/comics/001_the_funny_guy.png,0.8204
Raw/229_justice_fg_style.psd,a crude hand-drawn stick-figure comic strip panel,0.3031,funnyguycomics/static/comics/001_the_funny_guy.png,0.8204
RPG_RT/CharSet/TEST-2.png,a 16-bit pixel art RPG character sprite sheet,0.2679,funnyguyrpg/CharSet/fg2.png,0.8203
Raw/250_fg_exhibition_thremeator.psd,a crude hand-drawn stick-figure comic strip panel,0.2974,funnyguycomics/static/comics/001_the_funny_guy.png,0.8203
Raw/293_laser_tag.psd,a crude hand-drawn stick-figure comic strip panel,0.3094,funnyguycomics/static/comics/001_the_funny_guy.png,0.8202
Raw/069_night_patrol.png,a crude hand-drawn stick-figure comic strip panel,0.3177,funnyguycomics/static/comics/001_the_funny_guy.png,0.8194
Raw/132_battle_introductions.png,a crude hand-drawn stick-figure comic strip panel,0.3325,funnyguycomics/static/comics/001_the_funny_guy.png,0.8194
Raw/175_an_fg_christmas_carol_pg3.png,a crude hand-drawn stick-figure comic strip panel,0.3007,funnyguycomics/static/comics/001_the_funny_guy.png,0.8193
Raw/106_sharp_objects.psd,a crude hand-drawn stick-figure comic strip panel,0.3113,funnyguycomics/static/comics/001_the_funny_guy.png,0.8193
Raw/293_laser_tag.png,a crude hand-drawn stick-figure comic strip panel,0.3092,funnyguycomics/static/comics/001_the_funny_guy.png,0.819
Raw/113_first_quarter.png,a crude hand-drawn stick-figure comic strip panel,0.3103,funnyguycomics/static/comics/001_the_funny_guy.png,0.8187
Raw/192_attack_of_the_drones_pg6.psd,a crude hand-drawn stick-figure comic strip panel,0.3025,funnyguycomics/static/comics/001_the_funny_guy.png,0.8187
Raw/229_justice_fg_style.png,a crude hand-drawn stick-figure comic strip panel,0.3028,funnyguycomics/static/comics/001_the_funny_guy.png,0.8183
RPG_RT/CharSet/weapons.png,a 16-bit pixel art RPG character sprite sheet,0.2776,funnyguyrpg/CharSet/fg2.png,0.8182
Raw/128_and_were_back.psd,a crude hand-drawn stick-figure comic strip panel,0.3124,funnyguycomics/static/comics/001_the_funny_guy.png,0.8181
Raw/069_night_patrol.psd,a crude hand-drawn stick-figure comic strip panel,0.3165,funnyguycomics/static/comics/001_the_funny_guy.png,0.8178
Books/SchoolKids_#1.png,a crude hand-drawn stick-figure comic strip panel,0.2912,funnyguycomics/static/comics/001_the_funny_guy.png,0.8177
Raw/175_an_fg_christmas_carol_pg3.psd,a crude hand-drawn stick-figure comic strip panel,0.3007,funnyguycomics/static/comics/001_the_funny_guy.png,0.8177
Raw/239_2.psd,a crude hand-drawn stick-figure comic strip panel,0.2802,funnyguycomics/static/comics/001_the_funny_guy.png,0.8177
Raw/073_vetod.png,a crude hand-drawn stick-figure comic strip panel,0.3091,funnyguycomics/static/comics/001_the_funny_guy.png,0.8175
Raw/124_the_funny_guy_show.png,a crude hand-drawn stick-figure comic strip panel,0.2991,funnyguycomics/static/comics/001_the_funny_guy.png,0.8173
Raw/106_sharp_objects.png,a crude hand-drawn stick-figure comic strip panel,0.3115,funnyguycomics/static/comics/001_the_funny_guy.png,0.8172
Raw/042_the_barney_mask.png,a crude hand-drawn stick-figure comic strip panel,0.3027,funnyguycomics/static/comics/001_the_funny_guy.png,0.817
Raw/147_you_got_served_sucka.png,a crude hand-drawn stick-figure comic strip panel,0.2943,funnyguycomics/static/comics/001_the_funny_guy.png,0.8168
Books/Nawful_#6.png,a crude hand-drawn stick-figure comic strip panel,0.2742,funnyguycomics/static/comics/001_the_funny_guy.png,0.8166
Raw/124_the_funny_guy_show.psd,a crude hand-drawn stick-figure comic strip panel,0.2989,funnyguycomics/static/comics/001_the_funny_guy.png,0.8166
Books/SchoolKids_#1(pg2).png,a crude hand-drawn stick-figure comic strip panel,0.2928,funnyguycomics/static/comics/001_the_funny_guy.png,0.8162
Raw/082_juniors_problem.psd,a crude hand-drawn stick-figure comic strip panel,0.3092,funnyguycomics/static/comics/001_the_funny_guy.png,0.8162
Raw/027_dork_inc.png,a crude hand-drawn stick-figure comic strip panel,0.3251,funnyguycomics/static/comics/001_the_funny_guy.png,0.816
Raw/079_apple_grenades.png,a crude hand-drawn stick-figure comic strip panel,0.3224,funnyguycomics/static/comics/001_the_funny_guy.png,0.816
Raw/136_kamikaze.psd,a crude hand-drawn stick-figure comic strip panel,0.3012,funnyguycomics/static/comics/001_the_funny_guy.png,0.8157
Raw/119_second_half.psd,a crude hand-drawn stick-figure comic strip panel,0.3273,funnyguycomics/static/comics/001_the_funny_guy.png,0.8154
Raw/083_ice_kweem.psd,a crude hand-drawn stick-figure comic strip panel,0.3199,funnyguycomics/static/comics/001_the_funny_guy.png,0.8153
Raw/119_second_half.png,a crude hand-drawn stick-figure comic strip panel,0.3283,funnyguycomics/static/comics/001_the_funny_guy.png,0.8151
Raw/232_robo_mow.psd,a crude hand-drawn stick-figure comic strip panel,0.2914,funnyguycomics/static/comics/001_the_funny_guy.png,0.8151
Raw/165_er.png,a crude hand-drawn stick-figure comic strip panel,0.3121,funnyguycomics/static/comics/001_the_funny_guy.png,0.8147
Raw/082_juniors_problem.png,a crude hand-drawn stick-figure comic strip panel,0.3098,funnyguycomics/static/comics/001_the_funny_guy.png,0.8139
Raw/068_new_pets.png,a crude hand-drawn stick-figure comic strip panel,0.3194,funnyguycomics/static/comics/001_the_funny_guy.png,0.8137
Raw/310_the_russian_bear_factory.png,a crude hand-drawn stick-figure comic strip panel,0.3166,funnyguycomics/static/comics/001_the_funny_guy.png,0.8137
Raw/310_the_russian_bear_factory.psd,a crude hand-drawn stick-figure comic strip panel,0.3163,funnyguycomics/static/comics/001_the_funny_guy.png,0.8137
Raw/135_intercontinental_travel.png,a crude hand-drawn stick-figure comic strip panel,0.3124,funnyguycomics/static/comics/001_the_funny_guy.png,0.8136
RPG_RT/CharSet/future.png,a 16-bit pixel art RPG character sprite sheet,0.2699,funnyguyrpg/CharSet/FG-GrayCharas.png,0.8135
Raw/059_not_funny_world.png,a crude hand-drawn stick-figure comic strip panel,0.3013,funnyguycomics/static/comics/001_the_funny_guy.png,0.8135
THIS IS HARD.psd,a 16-bit pixel art RPG character sprite sheet,0.2636,funnyguyrpg/CharSet/fg2.png,0.8135
Raw/165_er.psd,a crude hand-drawn stick-figure comic strip panel,0.3114,funnyguycomics/static/comics/001_the_funny_guy.png,0.8134
Raw/135_intercontinental_travel.psd,a crude hand-drawn stick-figure comic strip panel,0.3122,funnyguycomics/static/comics/001_the_funny_guy.png,0.8133
Raw/068_new_pets.psd,a crude hand-drawn stick-figure comic strip panel,0.3184,funnyguycomics/static/comics/001_the_funny_guy.png,0.813
Raw/073_vetod.psd,a crude hand-drawn stick-figure comic strip panel,0.308,funnyguycomics/static/comics/001_the_funny_guy.png,0.813
Raw/083_ice_kweem.png,a crude hand-drawn stick-figure comic strip panel,0.3206,funnyguycomics/static/comics/001_the_funny_guy.png,0.8129
Raw/079_apple_grenades.psd,a crude hand-drawn stick-figure comic strip panel,0.3211,funnyguycomics/static/comics/001_the_funny_guy.png,0.8126
Raw/192_6.psd,a crude hand-drawn stick-figure comic strip panel,0.2959,funnyguycomics/static/comics/001_the_funny_guy.png,0.8119
Scan0017.jpg,a crude hand-drawn stick-figure comic strip panel,0.2953,funnyguycomics/static/comics/001_the_funny_guy.png,0.8118
RPG_RT/Battle/healing2.png,a 16-bit pixel art RPG character sprite sheet,0.2509,funnyguyrpg/FaceSet/fgs.png,0.8117
Raw/052_trademark.psd,a crude hand-drawn stick-figure comic strip panel,0.3062,funnyguycomics/static/comics/001_the_funny_guy.png,0.8117
Raw/059_not_funny_world.psd,a crude hand-drawn stick-figure comic strip panel,0.2982,funnyguycomics/static/comics/001_the_funny_guy.png,0.8117
Raw/175_an_fg_christmas_carol_pg5.psd,a crude hand-drawn stick-figure comic strip panel,0.3212,funnyguycomics/static/comics/001_the_funny_guy.png,0.8117
Raw/052_trademark.png,a crude hand-drawn stick-figure comic strip panel,0.3064,funnyguycomics/static/comics/001_the_funny_guy.png,0.8115
Raw/264_completionist.psd,a crude hand-drawn stick-figure comic strip panel,0.3008,funnyguycomics/static/comics/001_the_funny_guy.png,0.8114
Raw/162_lard_cake.png,a crude hand-drawn stick-figure comic strip panel,0.2889,funnyguycomics/static/comics/001_the_funny_guy.png,0.8112
Raw/110_cold_storage.psd,a crude hand-drawn stick-figure comic strip panel,0.3127,funnyguycomics/static/comics/001_the_funny_guy.png,0.8109
Raw/039_cut_the_cheese.png,a crude hand-drawn stick-figure comic strip panel,0.3156,funnyguycomics/static/comics/001_the_funny_guy.png,0.8105
Raw/175_an_fg_christmas_carol_pg5.png,a crude hand-drawn stick-figure comic strip panel,0.3205,funnyguycomics/static/comics/001_the_funny_guy.png,0.8103
Raw/062_the_storm_pg2.psd,a crude hand-drawn stick-figure comic strip panel,0.3096,funnyguycomics/static/comics/001_the_funny_guy.png,0.8103
Raw/110_cold_storage.png,a crude hand-drawn stick-figure comic strip panel,0.3119,funnyguycomics/static/comics/001_the_funny_guy.png,0.8102
Raw/232_robo_mow.png,a crude hand-drawn stick-figure comic strip panel,0.2903,funnyguycomics/static/comics/001_the_funny_guy.png,0.8102
Raw/062_the_storm_pg2.png,a crude hand-drawn stick-figure comic strip panel,0.3095,funnyguycomics/static/comics/001_the_funny_guy.png,0.8101
Raw/202_halitosis.png,a crude hand-drawn stick-figure comic strip panel,0.3089,funnyguycomics/static/comics/001_the_funny_guy.png,0.81
Raw/158_the_repair_man_experiment.psd,a crude hand-drawn stick-figure comic strip panel,0.3208,funnyguycomics/static/comics/001_the_funny_guy.png,0.8098
Raw/055_the_deadly_sink_of_death.psd,a crude hand-drawn stick-figure comic strip panel,0.3046,funnyguycomics/static/comics/001_the_funny_guy.png,0.8096
Raw/174_investment.png,a crude hand-drawn stick-figure comic strip panel,0.2925,funnyguycomics/static/comics/001_the_funny_guy.png,0.8095
style B with copyright and author.psd,a crude hand-drawn stick-figure comic strip panel,0.292,funnyguycomics/static/comics/001_the_funny_guy.png,0.8093
Raw/123_tv_shows.psd,a crude hand-drawn stick-figure comic strip panel,0.3017,funnyguycomics/static/comics/001_the_funny_guy.png,0.8092
Raw/158_the_repair_man_experiment.png,a crude hand-drawn stick-figure comic strip panel,0.3212,funnyguycomics/static/comics/001_the_funny_guy.png,0.809
Raw/185_brain_drain.png,a crude hand-drawn stick-figure comic strip panel,0.3079,funnyguycomics/static/comics/001_the_funny_guy.png,0.8089
Raw/307_kare_bear_fun.psd,a crude hand-drawn stick-figure comic strip panel,0.3127,funnyguycomics/static/comics/001_the_funny_guy.png,0.8089
Raw/136_kamikaze.png,a crude hand-drawn stick-figure comic strip panel,0.3012,funnyguycomics/static/comics/001_the_funny_guy.png,0.8086
RPG_RT/Panorama/Forest Pan.png,"an unrelated photograph, like a product or real-world object",0.2367,funnyguyrpg/CharSet/fg2.png,0.8085
Raw/185_brain_drain.psd,a crude hand-drawn stick-figure comic strip panel,0.3067,funnyguycomics/static/comics/001_the_funny_guy.png,0.8085
Raw/072_the_parting.png,a crude hand-drawn stick-figure comic strip panel,0.3102,funnyguycomics/static/comics/001_the_funny_guy.png,0.8084
Raw/039_cut_the_cheese.psd,a crude hand-drawn stick-figure comic strip panel,0.3149,funnyguycomics/static/comics/001_the_funny_guy.png,0.8083
Raw/062_1.psd,a crude hand-drawn stick-figure comic strip panel,0.3053,funnyguycomics/static/comics/001_the_funny_guy.png,0.8082
Raw/055_the_deadly_sink_of_death.png,a crude hand-drawn stick-figure comic strip panel,0.3055,funnyguycomics/static/comics/001_the_funny_guy.png,0.8081
Raw/072_the_parting.psd,a crude hand-drawn stick-figure comic strip panel,0.3097,funnyguycomics/static/comics/001_the_funny_guy.png,0.8081
"Scan304, March 07, 2005.gif",a crude hand-drawn stick-figure comic strip panel,0.2726,funnyguycomics/static/comics/001_the_funny_guy.png,0.8079
"Scans/Scan304, March 07, 2005.gif",a crude hand-drawn stick-figure comic strip panel,0.2726,funnyguycomics/static/comics/001_the_funny_guy.png,0.8079
Raw/162_lard_cake.psd,a crude hand-drawn stick-figure comic strip panel,0.2818,funnyguycomics/static/comics/001_the_funny_guy.png,0.8079
Raw/202_halitosis.psd,a crude hand-drawn stick-figure comic strip panel,0.3084,funnyguycomics/static/comics/001_the_funny_guy.png,0.8079
RPG_RT/CharSet/7521_1133021319.png,a 16-bit pixel art RPG character sprite sheet,0.2739,funnyguyrpg/CharSet/fg2.png,0.8077
Books/XmasCarol_#5.png,a crude hand-drawn stick-figure comic strip panel,0.3019,funnyguycomics/static/comics/001_the_funny_guy.png,0.8076
Raw/307_kare_bear_fun.png,a crude hand-drawn stick-figure comic strip panel,0.3114,funnyguycomics/static/comics/001_the_funny_guy.png,0.8073
Raw/123_tv_shows.png,a crude hand-drawn stick-figure comic strip panel,0.3023,funnyguycomics/static/comics/001_the_funny_guy.png,0.807
Raw/114_first_quarter_show.psd,a crude hand-drawn stick-figure comic strip panel,0.2928,funnyguycomics/static/comics/001_the_funny_guy.png,0.8069
Raw/058_the_origin_of_funny_guy.png,a crude hand-drawn stick-figure comic strip panel,0.314,funnyguycomics/static/comics/001_the_funny_guy.png,0.8064
Raw/092_culturally_insensitive.png,a crude hand-drawn stick-figure comic strip panel,0.3031,funnyguycomics/static/comics/001_the_funny_guy.png,0.8063
Raw/320_doritos.png,a crude hand-drawn stick-figure comic strip panel,0.2976,funnyguycomics/static/comics/001_the_funny_guy.png,0.8063
Inspiration/1289370391419.png,a crude hand-drawn stick-figure comic strip panel,0.2847,funnyguycomics/static/comics/001_the_funny_guy.png,0.8062
Raw/125_mayhem_in_funnytown.png,a crude hand-drawn stick-figure comic strip panel,0.3102,funnyguycomics/static/comics/001_the_funny_guy.png,0.8062
Raw/125_mayhem_in_funnytown.psd,a crude hand-drawn stick-figure comic strip panel,0.31,funnyguycomics/static/comics/001_the_funny_guy.png,0.8062
FG-Stuff3.png,a 16-bit pixel art RPG character sprite sheet,0.286,funnyguyrpg/CharSet/FG-GrayCharas.png,0.8059
Raw/174_investment.psd,a crude hand-drawn stick-figure comic strip panel,0.292,funnyguycomics/static/comics/001_the_funny_guy.png,0.8057
Raw/264_completionist.png,a crude hand-drawn stick-figure comic strip panel,0.2983,funnyguycomics/static/comics/001_the_funny_guy.png,0.8056
Raw/235_the_tv_chair.png,a crude hand-drawn stick-figure comic strip panel,0.3127,funnyguycomics/static/comics/001_the_funny_guy.png,0.8055
Raw/058_the_origin_of_funny_guy.psd,a crude hand-drawn stick-figure comic strip panel,0.3098,funnyguycomics/static/comics/001_the_funny_guy.png,0.8052
Raw/121_flooded.png,a crude hand-drawn stick-figure comic strip panel,0.3152,funnyguycomics/static/comics/001_the_funny_guy.png,0.805
Raw/092_culturally_insensitive.psd,a crude hand-drawn stick-figure comic strip panel,0.3027,funnyguycomics/static/comics/001_the_funny_guy.png,0.8049
Raw/046_finale.png,a crude hand-drawn stick-figure comic strip panel,0.3092,funnyguycomics/static/comics/001_the_funny_guy.png,0.8046
Raw/095_be_kind_rewind.png,a crude hand-drawn stick-figure comic strip panel,0.3179,funnyguycomics/static/comics/001_the_funny_guy.png,0.8044
Raw/066_lemonade.png,a crude hand-drawn stick-figure comic strip panel,0.3066,funnyguycomics/static/comics/001_the_funny_guy.png,0.8042
RPG_RT/BattleCharSet/OLYMP2.png,a 16-bit pixel art RPG character sprite sheet,0.2731,funnyguyrpg/CharSet/fg2.png,0.8035
Raw/313_rollin_away.png,a crude hand-drawn stick-figure comic strip panel,0.3059,funnyguycomics/static/comics/001_the_funny_guy.png,0.8035
Raw/121_flooded.psd,a crude hand-drawn stick-figure comic strip panel,0.3141,funnyguycomics/static/comics/001_the_funny_guy.png,0.8035
Raw/066_lemonade.psd,a crude hand-drawn stick-figure comic strip panel,0.3057,funnyguycomics/static/comics/001_the_funny_guy.png,0.8033
Raw/318_gutterball.png,a crude hand-drawn stick-figure comic strip panel,0.3067,funnyguycomics/static/comics/001_the_funny_guy.png,0.8031
Raw/318_gutterball.psd,a crude hand-drawn stick-figure comic strip panel,0.3062,funnyguycomics/static/comics/001_the_funny_guy.png,0.8031
Raw/166_community_service.psd,a crude hand-drawn stick-figure comic strip panel,0.3082,funnyguycomics/static/comics/001_the_funny_guy.png,0.803
Raw/235_the_tv_chair.psd,a crude hand-drawn stick-figure comic strip panel,0.3123,funnyguycomics/static/comics/001_the_funny_guy.png,0.8029
Raw/080_gadgets.png,a crude hand-drawn stick-figure comic strip panel,0.3001,funnyguycomics/static/comics/001_the_funny_guy.png,0.8027
Funny Guy Sketches (3)2025_04_22_0062.png,a crude hand-drawn stick-figure comic strip panel,0.2929,funnyguycomics/static/comics/001_the_funny_guy.png,0.8026
Raw/080_gadgets.psd,a crude hand-drawn stick-figure comic strip panel,0.2984,funnyguycomics/static/comics/001_the_funny_guy.png,0.8026
Raw/127_the_funny_guy_show_episode_ii.psd,a crude hand-drawn stick-figure comic strip panel,0.3046,funnyguycomics/static/comics/001_the_funny_guy.png,0.8026
Raw/320_doritos.psd,a crude hand-drawn stick-figure comic strip panel,0.297,funnyguycomics/static/comics/001_the_funny_guy.png,0.8025
Raw/218_fun_with_the_microwave.png,a crude hand-drawn stick-figure comic strip panel,0.3059,funnyguycomics/static/comics/001_the_funny_guy.png,0.8024
Raw/088_announcement.psd,a crude hand-drawn stick-figure comic strip panel,0.301,funnyguycomics/static/comics/001_the_funny_guy.png,0.8023
Raw/095_be_kind_rewind.psd,a crude hand-drawn stick-figure comic strip panel,0.3175,funnyguycomics/static/comics/001_the_funny_guy.png,0.8023
RPG_RT/CharSet/Chest2.png,a 16-bit pixel art RPG character sprite sheet,0.2924,funnyguyrpg/CharSet/fg2.png,0.8022
RPG_RT/CharSet/object2.png,a 16-bit pixel art RPG character sprite sheet,0.2587,funnyguyrpg/CharSet/fg2.png,0.8021
Raw/233_retaliation.psd,a crude hand-drawn stick-figure comic strip panel,0.297,funnyguycomics/static/comics/001_the_funny_guy.png,0.8021
Raw/281_grapples_of_wrath.png,a crude hand-drawn stick-figure comic strip panel,0.3091,funnyguycomics/static/comics/001_the_funny_guy.png,0.802
Raw/076_he_doesnt_like_that_song.png,a crude hand-drawn stick-figure comic strip panel,0.3083,funnyguycomics/static/comics/001_the_funny_guy.png,0.8018
"Scan286, March 07, 2005.gif",a crude hand-drawn stick-figure comic strip panel,0.2524,funnyguycomics/static/comics/001_the_funny_guy.png,0.8017
"Scans/Scan286, March 07, 2005.gif",a crude hand-drawn stick-figure comic strip panel,0.2524,funnyguycomics/static/comics/001_the_funny_guy.png,0.8017
Raw/102_exaggeration.psd,a crude hand-drawn stick-figure comic strip panel,0.3095,funnyguycomics/static/comics/001_the_funny_guy.png,0.8015
Raw/096_recycling.png,a crude hand-drawn stick-figure comic strip panel,0.3196,funnyguycomics/static/comics/001_the_funny_guy.png,0.8014
Raw/218_fun_with_the_microwave.psd,a crude hand-drawn stick-figure comic strip panel,0.3053,funnyguycomics/static/comics/001_the_funny_guy.png,0.8014
Raw/261_a_challenger_appears.psd,a crude hand-drawn stick-figure comic strip panel,0.312,funnyguycomics/static/comics/001_the_funny_guy.png,0.8013
Raw/076_he_doesnt_like_that_song.psd,a crude hand-drawn stick-figure comic strip panel,0.307,funnyguycomics/static/comics/001_the_funny_guy.png,0.8009
Funny Guy Sketches (3)2025_04_22_0057.png,a crude hand-drawn stick-figure comic strip panel,0.2808,funnyguycomics/static/comics/001_the_funny_guy.png,0.8007
RPG_RT/ChipSet/DH-Vekasoul'sBlackTower.png,a 16-bit pixel art RPG character sprite sheet,0.2691,funnyguyrpg/CharSet/FG-GrayCharas.png,0.8007
Raw/075_movin.png,a crude hand-drawn stick-figure comic strip panel,0.3066,funnyguycomics/static/comics/001_the_funny_guy.png,0.8007
Raw/102_exaggeration.png,a crude hand-drawn stick-figure comic strip panel,0.3097,funnyguycomics/static/comics/001_the_funny_guy.png,0.8007
FG-Evilie's Lair.psd,a 16-bit pixel art RPG character sprite sheet,0.2691,funnyguyrpg/CharSet/FG-GrayCharas.png,0.8007
Raw/261_a_challenger_appears.png,a crude hand-drawn stick-figure comic strip panel,0.3123,funnyguycomics/static/comics/001_the_funny_guy.png,0.8005
Raw/088_announcement.png,a crude hand-drawn stick-figure comic strip panel,0.3012,funnyguycomics/static/comics/001_the_funny_guy.png,0.8004
Raw/114_first_quarter_show.png,a crude hand-drawn stick-figure comic strip panel,0.2951,funnyguycomics/static/comics/001_the_funny_guy.png,0.8004
Raw/281_grapples_of_wrath.psd,a crude hand-drawn stick-figure comic strip panel,0.3077,funnyguycomics/static/comics/001_the_funny_guy.png,0.8003
RPG_RT/CharSet/12356_1102466475.png,a 16-bit pixel art RPG character sprite sheet,0.2485,funnyguyrpg/CharSet/fg2.png,0.8001
Raw/085_lava_lamp.psd,a crude hand-drawn stick-figure comic strip panel,0.32,funnyguycomics/static/comics/001_the_funny_guy.png,0.8
Raw/319_theme_park.psd,a crude hand-drawn stick-figure comic strip panel,0.3085,funnyguycomics/static/comics/001_the_funny_guy.png,0.7999
RPG_RT/Battle/dark1.png,a 16-bit pixel art RPG character sprite sheet,0.2968,funnyguyrpg/CharSet/FG-GrayCharas.png,0.7998
Books/Nawful_#11.png,a crude hand-drawn stick-figure comic strip panel,0.2858,funnyguycomics/static/comics/001_the_funny_guy.png,0.7996
Raw/103_beatin_round_the_bush.psd,a crude hand-drawn stick-figure comic strip panel,0.3204,funnyguycomics/static/comics/001_the_funny_guy.png,0.7996
Raw/311_reverse_psychology.png,a crude hand-drawn stick-figure comic strip panel,0.3136,funnyguycomics/static/comics/001_the_funny_guy.png,0.7995
Raw/096_recycling.psd,a crude hand-drawn stick-figure comic strip panel,0.3186,funnyguycomics/static/comics/001_the_funny_guy.png,0.7995
Raw/311_reverse_psychology.psd,a crude hand-drawn stick-figure comic strip panel,0.313,funnyguycomics/static/comics/001_the_funny_guy.png,0.7994
Raw/085_lava_lamp.png,a crude hand-drawn stick-figure comic strip panel,0.3213,funnyguycomics/static/comics/001_the_funny_guy.png,0.7991
Raw/103_beatin_round_the_bush.png,a crude hand-drawn stick-figure comic strip panel,0.3208,funnyguycomics/static/comics/001_the_funny_guy.png,0.7991
Raw/233_retaliation.png,a crude hand-drawn stick-figure comic strip panel,0.2975,funnyguycomics/static/comics/001_the_funny_guy.png,0.799
Raw/067_incompetent.png,a crude hand-drawn stick-figure comic strip panel,0.2964,funnyguycomics/static/comics/001_the_funny_guy.png,0.7988
Raw/313_rollin_away.psd,a crude hand-drawn stick-figure comic strip panel,0.3042,funnyguycomics/static/comics/001_the_funny_guy.png,0.7988
Raw/166_community_service.png,a crude hand-drawn stick-figure comic strip panel,0.3084,funnyguycomics/static/comics/001_the_funny_guy.png,0.7987
Raw/179_hobos_and_leakage.png,a crude hand-drawn stick-figure comic strip panel,0.3018,funnyguycomics/static/comics/001_the_funny_guy.png,0.7987
Raw/253_the_mall_haul.png,a crude hand-drawn stick-figure comic strip panel,0.3118,funnyguycomics/static/comics/001_the_funny_guy.png,0.7987
Raw/319_theme_park.png,a crude hand-drawn stick-figure comic strip panel,0.3091,funnyguycomics/static/comics/001_the_funny_guy.png,0.7987
Books/FG_JAM_#1.png,a crude hand-drawn stick-figure comic strip panel,0.2989,funnyguycomics/static/comics/001_the_funny_guy.png,0.7986
Raw/192_attack_of_the_drones_pg5.png,a crude hand-drawn stick-figure comic strip panel,0.3041,funnyguycomics/static/comics/001_the_funny_guy.png,0.7985
Raw/179_hobos_and_leakage.psd,a crude hand-drawn stick-figure comic strip panel,0.3007,funnyguycomics/static/comics/001_the_funny_guy.png,0.7985
Raw/285_jrs_secret_weapon.png,a crude hand-drawn stick-figure comic strip panel,0.3042,funnyguycomics/static/comics/001_the_funny_guy.png,0.7982
Raw/067_incompetent.psd,a crude hand-drawn stick-figure comic strip panel,0.296,funnyguycomics/static/comics/001_the_funny_guy.png,0.7981
Raw/075_movin.psd,a crude hand-drawn stick-figure comic strip panel,0.3062,funnyguycomics/static/comics/001_the_funny_guy.png,0.7981
Sketches (Batch 2)2025_04_22_0026.png,a crude hand-drawn stick-figure comic strip panel,0.2757,funnyguycomics/static/comics/001_the_funny_guy.png,0.798
Raw/192_attack_of_the_drones_pg5.psd,a crude hand-drawn stick-figure comic strip panel,0.3029,funnyguycomics/static/comics/001_the_funny_guy.png,0.7979
RPG_RT/CharSet/7521_1133020911.png,a 16-bit pixel art RPG character sprite sheet,0.2546,funnyguyrpg/CharSet/fg2.png,0.7978
Raw/146_target_priority.png,a crude hand-drawn stick-figure comic strip panel,0.3131,funnyguycomics/static/comics/001_the_funny_guy.png,0.7977
Raw/078_potpie_the_sailor.png,a crude hand-drawn stick-figure comic strip panel,0.3103,funnyguycomics/static/comics/001_the_funny_guy.png,0.7974
Raw/285_jrs_secret_weapon.psd,a crude hand-drawn stick-figure comic strip panel,0.304,funnyguycomics/static/comics/001_the_funny_guy.png,0.7973
Raw/249_mail.png,a crude hand-drawn stick-figure comic strip panel,0.3093,funnyguycomics/static/comics/001_the_funny_guy.png,0.7972
Raw/078_potpie_the_sailor.psd,a crude hand-drawn stick-figure comic strip panel,0.3095,funnyguycomics/static/comics/001_the_funny_guy.png,0.7969
Raw/253_the_mall_haul.psd,a crude hand-drawn stick-figure comic strip panel,0.3113,funnyguycomics/static/comics/001_the_funny_guy.png,0.7966
Raw/249_mail.psd,a crude hand-drawn stick-figure comic strip panel,0.3082,funnyguycomics/static/comics/001_the_funny_guy.png,0.7965
Raw/036_the_brothers.psd,a crude hand-drawn stick-figure comic strip panel,0.3231,funnyguycomics/static/comics/001_the_funny_guy.png,0.7962
Raw/146_target_priority.psd,a crude hand-drawn stick-figure comic strip panel,0.3122,funnyguycomics/static/comics/001_the_funny_guy.png,0.7962
Raw/269_we_slop_the_slop_where_slop_is_due.png,a crude hand-drawn stick-figure comic strip panel,0.3183,funnyguycomics/static/comics/001_the_funny_guy.png,0.7958
Raw/038_the_diamond_sword.psd,a crude hand-drawn stick-figure comic strip panel,0.3199,funnyguycomics/static/comics/001_the_funny_guy.png,0.7958
Raw/211_chuckie_peas_special_guest.png,a crude hand-drawn stick-figure comic strip panel,0.2972,funnyguycomics/static/comics/001_the_funny_guy.png,0.7956
Raw/112_food.psd,a crude hand-drawn stick-figure comic strip panel,0.3224,funnyguycomics/static/comics/001_the_funny_guy.png,0.7955
Funny Guy Sketches (3)2025_04_22_0055.png,a crude hand-drawn stick-figure comic strip panel,0.289,funnyguycomics/static/comics/001_the_funny_guy.png,0.7951
Raw/211_chuckie_peas_special_guest.psd,a crude hand-drawn stick-figure comic strip panel,0.2975,funnyguycomics/static/comics/001_the_funny_guy.png,0.7951
Raw/192_attack_of_the_drones_pg4.png,a crude hand-drawn stick-figure comic strip panel,0.3045,funnyguycomics/static/comics/001_the_funny_guy.png,0.795
Raw/303_bday_bash.psd,a crude hand-drawn stick-figure comic strip panel,0.2907,funnyguycomics/static/comics/001_the_funny_guy.png,0.795
Books/SchoolKids_#1(pg3).png,a crude hand-drawn stick-figure comic strip panel,0.303,funnyguycomics/static/comics/001_the_funny_guy.png,0.7949
RPG_RT/BattleCharSet/JUNIOR2.png,a crude hand-drawn stick-figure comic strip panel,0.2498,funnyguyrpg/CharSet/fg2.png,0.7949
Raw/038_the_diamond_sword.png,a crude hand-drawn stick-figure comic strip panel,0.3203,funnyguycomics/static/comics/001_the_funny_guy.png,0.7949
Raw/152_nostalgia.png,a crude hand-drawn stick-figure comic strip panel,0.3058,funnyguycomics/static/comics/001_the_funny_guy.png,0.7948
RPG_RT/ChipSet/castle01_d.png,a 16-bit pixel art RPG character sprite sheet,0.2597,funnyguyrpg/CharSet/FG-GrayCharas.png,0.7947
Raw/167_singalong.png,a crude hand-drawn stick-figure comic strip panel,0.3006,funnyguycomics/static/comics/001_the_funny_guy.png,0.7946
Raw/152_nostalgia.psd,a crude hand-drawn stick-figure comic strip panel,0.3059,funnyguycomics/static/comics/001_the_funny_guy.png,0.7945
Raw/111_bustin_out.psd,a crude hand-drawn stick-figure comic strip panel,0.3069,funnyguycomics/static/comics/001_the_funny_guy.png,0.7942
Raw/192_attack_of_the_drones_pg4.psd,a crude hand-drawn stick-figure comic strip panel,0.3034,funnyguycomics/static/comics/001_the_funny_guy.png,0.7942
Raw/257_lard_shock.png,a crude hand-drawn stick-figure comic strip panel,0.2891,funnyguycomics/static/comics/001_the_funny_guy.png,0.794
Raw/112_food.png,a crude hand-drawn stick-figure comic strip panel,0.3226,funnyguycomics/static/comics/001_the_funny_guy.png,0.7939
Raw/257_lard_shock.psd,a crude hand-drawn stick-figure comic strip panel,0.2885,funnyguycomics/static/comics/001_the_funny_guy.png,0.7939
Raw/284_the_breakout.psd,a crude hand-drawn stick-figure comic strip panel,0.304,funnyguycomics/static/comics/001_the_funny_guy.png,0.7938
Raw/111_bustin_out.png,a crude hand-drawn stick-figure comic strip panel,0.3062,funnyguycomics/static/comics/001_the_funny_guy.png,0.7937
Raw/167_singalong.psd,a crude hand-drawn stick-figure comic strip panel,0.3004,funnyguycomics/static/comics/001_the_funny_guy.png,0.7936
Raw/087_wee_wee.png,a crude hand-drawn stick-figure comic strip panel,0.2922,funnyguycomics/static/comics/001_the_funny_guy.png,0.7935
RPG_RT/ChipSet/FG-InnerShops_GRAY.png,a 16-bit pixel art RPG character sprite sheet,0.2475,funnyguyrpg/CharSet/FG-GrayCharas.png,0.7934
Raw/284_the_breakout.png,a crude hand-drawn stick-figure comic strip panel,0.3048,funnyguycomics/static/comics/001_the_funny_guy.png,0.7934
Raw/101_humiliation.png,a crude hand-drawn stick-figure comic strip panel,0.2956,funnyguycomics/static/comics/001_the_funny_guy.png,0.7933
FG-Stuff2.psd,a 16-bit pixel art RPG character sprite sheet,0.2978,funnyguyrpg/CharSet/FG-GrayCharas.png,0.7932
Raw/030_sunglasses_so_cool_they_kill_you.png,a crude hand-drawn stick-figure comic strip panel,0.3144,funnyguycomics/static/comics/001_the_funny_guy.png,0.7931
Raw/036_the_brothers.png,a crude hand-drawn stick-figure comic strip panel,0.3244,funnyguycomics/static/comics/001_the_funny_guy.png,0.7931
Raw/260_mobile_gaming.png,a crude hand-drawn stick-figure comic strip panel,0.3057,funnyguycomics/static/comics/001_the_funny_guy.png,0.7931
Raw/302_i_like_eggs.png,a crude hand-drawn stick-figure comic strip panel,0.3001,funnyguycomics/static/comics/001_the_funny_guy.png,0.793
Raw/222_timetravel_fg_vs_repair_man.psd,a crude hand-drawn stick-figure comic strip panel,0.305,funnyguycomics/static/comics/001_the_funny_guy.png,0.7929
Books/AOTD_#7.png,a crude hand-drawn stick-figure comic strip panel,0.2845,funnyguycomics/static/comics/001_the_funny_guy.png,0.7928
Raw/303_bday_bash.png,a crude hand-drawn stick-figure comic strip panel,0.2904,funnyguycomics/static/comics/001_the_funny_guy.png,0.7925
Raw/190_judgement.png,a crude hand-drawn stick-figure comic strip panel,0.2963,funnyguycomics/static/comics/001_the_funny_guy.png,0.7924
Raw/030_sunglasses_so_cool_they_kill_you.psd,a crude hand-drawn stick-figure comic strip panel,0.3141,funnyguycomics/static/comics/001_the_funny_guy.png,0.7924
Raw/316_xbox_live.png,a crude hand-drawn stick-figure comic strip panel,0.3009,funnyguycomics/static/comics/001_the_funny_guy.png,0.7923
Raw/159_road_rash.psd,a crude hand-drawn stick-figure comic strip panel,0.3024,funnyguycomics/static/comics/001_the_funny_guy.png,0.7923
Raw/212_beach_day.png,a crude hand-drawn stick-figure comic strip panel,0.3034,funnyguycomics/static/comics/001_the_funny_guy.png,0.792
Raw/144_snippets.png,a crude hand-drawn stick-figure comic strip panel,0.3018,funnyguycomics/static/comics/001_the_funny_guy.png,0.7918
Raw/141_steroids.psd,a crude hand-drawn stick-figure comic strip panel,0.3217,funnyguycomics/static/comics/001_the_funny_guy.png,0.7918
Raw/269_we_slop_the_slop_where_slop_is_due.psd,a crude hand-drawn stick-figure comic strip panel,0.3175,funnyguycomics/static/comics/001_the_funny_guy.png,0.7918
Raw/242_space_cowboys.png,a crude hand-drawn stick-figure comic strip panel,0.2978,funnyguycomics/static/comics/001_the_funny_guy.png,0.7916
Scans/321_edit.png,a crude hand-drawn stick-figure comic strip panel,0.2854,funnyguycomics/static/comics/001_the_funny_guy.png,0.7916
Raw/316_xbox_live.psd,a crude hand-drawn stick-figure comic strip panel,0.301,funnyguycomics/static/comics/001_the_funny_guy.png,0.7915
Raw/274_snowcones.png,a crude hand-drawn stick-figure comic strip panel,0.3008,funnyguycomics/static/comics/001_the_funny_guy.png,0.7914
Raw/101_humiliation.psd,a crude hand-drawn stick-figure comic strip panel,0.2948,funnyguycomics/static/comics/001_the_funny_guy.png,0.7914
Raw/212_beach_day.psd,a crude hand-drawn stick-figure comic strip panel,0.3029,funnyguycomics/static/comics/001_the_funny_guy.png,0.7914
Raw/260_mobile_gaming.psd,a crude hand-drawn stick-figure comic strip panel,0.305,funnyguycomics/static/comics/001_the_funny_guy.png,0.7913
452345234523.png,a 16-bit pixel art RPG character sprite sheet,0.2747,funnyguyrpg/CharSet/fg2.png,0.7912
Raw/189_surge_vs_the_yeti.png,a crude hand-drawn stick-figure comic strip panel,0.3124,funnyguycomics/static/comics/001_the_funny_guy.png,0.7912
Raw/242_space_cowboys.psd,a crude hand-drawn stick-figure comic strip panel,0.2978,funnyguycomics/static/comics/001_the_funny_guy.png,0.7912
RPG_RT/Battle/Death.png,a 16-bit pixel art RPG character sprite sheet,0.2973,funnyguyrpg/CharSet/FG-GrayCharas.png,0.7911
Raw/292_moose_huntin_act_ii.png,a crude hand-drawn stick-figure comic strip panel,0.2742,funnyguycomics/static/comics/001_the_funny_guy.png,0.791
Raw/089_do_not_swallow.png,a crude hand-drawn stick-figure comic strip panel,0.3091,funnyguycomics/static/comics/001_the_funny_guy.png,0.7909
Raw/159_road_rash.png,a crude hand-drawn stick-figure comic strip panel,0.3021,funnyguycomics/static/comics/001_the_funny_guy.png,0.7908
RPG_RT/ChipSet/DH-Caverns.png,a 16-bit pixel art RPG character sprite sheet,0.2348,funnyguyrpg/CharSet/FG-GrayCharas.png,0.7907
Raw/190_judgement.psd,a crude hand-drawn stick-figure comic strip panel,0.2967,funnyguycomics/static/comics/001_the_funny_guy.png,0.7907
Raw/170_star_warz_ii_.psd,a crude hand-drawn stick-figure comic strip panel,0.2829,funnyguycomics/static/comics/001_the_funny_guy.png,0.7904
Raw/141_steroids.png,a crude hand-drawn stick-figure comic strip panel,0.3227,funnyguycomics/static/comics/001_the_funny_guy.png,0.7901
Raw/201_overkill.png,a crude hand-drawn stick-figure comic strip panel,0.2966,funnyguycomics/static/comics/001_the_funny_guy.png,0.7901
Raw/144_snippets.psd,a crude hand-drawn stick-figure comic strip panel,0.3005,funnyguycomics/static/comics/001_the_funny_guy.png,0.79
Raw/034_sharpeye.psd,a crude hand-drawn stick-figure comic strip panel,0.302,funnyguycomics/static/comics/001_the_funny_guy.png,0.7899
Raw/090_joke_time.png,a crude hand-drawn stick-figure comic strip panel,0.2768,funnyguycomics/static/comics/001_the_funny_guy.png,0.7898
Funny Guy Sketches (3)2025_04_22_0056.png,a crude hand-drawn stick-figure comic strip panel,0.2888,funnyguycomics/static/comics/001_the_funny_guy.png,0.7895
Raw/222_timetravel_fg_vs_repair_man.png,a crude hand-drawn stick-figure comic strip panel,0.3055,funnyguycomics/static/comics/001_the_funny_guy.png,0.7894
Raw/274_snowcones.psd,a crude hand-drawn stick-figure comic strip panel,0.3017,funnyguycomics/static/comics/001_the_funny_guy.png,0.7894
Raw/204_even_more_commercials.png,a crude hand-drawn stick-figure comic strip panel,0.2937,funnyguycomics/static/comics/001_the_funny_guy.png,0.7893
Raw/217_space_wars.psd,a crude hand-drawn stick-figure comic strip panel,0.2953,funnyguycomics/static/comics/001_the_funny_guy.png,0.7893
Raw/302_i_like_eggs.psd,a crude hand-drawn stick-figure comic strip panel,0.2994,funnyguycomics/static/comics/001_the_funny_guy.png,0.7893
Raw/204_even_more_commercials.psd,a crude hand-drawn stick-figure comic strip panel,0.2942,funnyguycomics/static/comics/001_the_funny_guy.png,0.7892
Raw/170_star_warz_ii_.png,a crude hand-drawn stick-figure comic strip panel,0.2832,funnyguycomics/static/comics/001_the_funny_guy.png,0.789
Raw/259_care_bear_clubs_part_2.png,a crude hand-drawn stick-figure comic strip panel,0.2592,funnyguycomics/static/comics/001_the_funny_guy.png,0.789
RPG_RT/BattleCharSet/JUNIOR.png,a 16-bit pixel art RPG character sprite sheet,0.2981,funnyguyrpg/CharSet/fg2.png,0.7889
Raw/034_sharpeye.png,a crude hand-drawn stick-figure comic strip panel,0.3021,funnyguycomics/static/comics/001_the_funny_guy.png,0.7889
Raw/278_the_gauntlet_to_adams_birthday.png,a crude hand-drawn stick-figure comic strip panel,0.302,funnyguycomics/static/comics/001_the_funny_guy.png,0.7889
RPG_RT/CharSet/FG-Characters.psd,a 16-bit pixel art RPG character sprite sheet,0.2866,funnyguyrpg/CharSet/FG-GrayCharas.png,0.7887
Raw/089_do_not_swallow.psd,a crude hand-drawn stick-figure comic strip panel,0.3082,funnyguycomics/static/comics/001_the_funny_guy.png,0.7887
Raw/149_its_time.png,a crude hand-drawn stick-figure comic strip panel,0.2941,funnyguycomics/static/comics/001_the_funny_guy.png,0.7886
Raw/090_joke_time.psd,a crude hand-drawn stick-figure comic strip panel,0.2761,funnyguycomics/static/comics/001_the_funny_guy.png,0.7886
RPG_RT/CharSet/object1.png,a 16-bit pixel art RPG character sprite sheet,0.2723,funnyguyrpg/CharSet/FG-GrayCharas.png,0.7885
Raw/201_overkill.psd,a crude hand-drawn stick-figure comic strip panel,0.2977,funnyguycomics/static/comics/001_the_funny_guy.png,0.7885
Raw/278_the_gauntlet_to_adams_birthday.psd,a crude hand-drawn stick-figure comic strip panel,0.3027,funnyguycomics/static/comics/001_the_funny_guy.png,0.7885
Raw/091_into_the_desert.psd,a crude hand-drawn stick-figure comic strip panel,0.3086,funnyguycomics/static/comics/001_the_funny_guy.png,0.7882
Books/SchoolKids_#2.png,a crude hand-drawn stick-figure comic strip panel,0.2937,funnyguycomics/static/comics/001_the_funny_guy.png,0.788
Raw/314_something_more.psd,a crude hand-drawn stick-figure comic strip panel,0.297,funnyguycomics/static/comics/001_the_funny_guy.png,0.788
Raw/259_care_bear_clubs_part_2.psd,a crude hand-drawn stick-figure comic strip panel,0.2567,funnyguycomics/static/comics/001_the_funny_guy.png,0.7878
Raw/077_mobbed.png,a crude hand-drawn stick-figure comic strip panel,0.3181,funnyguycomics/static/comics/001_the_funny_guy.png,0.7877
Raw/130_transparent_disco_clothes.png,a crude hand-drawn stick-figure comic strip panel,0.3076,funnyguycomics/static/comics/001_the_funny_guy.png,0.7872
Raw/238_moose_huntin.png,a crude hand-drawn stick-figure comic strip panel,0.272,funnyguycomics/static/comics/001_the_funny_guy.png,0.787
Raw/149_its_time.psd,a crude hand-drawn stick-figure comic strip panel,0.2924,funnyguycomics/static/comics/001_the_funny_guy.png,0.787
Raw/127_the_funny_guy_show_episode_ii.png,a crude hand-drawn stick-figure comic strip panel,0.3006,funnyguycomics/static/comics/001_the_funny_guy.png,0.7867
Raw/189_surge_vs_the_yeti.psd,a crude hand-drawn stick-figure comic strip panel,0.3109,funnyguycomics/static/comics/001_the_funny_guy.png,0.7867
Voracious Predation.jpg,a crude hand-drawn stick-figure comic strip panel,0.2345,funnyguycomics/static/comics/001_the_funny_guy.png,0.7865
Books/YDR_Comic1.png,a crude hand-drawn stick-figure comic strip panel,0.2983,funnyguycomics/static/comics/001_the_funny_guy.png,0.7861
Raw/297_targets_underground_operations.png,a crude hand-drawn stick-figure comic strip panel,0.2964,funnyguycomics/static/comics/001_the_funny_guy.png,0.7861
Raw/210_juniors_berthdae.psd,a crude hand-drawn stick-figure comic strip panel,0.3006,funnyguycomics/static/comics/001_the_funny_guy.png,0.7861
RPG_RT/BattleCharSet/TARGET2.png,a 16-bit pixel art RPG character sprite sheet,0.2656,funnyguyrpg/CharSet/fg2.png,0.7859
Raw/077_mobbed.psd,a crude hand-drawn stick-figure comic strip panel,0.3174,funnyguycomics/static/comics/001_the_funny_guy.png,0.7857
Raw/130_transparent_disco_clothes.psd,a crude hand-drawn stick-figure comic strip panel,0.3066,funnyguycomics/static/comics/001_the_funny_guy.png,0.7857
Raw/191_the_hermit_of_the_hills.psd,a crude hand-drawn stick-figure comic strip panel,0.2975,funnyguycomics/static/comics/001_the_funny_guy.png,0.7857
"Scan270, March 07, 2005.gif",a crude hand-drawn stick-figure comic strip panel,0.2706,funnyguycomics/static/comics/001_the_funny_guy.png,0.7856
"Scans/Scan270, March 07, 2005.gif",a crude hand-drawn stick-figure comic strip panel,0.2706,funnyguycomics/static/comics/001_the_funny_guy.png,0.7856
Raw/314_something_more.png,a crude hand-drawn stick-figure comic strip panel,0.2975,funnyguycomics/static/comics/001_the_funny_guy.png,0.7854
Raw/238_moose_huntin.psd,a crude hand-drawn stick-figure comic strip panel,0.2711,funnyguycomics/static/comics/001_the_funny_guy.png,0.7854
RPG_RT/Battle/healing1.png,a 16-bit pixel art RPG character sprite sheet,0.2473,funnyguyrpg/FaceSet/fgs.png,0.7852
YkTTR.jpg,a crude hand-drawn stick-figure comic strip panel,0.2843,funnyguycomics/static/comics/001_the_funny_guy.png,0.7852
RPG_RT/CharSet/DH-Effects.png,a 16-bit pixel art RPG character sprite sheet,0.3065,funnyguyrpg/CharSet/FG-GrayCharas.png,0.785
Raw/217_space_wars.png,a crude hand-drawn stick-figure comic strip panel,0.2951,funnyguycomics/static/comics/001_the_funny_guy.png,0.785
Raw/056_bomb_bash.psd,a crude hand-drawn stick-figure comic strip panel,0.3121,funnyguycomics/static/comics/001_the_funny_guy.png,0.785
Raw/056_bomb_bash.png,a crude hand-drawn stick-figure comic strip panel,0.3132,funnyguycomics/static/comics/001_the_funny_guy.png,0.7845
Raw/019_gas.png,a crude hand-drawn stick-figure comic strip panel,0.3044,funnyguycomics/static/comics/001_the_funny_guy.png,0.7841
Raw/192_attack_of_the_drones_pg8.png,a crude hand-drawn stick-figure comic strip panel,0.2975,funnyguycomics/static/comics/001_the_funny_guy.png,0.7841
Raw/262_hands_free_ownage.psd,a crude hand-drawn stick-figure comic strip panel,0.3106,funnyguycomics/static/comics/001_the_funny_guy.png,0.7839
Raw/206_wrath_of_the_easter_bunny.png,a crude hand-drawn stick-figure comic strip panel,0.308,funnyguycomics/static/comics/001_the_funny_guy.png,0.7837
Raw/210_juniors_berthdae.png,a crude hand-drawn stick-figure comic strip panel,0.3007,funnyguycomics/static/comics/001_the_funny_guy.png,0.7835
Raw/292_moose_huntin_act_ii.psd,a crude hand-drawn stick-figure comic strip panel,0.2734,funnyguycomics/static/comics/001_the_funny_guy.png,0.7835
Raw/297_targets_underground_operations.psd,a crude hand-drawn stick-figure comic strip panel,0.2966,funnyguycomics/static/comics/001_the_funny_guy.png,0.7834
Raw/262_hands_free_ownage.png,a crude hand-drawn stick-figure comic strip panel,0.3119,funnyguycomics/static/comics/001_the_funny_guy.png,0.7832
Raw/091_into_the_desert.png,a crude hand-drawn stick-figure comic strip panel,0.3076,funnyguycomics/static/comics/001_the_funny_guy.png,0.7831
Raw/057_rollercoaster.png,a crude hand-drawn stick-figure comic strip panel,0.3159,funnyguycomics/static/comics/001_the_funny_guy.png,0.783
Raw/138_awkwardness.png,a crude hand-drawn stick-figure comic strip panel,0.3062,funnyguycomics/static/comics/001_the_funny_guy.png,0.7829
Art/RM_stick.gif,a crude hand-drawn stick-figure comic strip panel,0.2778,funnyguycomics/static/comics/001_the_funny_guy.png,0.7827
"Scan294, March 07, 2005.gif",a crude hand-drawn stick-figure comic strip panel,0.2877,funnyguycomics/static/comics/001_the_funny_guy.png,0.7826
"Scans/Scan294, March 07, 2005.gif",a crude hand-drawn stick-figure comic strip panel,0.2877,funnyguycomics/static/comics/001_the_funny_guy.png,0.7826
RPG_RT/CharSet/FX-Sparkle-13.png,a 16-bit pixel art RPG character sprite sheet,0.2772,funnyguyrpg/CharSet/FG-GrayCharas.png,0.7825
001.psd,a crude hand-drawn stick-figure comic strip panel,0.2999,funnyguycomics/static/comics/001_the_funny_guy.png,0.7825
Raw/252_free_cheap_junk.png,a crude hand-drawn stick-figure comic strip panel,0.3097,funnyguycomics/static/comics/001_the_funny_guy.png,0.782
Raw/206_wrath_of_the_easter_bunny.psd,a crude hand-drawn stick-figure comic strip panel,0.3076,funnyguycomics/static/comics/001_the_funny_guy.png,0.7819
Raw/104_butt_kicked.png,a crude hand-drawn stick-figure comic strip panel,0.3094,funnyguycomics/static/comics/001_the_funny_guy.png,0.7817
Raw/109_outnumbered.png,a crude hand-drawn stick-figure comic strip panel,0.3155,funnyguycomics/static/comics/001_the_funny_guy.png,0.7815
Raw/191_the_hermit_of_the_hills.png,a crude hand-drawn stick-figure comic strip panel,0.2989,funnyguycomics/static/comics/001_the_funny_guy.png,0.7811
Raw/057_rollercoaster.psd,a crude hand-drawn stick-figure comic strip panel,0.3148,funnyguycomics/static/comics/001_the_funny_guy.png,0.781
Raw/138_awkwardness.psd,a crude hand-drawn stick-figure comic strip panel,0.3049,funnyguycomics/static/comics/001_the_funny_guy.png,0.781
Raw/275_snow_powder.psd,a crude hand-drawn stick-figure comic strip panel,0.3063,funnyguycomics/static/comics/001_the_funny_guy.png,0.7803
Raw/164_saving_repair_man.psd,a crude hand-drawn stick-figure comic strip panel,0.2892,funnyguycomics/static/comics/001_the_funny_guy.png,0.7802
Raw/228_to_bomb_saddam.psd,a crude hand-drawn stick-figure comic strip panel,0.3038,funnyguycomics/static/comics/001_the_funny_guy.png,0.78
Raw/192_attack_of_the_drones_pg8.psd,a crude hand-drawn stick-figure comic strip panel,0.2973,funnyguycomics/static/comics/001_the_funny_guy.png,0.7794
Raw/239_survivor_trashcan_pg2.png,a crude hand-drawn stick-figure comic strip panel,0.292,funnyguycomics/static/comics/001_the_funny_guy.png,0.7793
Books/Nawful_#12.png,a crude hand-drawn stick-figure comic strip panel,0.2667,funnyguycomics/static/comics/001_the_funny_guy.png,0.7792
Raw/214_da_war_arena.png,a crude hand-drawn stick-figure comic strip panel,0.2928,funnyguycomics/static/comics/001_the_funny_guy.png,0.779
Raw/214_da_war_arena.psd,a crude hand-drawn stick-figure comic strip panel,0.2925,funnyguycomics/static/comics/001_the_funny_guy.png,0.779
Raw/164_saving_repair_man.png,a crude hand-drawn stick-figure comic strip panel,0.2898,funnyguycomics/static/comics/001_the_funny_guy.png,0.7789
Raw/213_ac_war.psd,a crude hand-drawn stick-figure comic strip panel,0.3086,funnyguycomics/static/comics/001_the_funny_guy.png,0.7789
Raw/213_ac_war.png,a crude hand-drawn stick-figure comic strip panel,0.3085,funnyguycomics/static/comics/001_the_funny_guy.png,0.7788
Raw/275_snow_powder.png,a crude hand-drawn stick-figure comic strip panel,0.3071,funnyguycomics/static/comics/001_the_funny_guy.png,0.7788
Raw/271_old_faithful.png,a crude hand-drawn stick-figure comic strip panel,0.3067,funnyguycomics/static/comics/001_the_funny_guy.png,0.7787
Raw/104_butt_kicked.psd,a crude hand-drawn stick-figure comic strip panel,0.3095,funnyguycomics/static/comics/001_the_funny_guy.png,0.7787
Raw/192_5.psd,a crude hand-drawn stick-figure comic strip panel,0.296,funnyguycomics/static/comics/001_the_funny_guy.png,0.7786
Raw/223_beach_campin.psd,a crude hand-drawn stick-figure comic strip panel,0.3113,funnyguycomics/static/comics/001_the_funny_guy.png,0.7786
"Scan290, March 07, 2005.gif",a crude hand-drawn stick-figure comic strip panel,0.2704,funnyguycomics/static/comics/001_the_funny_guy.png,0.7785
"Scans/Scan290, March 07, 2005.gif",a crude hand-drawn stick-figure comic strip panel,0.2704,funnyguycomics/static/comics/001_the_funny_guy.png,0.7785
Raw/178_to_the_bahamas.psd,a crude hand-drawn stick-figure comic strip panel,0.3042,funnyguycomics/static/comics/001_the_funny_guy.png,0.7783
Raw/046_finale.psd,a crude hand-drawn stick-figure comic strip panel,0.3052,funnyguycomics/static/comics/001_the_funny_guy.png,0.7778
Raw/181_looks_like_a_luxury.psd,a crude hand-drawn stick-figure comic strip panel,0.3076,funnyguycomics/static/comics/001_the_funny_guy.png,0.7776
Raw/109_outnumbered.psd,a crude hand-drawn stick-figure comic strip panel,0.3135,funnyguycomics/static/comics/001_the_funny_guy.png,0.7774
Raw/252_free_cheap_junk.psd,a crude hand-drawn stick-figure comic strip panel,0.3078,funnyguycomics/static/comics/001_the_funny_guy.png,0.7774
Raw/228_to_bomb_saddam.png,a crude hand-drawn stick-figure comic strip panel,0.3037,funnyguycomics/static/comics/001_the_funny_guy.png,0.7773
Raw/239_survivor_trashcan_pg2.psd,a crude hand-drawn stick-figure comic strip panel,0.2909,funnyguycomics/static/comics/001_the_funny_guy.png,0.7773
RPG_RT/CharSet/DH-Objects2.png,a 16-bit pixel art RPG character sprite sheet,0.2991,funnyguyrpg/CharSet/FG-GrayCharas.png,0.7771
Raw/032_the_war.png,a crude hand-drawn stick-figure comic strip panel,0.2975,funnyguycomics/static/comics/001_the_funny_guy.png,0.7771
Raw/148_boxing_match.png,a crude hand-drawn stick-figure comic strip panel,0.296,funnyguycomics/static/comics/001_the_funny_guy.png,0.7771
Raw/271_old_faithful.psd,a crude hand-drawn stick-figure comic strip panel,0.3066,funnyguycomics/static/comics/001_the_funny_guy.png,0.7771
FGC0007.png,a crude hand-drawn stick-figure comic strip panel,0.2976,funnyguycomics/static/comics/001_the_funny_guy.png,0.7768
big_fg.psd,a pencil or pen sketch of a cartoon character,0.2623,funnyguyrpg/FaceSet/fgs.png,0.7768
Raw/223_beach_campin.png,a crude hand-drawn stick-figure comic strip panel,0.3117,funnyguycomics/static/comics/001_the_funny_guy.png,0.7767
Raw/087_wee_wee.psd,a crude hand-drawn stick-figure comic strip panel,0.2829,funnyguycomics/static/comics/001_the_funny_guy.png,0.7766
Raw/035_court.psd,a crude hand-drawn stick-figure comic strip panel,0.3189,funnyguycomics/static/comics/001_the_funny_guy.png,0.7764
Raw/035_court.png,a crude hand-drawn stick-figure comic strip panel,0.3197,funnyguycomics/static/comics/001_the_funny_guy.png,0.7763
Raw/181_looks_like_a_luxury.png,a crude hand-drawn stick-figure comic strip panel,0.3082,funnyguycomics/static/comics/001_the_funny_guy.png,0.7763
Books/Anti-Drug Campaign - Funny Guy Comics (1).png,a crude hand-drawn stick-figure comic strip panel,0.2736,funnyguycomics/static/comics/001_the_funny_guy.png,0.7761
Raw/163_yield_to_spedestrians.psd,a crude hand-drawn stick-figure comic strip panel,0.2928,funnyguycomics/static/comics/001_the_funny_guy.png,0.7758
Raw/163_yield_to_spedestrians.png,a crude hand-drawn stick-figure comic strip panel,0.2937,funnyguycomics/static/comics/001_the_funny_guy.png,0.7756
Raw/032_the_war.psd,a crude hand-drawn stick-figure comic strip panel,0.296,funnyguycomics/static/comics/001_the_funny_guy.png,0.7754
Raw/122_juniors_birthday.png,a crude hand-drawn stick-figure comic strip panel,0.3128,funnyguycomics/static/comics/001_the_funny_guy.png,0.7753
Raw/150_scrambled_eggs.png,a crude hand-drawn stick-figure comic strip panel,0.3036,funnyguycomics/static/comics/001_the_funny_guy.png,0.7753
Raw/033_yellow_snow.psd,a crude hand-drawn stick-figure comic strip panel,0.3172,funnyguycomics/static/comics/001_the_funny_guy.png,0.7753
Raw/122_juniors_birthday.psd,a crude hand-drawn stick-figure comic strip panel,0.3089,funnyguycomics/static/comics/001_the_funny_guy.png,0.7753
Raw/308_dinger.psd,a crude hand-drawn stick-figure comic strip panel,0.3148,funnyguycomics/static/comics/001_the_funny_guy.png,0.7753
RPG_RT/Battle/DH-Support2.png,a 16-bit pixel art RPG character sprite sheet,0.237,funnyguyrpg/CharSet/fg2.png,0.7752
Raw/033_yellow_snow.png,a crude hand-drawn stick-figure comic strip panel,0.3187,funnyguycomics/static/comics/001_the_funny_guy.png,0.7749
Raw/129_the_adventure_begins.psd,a crude hand-drawn stick-figure comic strip panel,0.3104,funnyguycomics/static/comics/001_the_funny_guy.png,0.7748
Books/Nawful_#3.png,a crude hand-drawn stick-figure comic strip panel,0.2766,funnyguycomics/static/comics/001_the_funny_guy.png,0.7747
Raw/178_to_the_bahamas.png,a crude hand-drawn stick-figure comic strip panel,0.3049,funnyguycomics/static/comics/001_the_funny_guy.png,0.7747
Books/AOTD_#5.png,a crude hand-drawn stick-figure comic strip panel,0.287,funnyguycomics/static/comics/001_the_funny_guy.png,0.7746
Raw/016_cheap_choppers.psd,a crude hand-drawn stick-figure comic strip panel,0.298,funnyguycomics/static/comics/001_the_funny_guy.png,0.7745
Raw/192_4.psd,a crude hand-drawn stick-figure comic strip panel,0.3033,funnyguycomics/static/comics/001_the_funny_guy.png,0.7745
tfgc192_sketch2.jpg,a crude hand-drawn stick-figure comic strip panel,0.2846,funnyguycomics/static/comics/001_the_funny_guy.png,0.7743
Raw/016_cheap_choppers.png,a crude hand-drawn stick-figure comic strip panel,0.2987,funnyguycomics/static/comics/001_the_funny_guy.png,0.7742
Raw/129_the_adventure_begins.png,a crude hand-drawn stick-figure comic strip panel,0.3112,funnyguycomics/static/comics/001_the_funny_guy.png,0.7742
RPG_RT/CharSet/FX-Magic-Glow-04.png,a 16-bit pixel art RPG character sprite sheet,0.2955,funnyguyrpg/CharSet/fg2.png,0.774
Raw/142_ultimate_stupidity.png,a crude hand-drawn stick-figure comic strip panel,0.3034,funnyguycomics/static/comics/001_the_funny_guy.png,0.774
Raw/019_gas.psd,a crude hand-drawn stick-figure comic strip panel,0.3057,funnyguycomics/static/comics/001_the_funny_guy.png,0.774
Raw/270_slop_buffet.png,a crude hand-drawn stick-figure comic strip panel,0.3157,funnyguycomics/static/comics/001_the_funny_guy.png,0.7734
RPG_RT/BattleCharSet/TIMET2.png,a 16-bit pixel art RPG character sprite sheet,0.2637,funnyguyrpg/CharSet/fg2.png,0.7731
Raw/148_boxing_match.psd,a crude hand-drawn stick-figure comic strip panel,0.2955,funnyguycomics/static/comics/001_the_funny_guy.png,0.7731
Raw/175_an_fg_christmas_carol_pg2.png,a crude hand-drawn stick-figure comic strip panel,0.3121,funnyguycomics/static/comics/001_the_funny_guy.png,0.7729
Raw/142_ultimate_stupidity.psd,a crude hand-drawn stick-figure comic strip panel,0.302,funnyguycomics/static/comics/001_the_funny_guy.png,0.7729
Raw/315_total_recall.psd,a crude hand-drawn stick-figure comic strip panel,0.3077,funnyguycomics/static/comics/001_the_funny_guy.png,0.7728
Raw/291_junk_steaks_and_gym_class.png,a crude hand-drawn stick-figure comic strip panel,0.2994,funnyguycomics/static/comics/001_the_funny_guy.png,0.7727
Raw/305_share_this_kare_bears.psd,a crude hand-drawn stick-figure comic strip panel,0.3089,funnyguycomics/static/comics/001_the_funny_guy.png,0.7727
RPG_RT/ChipSet/chipset3.png,a 16-bit pixel art RPG character sprite sheet,0.2615,funnyguyrpg/CharSet/FG-GrayCharas.png,0.7725
Raw/308_dinger.png,a crude hand-drawn stick-figure comic strip panel,0.316,funnyguycomics/static/comics/001_the_funny_guy.png,0.7725
Raw/299_soy_sauce.psd,a crude hand-drawn stick-figure comic strip panel,0.2784,funnyguycomics/static/comics/001_the_funny_guy.png,0.7723
Raw/194_commercials.png,a crude hand-drawn stick-figure comic strip panel,0.2859,funnyguycomics/static/comics/001_the_funny_guy.png,0.7722
Raw/299_soy_sauce.png,a crude hand-drawn stick-figure comic strip panel,0.2776,funnyguycomics/static/comics/001_the_funny_guy.png,0.7721
Raw/150_scrambled_eggs.psd,a crude hand-drawn stick-figure comic strip panel,0.3021,funnyguycomics/static/comics/001_the_funny_guy.png,0.7721
RPG_RT/Battle/water1.png,a 16-bit pixel art RPG character sprite sheet,0.2739,funnyguyrpg/FaceSet/fgs.png,0.7719
RPG_RT/Battle/cure1.png,a logo or user-interface graphic design,0.2446,funnyguyrpg/CharSet/fg2.png,0.7717
Raw/296_humormercials_from_oxymoron_part_2.png,a crude hand-drawn stick-figure comic strip panel,0.2996,funnyguycomics/static/comics/001_the_funny_guy.png,0.7717
Raw/315_total_recall.png,a crude hand-drawn stick-figure comic strip panel,0.3068,funnyguycomics/static/comics/001_the_funny_guy.png,0.7715
Raw/053_abandoned_schools.png,a crude hand-drawn stick-figure comic strip panel,0.3107,funnyguycomics/static/comics/001_the_funny_guy.png,0.771
Raw/291_junk_steaks_and_gym_class.psd,a crude hand-drawn stick-figure comic strip panel,0.2983,funnyguycomics/static/comics/001_the_funny_guy.png,0.771
RPG_RT/Battle/DH-SupportMagic.png,a 16-bit pixel art RPG character sprite sheet,0.2388,funnyguyrpg/CharSet/fg2.png,0.7706
Raw/192_3.psd,a crude hand-drawn stick-figure comic strip panel,0.296,funnyguycomics/static/comics/001_the_funny_guy.png,0.7706
Raw/305_share_this_kare_bears.png,a crude hand-drawn stick-figure comic strip panel,0.3086,funnyguycomics/static/comics/001_the_funny_guy.png,0.7705
Raw/270_slop_buffet.psd,a crude hand-drawn stick-figure comic strip panel,0.3155,funnyguycomics/static/comics/001_the_funny_guy.png,0.7703
Raw/295_humormercials_from_oxymoron.psd,a crude hand-drawn stick-figure comic strip panel,0.2714,funnyguycomics/static/comics/001_the_funny_guy.png,0.77
Raw/047_dinner.psd,a crude hand-drawn stick-figure comic strip panel,0.3049,funnyguycomics/static/comics/001_the_funny_guy.png,0.7699
Raw/062_3.psd,a crude hand-drawn stick-figure comic strip panel,0.3008,funnyguycomics/static/comics/001_the_funny_guy.png,0.7699
Raw/194_commercials.psd,a crude hand-drawn stick-figure comic strip panel,0.2854,funnyguycomics/static/comics/001_the_funny_guy.png,0.7698
RPG_RT/Battle/DH-FireMagic.png,a 16-bit pixel art RPG character sprite sheet,0.2891,funnyguyrpg/CharSet/FG-GrayCharas.png,0.7697
Raw/295_humormercials_from_oxymoron.png,a crude hand-drawn stick-figure comic strip panel,0.2729,funnyguycomics/static/comics/001_the_funny_guy.png,0.7696
Raw/300_repair_mans_weight_loss_challenge.png,a crude hand-drawn stick-figure comic strip panel,0.3063,funnyguycomics/static/comics/001_the_funny_guy.png,0.7696
Raw/267_the_h2_transforms.psd,a crude hand-drawn stick-figure comic strip panel,0.2975,funnyguycomics/static/comics/001_the_funny_guy.png,0.7696
Raw/296_humormercials_from_oxymoron_part_2.psd,a crude hand-drawn stick-figure comic strip panel,0.2988,funnyguycomics/static/comics/001_the_funny_guy.png,0.7694
RPG_RT/Battle/lightray.png,a logo or user-interface graphic design,0.2436,funnyguyrpg/CharSet/fg2.png,0.7692
Raw/062_the_storm_pg3.png,a crude hand-drawn stick-figure comic strip panel,0.3163,funnyguycomics/static/comics/001_the_funny_guy.png,0.7692
"Scan308, March 07, 2005.gif",a crude hand-drawn stick-figure comic strip panel,0.2635,funnyguycomics/static/comics/001_the_funny_guy.png,0.7692
"Scans/Scan308, March 07, 2005.gif",a crude hand-drawn stick-figure comic strip panel,0.2635,funnyguycomics/static/comics/001_the_funny_guy.png,0.7692
"Books/Scan277, March 07, 2005.gif",a crude hand-drawn stick-figure comic strip panel,0.2877,funnyguycomics/static/comics/001_the_funny_guy.png,0.7687
RPG_RT/ChipSet/DH-CastleInner.png,a 16-bit pixel art RPG character sprite sheet,0.2386,funnyguyrpg/CharSet/FG-GrayCharas.png,0.7687
Raw/176_air_war.psd,a crude hand-drawn stick-figure comic strip panel,0.3083,funnyguycomics/static/comics/001_the_funny_guy.png,0.7687
Raw/220_armored_fore.psd,a crude hand-drawn stick-figure comic strip panel,0.3026,funnyguycomics/static/comics/001_the_funny_guy.png,0.7687
Raw/192_attack_of_the_drones_pg3.png,a crude hand-drawn stick-figure comic strip panel,0.2956,funnyguycomics/static/comics/001_the_funny_guy.png,0.7686
Raw/192_attack_of_the_drones_pg2.png,a crude hand-drawn stick-figure comic strip panel,0.3054,funnyguycomics/static/comics/001_the_funny_guy.png,0.7683
Raw/062_the_storm_pg3.psd,a crude hand-drawn stick-figure comic strip panel,0.3155,funnyguycomics/static/comics/001_the_funny_guy.png,0.7681
Raw/268_fight_water_with_water.png,a crude hand-drawn stick-figure comic strip panel,0.31,funnyguycomics/static/comics/001_the_funny_guy.png,0.7678
Raw/220_armored_fore.png,a crude hand-drawn stick-figure comic strip panel,0.3023,funnyguycomics/static/comics/001_the_funny_guy.png,0.7675
old_#54.png,a crude hand-drawn stick-figure comic strip panel,0.2752,funnyguycomics/static/comics/001_the_funny_guy.png,0.7674
Raw/047_dinner.png,a crude hand-drawn stick-figure comic strip panel,0.3058,funnyguycomics/static/comics/001_the_funny_guy.png,0.7673
Raw/192_attack_of_the_drones_pg2.psd,a crude hand-drawn stick-figure comic strip panel,0.3045,funnyguycomics/static/comics/001_the_funny_guy.png,0.767
Raw/192_attack_of_the_drones_pg3.psd,a crude hand-drawn stick-figure comic strip panel,0.2959,funnyguycomics/static/comics/001_the_funny_guy.png,0.767
Raw/097_laziness.png,a crude hand-drawn stick-figure comic strip panel,0.3006,funnyguycomics/static/comics/001_the_funny_guy.png,0.7669
Raw/199_doreminimi.png,a crude hand-drawn stick-figure comic strip panel,0.3032,funnyguycomics/static/comics/001_the_funny_guy.png,0.7669
Raw/176_air_war.png,a crude hand-drawn stick-figure comic strip panel,0.3097,funnyguycomics/static/comics/001_the_funny_guy.png,0.7668
Raw/300_repair_mans_weight_loss_challenge (2).psd,a crude hand-drawn stick-figure comic strip panel,0.3055,funnyguycomics/static/comics/001_the_funny_guy.png,0.7667
Sketches (Batch 2)2025_04_22_0008.png,a crude hand-drawn stick-figure comic strip panel,0.2993,funnyguycomics/static/comics/001_the_funny_guy.png,0.7666
Raw/177_scuba_war.psd,a crude hand-drawn stick-figure comic strip panel,0.3105,funnyguycomics/static/comics/001_the_funny_guy.png,0.7666
Raw/192_8.psd,a crude hand-drawn stick-figure comic strip panel,0.298,funnyguycomics/static/comics/001_the_funny_guy.png,0.7666
Books/Anti-Drug Campaign - Funny Guy Comics (2).png,a crude hand-drawn stick-figure comic strip panel,0.2852,funnyguycomics/static/comics/001_the_funny_guy.png,0.7664
Raw/237_treasure_huntin.png,a crude hand-drawn stick-figure comic strip panel,0.3203,funnyguycomics/static/comics/001_the_funny_guy.png,0.7664
Raw/097_laziness.psd,a crude hand-drawn stick-figure comic strip panel,0.2996,funnyguycomics/static/comics/001_the_funny_guy.png,0.7664
Raw/301_weight_loss_challenge_part_2.psd,a crude hand-drawn stick-figure comic strip panel,0.2915,funnyguycomics/static/comics/001_the_funny_guy.png,0.7664
RPG_RT/Battle/wind1.png,a 16-bit pixel art RPG character sprite sheet,0.2698,funnyguyrpg/CharSet/FG-GrayCharas.png,0.7663
Raw/177_scuba_war.png,a crude hand-drawn stick-figure comic strip panel,0.3118,funnyguycomics/static/comics/001_the_funny_guy.png,0.7663
Raw/207_fall_of_the_easter_bunny.png,a crude hand-drawn stick-figure comic strip panel,0.304,funnyguycomics/static/comics/001_the_funny_guy.png,0.7663
Raw/301_weight_loss_challenge_part_2.png,a crude hand-drawn stick-figure comic strip panel,0.292,funnyguycomics/static/comics/001_the_funny_guy.png,0.7663
RPG_RT/BattleCharSet/SHARP2.png,a 16-bit pixel art RPG character sprite sheet,0.2267,funnyguyrpg/CharSet/fg2.png,0.7662
Raw/267_the_h2_transforms.png,a crude hand-drawn stick-figure comic strip panel,0.2977,funnyguycomics/static/comics/001_the_funny_guy.png,0.7662
RPG_RT/ChipSet/futureship.png,a 16-bit pixel art RPG character sprite sheet,0.2526,funnyguyrpg/CharSet/FG-GrayCharas.png,0.7659
RPG_RT/Battle/firaga.png,a 16-bit pixel art RPG character sprite sheet,0.2833,funnyguyrpg/CharSet/FG-GrayCharas.png,0.7658
RPG_RT/ChipSet/46940_1255610226.png,a 16-bit pixel art RPG character sprite sheet,0.2236,funnyguyrpg/CharSet/FG-GrayCharas.png,0.7658
RPG_RT/ChipSet/TEST2CITY.png,a 16-bit pixel art RPG character sprite sheet,0.2236,funnyguyrpg/CharSet/FG-GrayCharas.png,0.7658
Raw/155_bloody_baseball.png,a crude hand-drawn stick-figure comic strip panel,0.3187,funnyguycomics/static/comics/001_the_funny_guy.png,0.7658
RPG_RT/CharSet/Monster-Dragon-Black-01.png,a 16-bit pixel art RPG character sprite sheet,0.2943,funnyguyrpg/CharSet/FG-GrayCharas.png,0.7655
Raw/195_more_commercials.png,a crude hand-drawn stick-figure comic strip panel,0.29,funnyguycomics/static/comics/001_the_funny_guy.png,0.7654
exfont.psd,a 16-bit pixel art RPG character sprite sheet,0.2791,funnyguyrpg/CharSet/FG-GrayCharas.png,0.7653
Raw/306_halo_237.psd,a crude hand-drawn stick-figure comic strip panel,0.2853,funnyguycomics/static/comics/001_the_funny_guy.png,0.7652
RPG_RT/Battle/absorb2.png,a 16-bit pixel art RPG character sprite sheet,0.2252,funnyguyrpg/CharSet/fg2.png,0.7649
Raw/237_treasure_huntin.psd,a crude hand-drawn stick-figure comic strip panel,0.3197,funnyguycomics/static/comics/001_the_funny_guy.png,0.7649
Raw/277_fg_greatest_hits_humormercials_part_2.png,a crude hand-drawn stick-figure comic strip panel,0.2886,funnyguycomics/static/comics/001_the_funny_guy.png,0.7647
RPG_RT/Battle/wind2.png,a 16-bit pixel art RPG character sprite sheet,0.2777,funnyguyrpg/CharSet/fg2.png,0.7645
RPG_RT/BattleCharSet/FG2.png,a 16-bit pixel art RPG character sprite sheet,0.2525,funnyguyrpg/CharSet/fg2.png,0.7644
Raw/207_fall_of_the_easter_bunny.psd,a crude hand-drawn stick-figure comic strip panel,0.3031,funnyguycomics/static/comics/001_the_funny_guy.png,0.7644
Raw/115_second_quarter.png,a crude hand-drawn stick-figure comic strip panel,0.3021,funnyguycomics/static/comics/001_the_funny_guy.png,0.7641
Raw/155_bloody_baseball.psd,a crude hand-drawn stick-figure comic strip panel,0.3173,funnyguycomics/static/comics/001_the_funny_guy.png,0.7641
Books/AOTD_#4.png,a crude hand-drawn stick-figure comic strip panel,0.2928,funnyguycomics/static/comics/001_the_funny_guy.png,0.764
Raw/215_vendatta_arena.png,a crude hand-drawn stick-figure comic strip panel,0.3108,funnyguycomics/static/comics/001_the_funny_guy.png,0.764
old_#53.png,a crude hand-drawn stick-figure comic strip panel,0.2833,funnyguycomics/static/comics/001_the_funny_guy.png,0.7638
FG-Stuff.psd,a 16-bit pixel art RPG character sprite sheet,0.2464,funnyguyrpg/CharSet/FG-GrayCharas.png,0.7636
Raw/195_more_commercials.psd,a crude hand-drawn stick-figure comic strip panel,0.2895,funnyguycomics/static/comics/001_the_funny_guy.png,0.7636
Raw/115_second_quarter.psd,a crude hand-drawn stick-figure comic strip panel,0.3013,funnyguycomics/static/comics/001_the_funny_guy.png,0.7634
Raw/277_fg_greatest_hits_humormercials_part_2.psd,a crude hand-drawn stick-figure comic strip panel,0.2877,funnyguycomics/static/comics/001_the_funny_guy.png,0.7634
RPG_RT/CharSet/doors08.png,a digital painting or illustration,0.2428,funnyguyrpg/CharSet/fg2.png,0.7631
Raw/131_the_wild_beast.png,a crude hand-drawn stick-figure comic strip panel,0.303,funnyguycomics/static/comics/001_the_funny_guy.png,0.7631
Raw/215_vendatta_arena.psd,a crude hand-drawn stick-figure comic strip panel,0.3108,funnyguycomics/static/comics/001_the_funny_guy.png,0.7631
Raw/199_doreminimi.psd,a crude hand-drawn stick-figure comic strip panel,0.3022,funnyguycomics/static/comics/001_the_funny_guy.png,0.763
Raw/306_halo_237.png,a crude hand-drawn stick-figure comic strip panel,0.2847,funnyguycomics/static/comics/001_the_funny_guy.png,0.7623
Raw/247_show_n_tell.psd,a crude hand-drawn stick-figure comic strip panel,0.311,funnyguycomics/static/comics/001_the_funny_guy.png,0.7623
Raw/029_groundhog_day.png,a crude hand-drawn stick-figure comic strip panel,0.3213,funnyguycomics/static/comics/001_the_funny_guy.png,0.7622
Funny Guy Sketches (3)2025_04_22_0027.png,a crude hand-drawn stick-figure comic strip panel,0.2889,funnyguycomics/static/comics/001_the_funny_guy.png,0.7621
Raw/268_fight_water_with_water.psd,a crude hand-drawn stick-figure comic strip panel,0.3107,funnyguycomics/static/comics/001_the_funny_guy.png,0.7621
Raw/029_groundhog_day.psd,a crude hand-drawn stick-figure comic strip panel,0.3223,funnyguycomics/static/comics/001_the_funny_guy.png,0.762
Raw/188_toasted_ketchup.png,a crude hand-drawn stick-figure comic strip panel,0.3093,funnyguycomics/static/comics/001_the_funny_guy.png,0.7615
Raw/273_takin_the_stairs.png,a crude hand-drawn stick-figure comic strip panel,0.3052,funnyguycomics/static/comics/001_the_funny_guy.png,0.7615
Raw/120_preview.psd,a crude hand-drawn stick-figure comic strip panel,0.307,funnyguycomics/static/comics/001_the_funny_guy.png,0.7615
Books/FG_JAM_#2.png,a crude hand-drawn stick-figure comic strip panel,0.2921,funnyguycomics/static/comics/001_the_funny_guy.png,0.7613
Raw/120_preview.png,a crude hand-drawn stick-figure comic strip panel,0.3074,funnyguycomics/static/comics/001_the_funny_guy.png,0.7612
Books/AOTD_#8.png,a crude hand-drawn stick-figure comic strip panel,0.2835,funnyguycomics/static/comics/001_the_funny_guy.png,0.7611
Raw/137_audience_interference.png,a crude hand-drawn stick-figure comic strip panel,0.3211,funnyguycomics/static/comics/001_the_funny_guy.png,0.7607
Raw/256_mobile_home.psd,a crude hand-drawn stick-figure comic strip panel,0.3058,funnyguycomics/static/comics/001_the_funny_guy.png,0.7605
RPG_RT/Battle/Cross2.png,a 16-bit pixel art RPG character sprite sheet,0.2615,funnyguyrpg/FaceSet/fgs.png,0.7603
Raw/131_the_wild_beast.psd,a crude hand-drawn stick-figure comic strip panel,0.3048,funnyguycomics/static/comics/001_the_funny_guy.png,0.7602
parchmentish_texture.psd,"an unrelated photograph, like a product or real-world object",0.2528,funnyguyrpg/CharSet/fg2.png,0.76
Raw/230_booms.png,a crude hand-drawn stick-figure comic strip panel,0.3113,funnyguycomics/static/comics/001_the_funny_guy.png,0.7596
Raw/137_audience_interference.psd,a crude hand-drawn stick-figure comic strip panel,0.3205,funnyguycomics/static/comics/001_the_funny_guy.png,0.7596
Raw/273_takin_the_stairs.psd,a crude hand-drawn stick-figure comic strip panel,0.3048,funnyguycomics/static/comics/001_the_funny_guy.png,0.7596
Raw/288_weed_destruction.png,a crude hand-drawn stick-figure comic strip panel,0.2749,funnyguycomics/static/comics/001_the_funny_guy.png,0.7595
RPG_RT/CharSet/FX-Door-04.png,a 16-bit pixel art RPG character sprite sheet,0.2715,funnyguyrpg/CharSet/FG-GrayCharas.png,0.7594
Raw/288_weed_destruction.psd,a crude hand-drawn stick-figure comic strip panel,0.2742,funnyguycomics/static/comics/001_the_funny_guy.png,0.7594
RPG_RT/ChipSet/DH-Library.png,a 16-bit pixel art RPG character sprite sheet,0.2428,funnyguyrpg/CharSet/FG-GrayCharas.png,0.7592
Raw/192_9.psd,a crude hand-drawn stick-figure comic strip panel,0.2949,funnyguycomics/static/comics/001_the_funny_guy.png,0.7591
Raw/256_mobile_home.png,a crude hand-drawn stick-figure comic strip panel,0.3062,funnyguycomics/static/comics/001_the_funny_guy.png,0.7586
Raw/043_the_barney_mask_2.psd,a crude hand-drawn stick-figure comic strip panel,0.3042,funnyguycomics/static/comics/001_the_funny_guy.png,0.7586
Raw/105_wrath_of_the_elements.psd,a crude hand-drawn stick-figure comic strip panel,0.2892,funnyguycomics/static/comics/001_the_funny_guy.png,0.7586
Raw/245_bee_fight.psd,a crude hand-drawn stick-figure comic strip panel,0.2969,funnyguycomics/static/comics/001_the_funny_guy.png,0.7586
Raw/247_show_n_tell.png,a crude hand-drawn stick-figure comic strip panel,0.3115,funnyguycomics/static/comics/001_the_funny_guy.png,0.7583
Funny Guy Sketches (3)2025_04_22_0025.png,a scanned page of handwritten or typed text,0.2565,funnyguyrpg/FaceSet/fgs.png,0.7581
RPG_RT/ChipSet/dungeon.png,a 16-bit pixel art RPG character sprite sheet,0.2497,funnyguyrpg/CharSet/FG-GrayCharas.png,0.7581
Raw/289_the_hobo_revolt.png,a crude hand-drawn stick-figure comic strip panel,0.281,funnyguycomics/static/comics/001_the_funny_guy.png,0.758
Raw/064_chesskers.psd,a crude hand-drawn stick-figure comic strip panel,0.3105,funnyguycomics/static/comics/001_the_funny_guy.png,0.7578
Raw/175_an_fg_christmas_carol_pg2.psd,a crude hand-drawn stick-figure comic strip panel,0.3143,funnyguycomics/static/comics/001_the_funny_guy.png,0.7578
Raw/028_crushed.png,a crude hand-drawn stick-figure comic strip panel,0.3232,funnyguycomics/static/comics/001_the_funny_guy.png,0.7577
Raw/064_chesskers.png,a crude hand-drawn stick-figure comic strip panel,0.3109,funnyguycomics/static/comics/001_the_funny_guy.png,0.7577
Raw/289_the_hobo_revolt.psd,a crude hand-drawn stick-figure comic strip panel,0.28,funnyguycomics/static/comics/001_the_funny_guy.png,0.7576
Books/AOTD_#6.png,a crude hand-drawn stick-figure comic strip panel,0.2856,funnyguycomics/static/comics/001_the_funny_guy.png,0.7575
Raw/043_the_barney_mask_2.png,a crude hand-drawn stick-figure comic strip panel,0.305,funnyguycomics/static/comics/001_the_funny_guy.png,0.7575
Raw/183_the_war_of_100_snowmen.png,a crude hand-drawn stick-figure comic strip panel,0.3057,funnyguycomics/static/comics/001_the_funny_guy.png,0.7575
Raw/245_bee_fight.png,a crude hand-drawn stick-figure comic strip panel,0.2968,funnyguycomics/static/comics/001_the_funny_guy.png,0.7566
Funny Guy Sketches (3)2025_04_22_0023.png,a crude hand-drawn stick-figure comic strip panel,0.2501,funnyguycomics/static/comics/001_the_funny_guy.png,0.7564
Funny Guy Sketches (3)2025_04_22_0061.png,a crude hand-drawn stick-figure comic strip panel,0.2897,funnyguycomics/static/comics/001_the_funny_guy.png,0.7564
Raw/105_wrath_of_the_elements.png,a crude hand-drawn stick-figure comic strip panel,0.2884,funnyguycomics/static/comics/001_the_funny_guy.png,0.7562
Raw/183_the_war_of_100_snowmen.psd,a crude hand-drawn stick-figure comic strip panel,0.3043,funnyguycomics/static/comics/001_the_funny_guy.png,0.7562
RPG_RT/BattleCharSet/SHARP.png,a 16-bit pixel art RPG character sprite sheet,0.3132,funnyguyrpg/CharSet/fg2.png,0.7561
Raw/230_booms.psd,a crude hand-drawn stick-figure comic strip panel,0.3097,funnyguycomics/static/comics/001_the_funny_guy.png,0.7561
Raw/219_low_altitude_combat.png,a crude hand-drawn stick-figure comic strip panel,0.2958,funnyguycomics/static/comics/001_the_funny_guy.png,0.7558
Raw/053_abandoned_schools.psd,a crude hand-drawn stick-figure comic strip panel,0.307,funnyguycomics/static/comics/001_the_funny_guy.png,0.7558
Raw/219_low_altitude_combat.psd,a crude hand-drawn stick-figure comic strip panel,0.2957,funnyguycomics/static/comics/001_the_funny_guy.png,0.7556
Books/FG_JAM_#3.png,a crude hand-drawn stick-figure comic strip panel,0.2975,funnyguycomics/static/comics/001_the_funny_guy.png,0.7553
Raw/203_game_king.png,a crude hand-drawn stick-figure comic strip panel,0.3154,funnyguycomics/static/comics/001_the_funny_guy.png,0.7553
Books/Nawful_#2.png,a crude hand-drawn stick-figure comic strip panel,0.265,funnyguycomics/static/comics/001_the_funny_guy.png,0.7551
Raw/304_arabian_fights.psd,a crude hand-drawn stick-figure comic strip panel,0.3052,funnyguycomics/static/comics/001_the_funny_guy.png,0.7548
Raw/203_game_king.psd,a crude hand-drawn stick-figure comic strip panel,0.3163,funnyguycomics/static/comics/001_the_funny_guy.png,0.7545
RPG_RT/ChipSet/ship.png,a 16-bit pixel art RPG character sprite sheet,0.239,funnyguyrpg/CharSet/FG-GrayCharas.png,0.7544
RPG_RT/Monster/bit.png,a 16-bit pixel art RPG character sprite sheet,0.2622,funnyguyrpg/CharSet/FG-GrayCharas.png,0.7543
Raw/188_toasted_ketchup.psd,a crude hand-drawn stick-figure comic strip panel,0.3071,funnyguycomics/static/comics/001_the_funny_guy.png,0.7543
Raw/304_arabian_fights.png,a crude hand-drawn stick-figure comic strip panel,0.3037,funnyguycomics/static/comics/001_the_funny_guy.png,0.7539
Raw/024_koven.png,a crude hand-drawn stick-figure comic strip panel,0.3098,funnyguycomics/static/comics/001_the_funny_guy.png,0.7538
Raw/231_area_51.png,a crude hand-drawn stick-figure comic strip panel,0.2989,funnyguycomics/static/comics/001_the_funny_guy.png,0.7537
Raw/231_area_51.psd,a crude hand-drawn stick-figure comic strip panel,0.2977,funnyguycomics/static/comics/001_the_funny_guy.png,0.7537
Raw/283_ever_grande_metropolis.png,a crude hand-drawn stick-figure comic strip panel,0.3012,funnyguycomics/static/comics/001_the_funny_guy.png,0.7535
Raw/192_7.psd,a crude hand-drawn stick-figure comic strip panel,0.2963,funnyguycomics/static/comics/001_the_funny_guy.png,0.7535
RPG_RT/Battle/whip1.png,a digital painting or illustration,0.2411,funnyguyrpg/FaceSet/fgs.png,0.7534
Raw/031_fungus_force_field.png,a crude hand-drawn stick-figure comic strip panel,0.3197,funnyguycomics/static/comics/001_the_funny_guy.png,0.7534
Raw/283_ever_grande_metropolis.psd,a crude hand-drawn stick-figure comic strip panel,0.3012,funnyguycomics/static/comics/001_the_funny_guy.png,0.7534
RPG_RT/CharSet/FX-Portal-04.png,a 16-bit pixel art RPG character sprite sheet,0.2746,funnyguyrpg/FaceSet/fgs.png,0.7532
Funny Guy Sketches (3)2025_04_22_0054.png,a crude hand-drawn stick-figure comic strip panel,0.2588,funnyguycomics/static/comics/001_the_funny_guy.png,0.7531
Raw/024_koven.psd,a crude hand-drawn stick-figure comic strip panel,0.309,funnyguycomics/static/comics/001_the_funny_guy.png,0.7531
Raw/031_fungus_force_field.psd,a crude hand-drawn stick-figure comic strip panel,0.3183,funnyguycomics/static/comics/001_the_funny_guy.png,0.7529
Books/AOTD_#12.png,a crude hand-drawn stick-figure comic strip panel,0.2816,funnyguycomics/static/comics/001_the_funny_guy.png,0.7528
Raw/192_attack_of_the_drones_pg9.psd,a crude hand-drawn stick-figure comic strip panel,0.2981,funnyguycomics/static/comics/001_the_funny_guy.png,0.7525
parchmentish.psd,"an unrelated photograph, like a product or real-world object",0.2527,funnyguyrpg/CharSet/fg2.png,0.7524
RPG_RT/Battle/spear1.png,a 16-bit pixel art RPG character sprite sheet,0.2429,funnyguyrpg/CharSet/fg2.png,0.7523
Books/XmasCarol_#3.png,a crude hand-drawn stick-figure comic strip panel,0.3041,funnyguycomics/static/comics/001_the_funny_guy.png,0.7522
Books/Kare Bear War/karebear8.bmp,a crude hand-drawn stick-figure comic strip panel,0.2692,funnyguycomics/static/comics/001_the_funny_guy.png,0.7518
Raw/143_space_mayhem.png,a crude hand-drawn stick-figure comic strip panel,0.3052,funnyguycomics/static/comics/001_the_funny_guy.png,0.7518
Raw/287_barfield.png,a crude hand-drawn stick-figure comic strip panel,0.2975,funnyguycomics/static/comics/001_the_funny_guy.png,0.7518
FG-Funnyland.psd,a 16-bit pixel art RPG character sprite sheet,0.2532,funnyguyrpg/CharSet/FG-GrayCharas.png,0.7517
Raw/143_space_mayhem.psd,a crude hand-drawn stick-figure comic strip panel,0.3043,funnyguycomics/static/comics/001_the_funny_guy.png,0.7514
Raw/234_the_last_straw.png,a crude hand-drawn stick-figure comic strip panel,0.2961,funnyguycomics/static/comics/001_the_funny_guy.png,0.7512
tfgc192_sketch.jpg,a crude hand-drawn stick-figure comic strip panel,0.298,funnyguycomics/static/comics/001_the_funny_guy.png,0.7508
Raw/028_crushed.psd,a crude hand-drawn stick-figure comic strip panel,0.3242,funnyguycomics/static/comics/001_the_funny_guy.png,0.7508
Raw/280_chugathon.psd,a crude hand-drawn stick-figure comic strip panel,0.2983,funnyguycomics/static/comics/001_the_funny_guy.png,0.7507
Sketches (Batch 2)2025_04_22_0051.png,a 16-bit pixel art RPG character sprite sheet,0.2482,funnyguyrpg/CharSet/FG-GrayCharas.png,0.7504
Gritz.PNG,a crude hand-drawn stick-figure comic strip panel,0.2938,funnyguycomics/static/comics/001_the_funny_guy.png,0.7501
Raw/192_attack_of_the_drones_pg9.png,a crude hand-drawn stick-figure comic strip panel,0.2984,funnyguycomics/static/comics/001_the_funny_guy.png,0.7501
Books/XmasCarol_#1.png,a crude hand-drawn stick-figure comic strip panel,0.2778,funnyguycomics/static/comics/001_the_funny_guy.png,0.7499
"Scan307, March 07, 2005.gif",a crude hand-drawn stick-figure comic strip panel,0.2698,funnyguycomics/static/comics/001_the_funny_guy.png,0.7498
"Scans/Scan307, March 07, 2005.gif",a crude hand-drawn stick-figure comic strip panel,0.2698,funnyguycomics/static/comics/001_the_funny_guy.png,0.7498
Raw/286_the_power_of_cheese.png,a crude hand-drawn stick-figure comic strip panel,0.2876,funnyguycomics/static/comics/001_the_funny_guy.png,0.7496
Raw/134_the_blubber_beast.png,a crude hand-drawn stick-figure comic strip panel,0.3044,funnyguycomics/static/comics/001_the_funny_guy.png,0.7495
Raw/234_the_last_straw.psd,a crude hand-drawn stick-figure comic strip panel,0.2943,funnyguycomics/static/comics/001_the_funny_guy.png,0.7495
RPG_RT/Battle/DH-MegaCross.png,a 16-bit pixel art RPG character sprite sheet,0.257,funnyguyrpg/CharSet/fg2.png,0.7493
Raw/193_telethon.png,a crude hand-drawn stick-figure comic strip panel,0.3029,funnyguycomics/static/comics/001_the_funny_guy.png,0.7492
Sketches (Batch 2)2025_04_22_0052.png,a crude hand-drawn stick-figure comic strip panel,0.2501,funnyguycomics/static/comics/001_the_funny_guy.png,0.749
Raw/227_bug_boys_barrage.psd,a crude hand-drawn stick-figure comic strip panel,0.2993,funnyguycomics/static/comics/001_the_funny_guy.png,0.749
Funny Guy Sketches (3)2025_04_22_0060.png,a crude hand-drawn stick-figure comic strip panel,0.2782,funnyguycomics/static/comics/001_the_funny_guy.png,0.7489
RPG_RT/Panorama/sky1.png,a 16-bit pixel art RPG character sprite sheet,0.2498,funnyguyrpg/CharSet/fg2.png,0.7489
Raw/258_care_bear_clubs.png,a crude hand-drawn stick-figure comic strip panel,0.2981,funnyguycomics/static/comics/001_the_funny_guy.png,0.7487
Raw/280_chugathon.png,a crude hand-drawn stick-figure comic strip panel,0.2975,funnyguycomics/static/comics/001_the_funny_guy.png,0.7487
Raw/175_an_fg_christmas_carol_pg1.png,a crude hand-drawn stick-figure comic strip panel,0.3113,funnyguycomics/static/comics/001_the_funny_guy.png,0.7485
Raw/287_barfield.psd,a crude hand-drawn stick-figure comic strip panel,0.297,funnyguycomics/static/comics/001_the_funny_guy.png,0.7483
"Scan301, March 07, 2005.gif",a scanned page of handwritten or typed text,0.2648,funnyguycomics/static/comics/001_the_funny_guy.png,0.7482
"Scans/Scan301, March 07, 2005.gif",a scanned page of handwritten or typed text,0.2648,funnyguycomics/static/comics/001_the_funny_guy.png,0.7482
Raw/171_updates_are_available.png,a crude hand-drawn stick-figure comic strip panel,0.2861,funnyguycomics/static/comics/001_the_funny_guy.png,0.748
RPG_RT/Battle/DH-IceBoltCureNoneMagic.png,a 16-bit pixel art RPG character sprite sheet,0.2718,funnyguyrpg/CharSet/fg2.png,0.7479
Raw/192_1.psd,a crude hand-drawn stick-figure comic strip panel,0.3046,funnyguycomics/static/comics/001_the_funny_guy.png,0.7479
Raw/290_preparation.png,a crude hand-drawn stick-figure comic strip panel,0.2898,funnyguycomics/static/comics/001_the_funny_guy.png,0.7477
"Scan296, March 07, 2005.gif",a crude hand-drawn stick-figure comic strip panel,0.2606,funnyguycomics/static/comics/001_the_funny_guy.png,0.7477
"Scans/Scan296, March 07, 2005.gif",a crude hand-drawn stick-figure comic strip panel,0.2606,funnyguycomics/static/comics/001_the_funny_guy.png,0.7477
Raw/171_updates_are_available.psd,a crude hand-drawn stick-figure comic strip panel,0.2872,funnyguycomics/static/comics/001_the_funny_guy.png,0.7477
RPG_RT/Battle/ice2.png,a 16-bit pixel art RPG character sprite sheet,0.2171,funnyguyrpg/CharSet/fg2.png,0.7475
Raw/265_meatloaf_crunch.png,a crude hand-drawn stick-figure comic strip panel,0.2983,funnyguycomics/static/comics/001_the_funny_guy.png,0.7474
Raw/134_the_blubber_beast.psd,a crude hand-drawn stick-figure comic strip panel,0.303,funnyguycomics/static/comics/001_the_funny_guy.png,0.7474
Raw/286_the_power_of_cheese.psd,a crude hand-drawn stick-figure comic strip panel,0.2868,funnyguycomics/static/comics/001_the_funny_guy.png,0.7473
Raw/193_telethon.psd,a crude hand-drawn stick-figure comic strip panel,0.3024,funnyguycomics/static/comics/001_the_funny_guy.png,0.7472
Books/AOTD_#3.png,a crude hand-drawn stick-figure comic strip panel,0.2886,funnyguycomics/static/comics/001_the_funny_guy.png,0.747
Books/XmasCarol_#4.png,a crude hand-drawn stick-figure comic strip panel,0.2847,funnyguycomics/static/comics/001_the_funny_guy.png,0.7467
RPG_RT/BattleCharSet/TIMET.png,a 16-bit pixel art RPG character sprite sheet,0.3053,funnyguyrpg/CharSet/FG-GrayCharas.png,0.7467
RPG_RT/Battle/absorb1.png,a 16-bit pixel art RPG character sprite sheet,0.2443,funnyguyrpg/CharSet/fg2.png,0.7465
Raw/265_meatloaf_crunch.psd,a crude hand-drawn stick-figure comic strip panel,0.2976,funnyguycomics/static/comics/001_the_funny_guy.png,0.7465
RPG_RT/Battle/E-M Pulse.png,a 16-bit pixel art RPG character sprite sheet,0.2662,funnyguyrpg/CharSet/fg2.png,0.7464
Raw/227_bug_boys_barrage.png,a crude hand-drawn stick-figure comic strip panel,0.3001,funnyguycomics/static/comics/001_the_funny_guy.png,0.7464
RPG_RT/BattleCharSet/TARGET.png,a 16-bit pixel art RPG character sprite sheet,0.3091,funnyguyrpg/CharSet/FG-GrayCharas.png,0.7463
Raw/156_spaghetti_confetti.png,a crude hand-drawn stick-figure comic strip panel,0.312,funnyguycomics/static/comics/001_the_funny_guy.png,0.7462
Raw/175_an_fg_christmas_carol_pg1.psd,a crude hand-drawn stick-figure comic strip panel,0.3117,funnyguycomics/static/comics/001_the_funny_guy.png,0.7461
Raw/169_star_warz.psd,a crude hand-drawn stick-figure comic strip panel,0.3063,funnyguycomics/static/comics/001_the_funny_guy.png,0.746
RPG_RT/ChipSet/chipset6b.png,a 16-bit pixel art RPG character sprite sheet,0.2487,funnyguyrpg/CharSet/FG-GrayCharas.png,0.7458
RPG_RT/Monster/MINI-MI.png,a 16-bit pixel art RPG character sprite sheet,0.2644,funnyguyrpg/CharSet/fg2.png,0.7457
Raw/258_care_bear_clubs.psd,a crude hand-drawn stick-figure comic strip panel,0.2977,funnyguycomics/static/comics/001_the_funny_guy.png,0.7457
Books/AOTD_#11.png,a crude hand-drawn stick-figure comic strip panel,0.2867,funnyguycomics/static/comics/001_the_funny_guy.png,0.7456
RPG_RT/Battle/earth1.png,a 16-bit pixel art RPG character sprite sheet,0.2513,funnyguyrpg/CharSet/FG-GrayCharas.png,0.7455
RPG_RT/Battle/claw1.png,a logo or user-interface graphic design,0.2477,funnyguyrpg/CharSet/fg2.png,0.7453
RPG_RT/ChipSet/DH-Castle&Fort.png,a 16-bit pixel art RPG character sprite sheet,0.2542,funnyguyrpg/CharSet/FG-GrayCharas.png,0.7452
RPG_RT/ChipSet/17348_1164134854.png,a 16-bit pixel art RPG character sprite sheet,0.2192,funnyguyrpg/CharSet/FG-GrayCharas.png,0.7449
RPG_RT/ChipSet/TEST-city.png,a 16-bit pixel art RPG character sprite sheet,0.2192,funnyguyrpg/CharSet/FG-GrayCharas.png,0.7449
Raw/169_star_warz.png,a crude hand-drawn stick-figure comic strip panel,0.3074,funnyguycomics/static/comics/001_the_funny_guy.png,0.7448
Raw/263_kicked_in_the_face.png,a crude hand-drawn stick-figure comic strip panel,0.2919,funnyguycomics/static/comics/001_the_funny_guy.png,0.7447
RPG_RT/ChipSet/chipset9.png,a 16-bit pixel art RPG character sprite sheet,0.2662,funnyguyrpg/CharSet/FG-GrayCharas.png,0.7446
RPG_RT/Battle/Cross1.png,a digital painting or illustration,0.2394,funnyguyrpg/FaceSet/fgs.png,0.7445
RPG_RT/ChipSet/Ancient.png,a 16-bit pixel art RPG character sprite sheet,0.2518,funnyguyrpg/CharSet/FG-GrayCharas.png,0.7445
tfgc243_sketch.jpg,a crude hand-drawn stick-figure comic strip panel,0.285,funnyguycomics/static/comics/001_the_funny_guy.png,0.7443
RPG_RT/ChipSet/FG-Temple.png,a 16-bit pixel art RPG character sprite sheet,0.2265,funnyguyrpg/CharSet/FG-GrayCharas.png,0.7439
RPG_RT/Battle/sword1.png,a 16-bit pixel art RPG character sprite sheet,0.2426,funnyguyrpg/CharSet/fg2.png,0.7438
Raw/192_attack_of_the_drones_pg1.png,a crude hand-drawn stick-figure comic strip panel,0.2978,funnyguycomics/static/comics/001_the_funny_guy.png,0.7438
Raw/192_attack_of_the_drones_pg1.psd,a crude hand-drawn stick-figure comic strip panel,0.2982,funnyguycomics/static/comics/001_the_funny_guy.png,0.7437
Raw/290_preparation.psd,a crude hand-drawn stick-figure comic strip panel,0.2881,funnyguycomics/static/comics/001_the_funny_guy.png,0.7436
RPG_RT/Battle/axe1.png,a digital painting or illustration,0.2551,funnyguyrpg/CharSet/fg2.png,0.7435
Raw/263_kicked_in_the_face.psd,a crude hand-drawn stick-figure comic strip panel,0.2906,funnyguycomics/static/comics/001_the_funny_guy.png,0.7435
RPG_RT/BattleCharSet/OLYMP.png,a 16-bit pixel art RPG character sprite sheet,0.3138,funnyguyrpg/CharSet/FG-GrayCharas.png,0.7432
"Books/Scan278, March 07, 2005.gif",a crude hand-drawn stick-figure comic strip panel,0.2726,funnyguycomics/static/comics/001_the_funny_guy.png,0.7425
Funny Guy Facebook Profile Pic.png,a crude hand-drawn stick-figure comic strip panel,0.3107,funnyguyrpg/FaceSet/fgs.png,0.7421
Funny Guy Facebook Profile Pic.psd,a crude hand-drawn stick-figure comic strip panel,0.3107,funnyguyrpg/FaceSet/fgs.png,0.7421
RPG_RT/Battle/breath1.png,a 16-bit pixel art RPG character sprite sheet,0.2539,funnyguyrpg/CharSet/FG-GrayCharas.png,0.7418
Raw/157_mayhem_in_funnytown_ii.png,a crude hand-drawn stick-figure comic strip panel,0.3037,funnyguycomics/static/comics/001_the_funny_guy.png,0.7417
Raw/156_spaghetti_confetti.psd,a crude hand-drawn stick-figure comic strip panel,0.3107,funnyguycomics/static/comics/001_the_funny_guy.png,0.7415
Raw/157_mayhem_in_funnytown_ii.psd,a crude hand-drawn stick-figure comic strip panel,0.3049,funnyguycomics/static/comics/001_the_funny_guy.png,0.7413
Raw/272_randomness.png,a crude hand-drawn stick-figure comic strip panel,0.2968,funnyguycomics/static/comics/001_the_funny_guy.png,0.7411
Books/XmasCarol_#2.png,a crude hand-drawn stick-figure comic strip panel,0.281,funnyguycomics/static/comics/001_the_funny_guy.png,0.7408
Books/Nawful_#8.png,a crude hand-drawn stick-figure comic strip panel,0.2622,funnyguycomics/static/comics/001_the_funny_guy.png,0.7406
Raw/117_announcement_ii.psd,a crude hand-drawn stick-figure comic strip panel,0.2904,funnyguycomics/static/comics/001_the_funny_guy.png,0.7405
RPG_RT/BattleCharSet/FG.png,a 16-bit pixel art RPG character sprite sheet,0.312,funnyguyrpg/CharSet/FG-GrayCharas.png,0.74
RPG_RT/Backdrop/FG-Cave.png,a 16-bit pixel art RPG character sprite sheet,0.2282,funnyguyrpg/CharSet/FG-GrayCharas.png,0.7398
Raw/192_attack_of_the_drones_pg7.png,a crude hand-drawn stick-figure comic strip panel,0.29,funnyguycomics/static/comics/001_the_funny_guy.png,0.7398
RPG_RT/Battle/blue_flame.png,a 16-bit pixel art RPG character sprite sheet,0.2443,funnyguyrpg/CharSet/fg2.png,0.7397
"Books/Scan276, March 07, 2005.gif",a crude hand-drawn stick-figure comic strip panel,0.2615,funnyguycomics/static/comics/001_the_funny_guy.png,0.7393
RPG_RT/Battle/Meteor.png,a 16-bit pixel art RPG character sprite sheet,0.2816,funnyguyrpg/CharSet/FG-GrayCharas.png,0.7393
"Scan293, March 07, 2005.gif",a crude hand-drawn stick-figure comic strip panel,0.2758,funnyguycomics/static/comics/001_the_funny_guy.png,0.7392
"Scans/Scan293, March 07, 2005.gif",a crude hand-drawn stick-figure comic strip panel,0.2758,funnyguycomics/static/comics/001_the_funny_guy.png,0.7392
Sketches (Batch 2)2025_04_22_0041.png,a scanned page of handwritten or typed text,0.2597,funnyguycomics/static/comics/001_the_funny_guy.png,0.7389
Raw/272_randomness.psd,a crude hand-drawn stick-figure comic strip panel,0.2966,funnyguycomics/static/comics/001_the_funny_guy.png,0.7389
Raw/192_attack_of_the_drones_pg7.psd,a crude hand-drawn stick-figure comic strip panel,0.2905,funnyguycomics/static/comics/001_the_funny_guy.png,0.7383
Scan0035.jpg,a scanned page of handwritten or typed text,0.2784,funnyguycomics/static/comics/001_the_funny_guy.png,0.7382
Raw/071_the_battle.psd,a crude hand-drawn stick-figure comic strip panel,0.3166,funnyguycomics/static/comics/001_the_funny_guy.png,0.7382
RPG_RT/Monster/Statue.png,a 16-bit pixel art RPG character sprite sheet,0.268,funnyguyrpg/CharSet/FG-GrayCharas.png,0.7379
Raw/021_dna.png,a crude hand-drawn stick-figure comic strip panel,0.303,funnyguycomics/static/comics/001_the_funny_guy.png,0.7376
Raw/117_announcement_ii.png,a crude hand-drawn stick-figure comic strip panel,0.289,funnyguycomics/static/comics/001_the_funny_guy.png,0.7376
Raw/018_cheap_choppers_2.png,a crude hand-drawn stick-figure comic strip panel,0.2934,funnyguycomics/static/comics/001_the_funny_guy.png,0.7374
Raw/018_cheap_choppers_2.psd,a crude hand-drawn stick-figure comic strip panel,0.2916,funnyguycomics/static/comics/001_the_funny_guy.png,0.7374
Raw/175_5.psd,a crude hand-drawn stick-figure comic strip panel,0.3218,funnyguycomics/static/comics/001_the_funny_guy.png,0.7374
RPG_RT/CharSet/FX-Sparkle-12.png,a 16-bit pixel art RPG character sprite sheet,0.2795,funnyguyrpg/CharSet/FG-GrayCharas.png,0.7372
RPG_RT/Monster/FF2Jelly(UltimateMaxim).png,a 16-bit pixel art RPG character sprite sheet,0.2422,funnyguyrpg/FaceSet/fgs.png,0.7372
"Scan189, March 07, 2005.gif",a crude hand-drawn stick-figure comic strip panel,0.2665,funnyguycomics/static/comics/001_the_funny_guy.png,0.7371
"Scans/Scan189, March 07, 2005.gif",a crude hand-drawn stick-figure comic strip panel,0.2665,funnyguycomics/static/comics/001_the_funny_guy.png,0.7371
JBond.PNG,a crude hand-drawn stick-figure comic strip panel,0.2697,funnyguycomics/static/comics/001_the_funny_guy.png,0.737
RPG_RT/Monster/FF2Deadhead(UltimateMaxim).png,a 16-bit pixel art RPG character sprite sheet,0.2598,funnyguyrpg/CharSet/FG-GrayCharas.png,0.737
RPG_RT/ChipSet/Wilderness-Swamp-01.png,a 16-bit pixel art RPG character sprite sheet,0.2338,funnyguyrpg/CharSet/FG-GrayCharas.png,0.7369
RPG_RT/Battle/shadowstrike.png,a 16-bit pixel art RPG character sprite sheet,0.2538,funnyguyrpg/CharSet/FG-GrayCharas.png,0.7366
Image (22).png,a scanned page of handwritten or typed text,0.3004,funnyguycomics/static/comics/001_the_funny_guy.png,0.7363
RPG_RT/Battle/paralyze1.png,a 16-bit pixel art RPG character sprite sheet,0.2882,funnyguyrpg/CharSet/FG-GrayCharas.png,0.7362
Books/Kare Bear War/karebear2.bmp,a crude hand-drawn stick-figure comic strip panel,0.2952,funnyguycomics/static/comics/001_the_funny_guy.png,0.7361
Raw/071_the_battle.png,a crude hand-drawn stick-figure comic strip panel,0.318,funnyguycomics/static/comics/001_the_funny_guy.png,0.7359
RPG_RT/Monster/Kendra.png,a 16-bit pixel art RPG character sprite sheet,0.2743,funnyguyrpg/CharSet/FG-GrayCharas.png,0.7357
RPG_RT/ChipSet/7489_1112024834.png,a 16-bit pixel art RPG character sprite sheet,0.2481,funnyguyrpg/CharSet/FG-GrayCharas.png,0.7355
RPG_RT/Backdrop/dungeon1.png,a digital painting or illustration,0.2486,funnyguyrpg/CharSet/FG-GrayCharas.png,0.7354
Sketches (Batch 2)2025_04_22_0002.png,a scanned page of handwritten or typed text,0.2795,funnyguyrpg/CharSet/fg2.png,0.7354
RPG_RT/ChipSet/WildArms_dungeon2.png,a 16-bit pixel art RPG character sprite sheet,0.2574,funnyguyrpg/CharSet/FG-GrayCharas.png,0.7353
Art/mrit.PNG,a crude hand-drawn stick-figure comic strip panel,0.2901,funnyguycomics/static/comics/001_the_funny_guy.png,0.7351
RPG_RT/ChipSet/DH-Vivica.png,a 16-bit pixel art RPG character sprite sheet,0.2546,funnyguyrpg/CharSet/FG-GrayCharas.png,0.7351
Raw/175_2.psd,a crude hand-drawn stick-figure comic strip panel,0.3076,funnyguycomics/static/comics/001_the_funny_guy.png,0.735
Books/AOTD_#1.png,a crude hand-drawn stick-figure comic strip panel,0.286,funnyguycomics/static/comics/001_the_funny_guy.png,0.7348
RPG_RT/ChipSet/DesertVillage.png,a 16-bit pixel art RPG character sprite sheet,0.2538,funnyguyrpg/CharSet/FG-GrayCharas.png,0.7348
FGComics_1.jpg,a crude hand-drawn stick-figure comic strip panel,0.2844,funnyguycomics/static/comics/001_the_funny_guy.png,0.7345
RPG_RT/Battle/revive1.png,a digital painting or illustration,0.2336,funnyguyrpg/CharSet/fg2.png,0.734
FGRPG BattleChar Template.bmp,a 16-bit pixel art RPG character sprite sheet,0.3004,funnyguyrpg/CharSet/FG-GrayCharas.png,0.7337
Books/FG_JAM_#4(pg2).png,a crude hand-drawn stick-figure comic strip panel,0.2853,funnyguycomics/static/comics/001_the_funny_guy.png,0.7336
Books/Nawful_#4.png,a crude hand-drawn stick-figure comic strip panel,0.2838,funnyguycomics/static/comics/001_the_funny_guy.png,0.7336
Sketches (Batch 2)2025_04_22_0037.png,a crude hand-drawn stick-figure comic strip panel,0.261,funnyguycomics/static/comics/001_the_funny_guy.png,0.7334
Raw/021_dna.psd,a crude hand-drawn stick-figure comic strip panel,0.3,funnyguycomics/static/comics/001_the_funny_guy.png,0.7334
Raw/248_space_mechs_pg2.psd,a crude hand-drawn stick-figure comic strip panel,0.2545,funnyguycomics/static/comics/001_the_funny_guy.png,0.7334
RPG_RT/Monster/spforces.png,a 16-bit pixel art RPG character sprite sheet,0.296,funnyguyrpg/CharSet/FG-GrayCharas.png,0.7331
RPG_RT/ChipSet/building.png,a 16-bit pixel art RPG character sprite sheet,0.2488,funnyguyrpg/CharSet/FG-GrayCharas.png,0.733
Raw/187_mine_cart_insanity.png,a crude hand-drawn stick-figure comic strip panel,0.3026,funnyguycomics/static/comics/001_the_funny_guy.png,0.7329
RPG_RT/Battle/strike.png,a 16-bit pixel art RPG character sprite sheet,0.2578,funnyguyrpg/FaceSet/fgs.png,0.7325
Books/FG_JAM_#4.png,a crude hand-drawn stick-figure comic strip panel,0.2808,funnyguycomics/static/comics/001_the_funny_guy.png,0.7324
RPG_RT/Monster/KOVEN.png,a 16-bit pixel art RPG character sprite sheet,0.26,funnyguyrpg/CharSet/fg2.png,0.7324
Raw/187_mine_cart_insanity.psd,a crude hand-drawn stick-figure comic strip panel,0.3007,funnyguycomics/static/comics/001_the_funny_guy.png,0.7321
Raw/248_space_mechs_pg2.png,a crude hand-drawn stick-figure comic strip panel,0.2593,funnyguycomics/static/comics/001_the_funny_guy.png,0.732
RPG_RT/ChipSet/desert.png,a 16-bit pixel art RPG character sprite sheet,0.247,funnyguyrpg/CharSet/FG-GrayCharas.png,0.7318
Sketches (Batch 2)2025_04_22_0009.png,a crude hand-drawn stick-figure comic strip panel,0.2449,funnyguycomics/static/comics/001_the_funny_guy.png,0.7315
i-hCgs8pG-L.jpg,a crude hand-drawn stick-figure comic strip panel,0.226,funnyguycomics/static/comics/001_the_funny_guy.png,0.7314
Books/Kare Bear War/karebear6.bmp,a scanned page of handwritten or typed text,0.2741,funnyguycomics/static/comics/001_the_funny_guy.png,0.731
RPG_RT/ChipSet/Casino.png,a 16-bit pixel art RPG character sprite sheet,0.2496,funnyguyrpg/CharSet/FG-GrayCharas.png,0.7309
RPG_RT/ChipSet/main_trees.png,a 16-bit pixel art RPG character sprite sheet,0.2405,funnyguyrpg/CharSet/FG-GrayCharas.png,0.7309
FG-Casino.psd,a 16-bit pixel art RPG character sprite sheet,0.2496,funnyguyrpg/CharSet/FG-GrayCharas.png,0.7309
main_trees.psd,a 16-bit pixel art RPG character sprite sheet,0.2403,funnyguyrpg/CharSet/FG-GrayCharas.png,0.7309
RPG_RT/Battle/Sword hit.png,a crude hand-drawn stick-figure comic strip panel,0.2423,funnyguyrpg/FaceSet/fgs.png,0.7306
RPG_RT/Monster/MRIT.png,a 16-bit pixel art RPG character sprite sheet,0.2668,funnyguyrpg/CharSet/fg2.png,0.7306
Raw/023_coconuts.png,a crude hand-drawn stick-figure comic strip panel,0.2901,funnyguycomics/static/comics/001_the_funny_guy.png,0.7305
Books/AOTD_backcover.png,a crude hand-drawn stick-figure comic strip panel,0.2622,funnyguycomics/static/comics/001_the_funny_guy.png,0.7303
Raw/246_wasp_war.png,a crude hand-drawn stick-figure comic strip panel,0.2871,funnyguycomics/static/comics/001_the_funny_guy.png,0.7303
RPG_RT/Battle/explode1.png,a 16-bit pixel art RPG character sprite sheet,0.2451,funnyguyrpg/CharSet/FG-GrayCharas.png,0.7298
RPG_RT/ChipSet/town.png,a 16-bit pixel art RPG character sprite sheet,0.2424,funnyguyrpg/CharSet/FG-GrayCharas.png,0.7295
Sketches (Batch 2)2025_04_22_0045.png,a digital painting or illustration,0.2451,funnyguyrpg/CharSet/fg2.png,0.7295
Raw/246_wasp_war.psd,a crude hand-drawn stick-figure comic strip panel,0.2882,funnyguycomics/static/comics/001_the_funny_guy.png,0.7293
fg_cryptic.psd,a crude hand-drawn stick-figure comic strip panel,0.2599,funnyguyrpg/FaceSet/fgs.png,0.7293
Sketches (Batch 2)2025_04_22_0007.png,a crude hand-drawn stick-figure comic strip panel,0.2809,funnyguycomics/static/comics/001_the_funny_guy.png,0.7292
Sketches (Batch 2)2025_04_22_0055.png,a crude hand-drawn stick-figure comic strip panel,0.2582,funnyguyrpg/FaceSet/fgs.png,0.7292
Raw/192_2.psd,a crude hand-drawn stick-figure comic strip panel,0.2962,funnyguycomics/static/comics/001_the_funny_guy.png,0.7289
Books/AOTD_#9.png,a crude hand-drawn stick-figure comic strip panel,0.2739,funnyguycomics/static/comics/001_the_funny_guy.png,0.7286
"Scan190, March 07, 2005.gif",a crude hand-drawn stick-figure comic strip panel,0.2606,funnyguycomics/static/comics/001_the_funny_guy.png,0.7286
"Scans/Scan190, March 07, 2005.gif",a crude hand-drawn stick-figure comic strip panel,0.2606,funnyguycomics/static/comics/001_the_funny_guy.png,0.7286
RPG_RT/Battle/holy1.png,a logo or user-interface graphic design,0.2365,funnyguyrpg/FaceSet/fgs.png,0.7284
Pikachu.png,a 16-bit pixel art RPG character sprite sheet,0.2993,funnyguyrpg/CharSet/fg2.png,0.7283
RPG_RT/Battle/Power Geyser.png,"an unrelated photograph, like a product or real-world object",0.2294,funnyguyrpg/CharSet/fg2.png,0.7282
RPG_RT/ChipSet/add-on_5.png,a 16-bit pixel art RPG character sprite sheet,0.2662,funnyguyrpg/CharSet/FG-GrayCharas.png,0.7281
Sketches (Batch 2)2025_04_22_0042.png,a pencil or pen sketch of a cartoon character,0.26,funnyguycomics/static/comics/001_the_funny_guy.png,0.7279
RPG_RT/ChipSet/darktown.png,a 16-bit pixel art RPG character sprite sheet,0.2348,funnyguyrpg/CharSet/FG-GrayCharas.png,0.7278
Streetfighter.PNG,a crude hand-drawn stick-figure comic strip panel,0.2746,funnyguyrpg/FaceSet/fgs.png,0.7278
RPG_RT/Monster/Sahagin Prince.png,a 16-bit pixel art RPG character sprite sheet,0.2831,funnyguyrpg/CharSet/FG-GrayCharas.png,0.7276
"Scan291, March 07, 2005.gif",a crude hand-drawn stick-figure comic strip panel,0.2696,funnyguycomics/static/comics/001_the_funny_guy.png,0.7276
"Scans/Scan291, March 07, 2005.gif",a crude hand-drawn stick-figure comic strip panel,0.2696,funnyguycomics/static/comics/001_the_funny_guy.png,0.7276
GRID.psd,"an unrelated photograph, like a product or real-world object",0.2321,funnyguyrpg/CharSet/fg2.png,0.7276
Raw/282_rambulls.psd,a crude hand-drawn stick-figure comic strip panel,0.2638,funnyguycomics/static/comics/001_the_funny_guy.png,0.7275
Raw/282_rambulls.png,a crude hand-drawn stick-figure comic strip panel,0.2635,funnyguycomics/static/comics/001_the_funny_guy.png,0.7272
Sketches2025_04_22_0013.png,a scanned page of handwritten or typed text,0.2553,funnyguycomics/static/comics/001_the_funny_guy.png,0.7272
Books/Kare Bear War/karebear3.bmp,a crude hand-drawn stick-figure comic strip panel,0.2934,funnyguycomics/static/comics/001_the_funny_guy.png,0.727
RPG_RT/Battle/fire2.png,a 16-bit pixel art RPG character sprite sheet,0.2928,funnyguyrpg/CharSet/fg2.png,0.727
RPG_RT/Monster/REPAIRMAN.png,a 16-bit pixel art RPG character sprite sheet,0.2734,funnyguyrpg/CharSet/fg2.png,0.727
Raw/244_me_want_honeycomb.png,a crude hand-drawn stick-figure comic strip panel,0.2939,funnyguycomics/static/comics/001_the_funny_guy.png,0.7269
nawful new footer.psd,a digital painting or illustration,0.2379,funnyguyrpg/FaceSet/fgs.png,0.7269
RPG_RT/Monster/Troll.png,a 16-bit pixel art RPG character sprite sheet,0.2869,funnyguyrpg/CharSet/FG-GrayCharas.png,0.7268
Books/Anti-Drug Campaign - Funny Guy Comics (1).jpg,a crude hand-drawn stick-figure comic strip panel,0.2697,funnyguycomics/static/comics/001_the_funny_guy.png,0.7266
RPG_RT/CharSet/FX-Portal-02.png,a 16-bit pixel art RPG character sprite sheet,0.2448,funnyguyrpg/FaceSet/fgs.png,0.7266
Funny Guy Sketches (3)2025_04_22_0059.png,a crude hand-drawn stick-figure comic strip panel,0.2744,funnyguycomics/static/comics/001_the_funny_guy.png,0.7263
RPG_RT/ChipSet/urbanworld.png,a 16-bit pixel art RPG character sprite sheet,0.2574,funnyguyrpg/CharSet/FG-GrayCharas.png,0.7262
RPG_RT/Battle/fire3.png,a 16-bit pixel art RPG character sprite sheet,0.2671,funnyguyrpg/FaceSet/fgs.png,0.7261
fgcomix081_Submergin_drawing.psd,a crude hand-drawn stick-figure comic strip panel,0.2648,funnyguycomics/static/comics/001_the_funny_guy.png,0.7261
FG-Town_Inside.psd,a 16-bit pixel art RPG character sprite sheet,0.2431,funnyguyrpg/CharSet/FG-GrayCharas.png,0.726
RPG_RT/ChipSet/26900_1166584970.png,a 16-bit pixel art RPG character sprite sheet,0.2445,funnyguyrpg/CharSet/FG-GrayCharas.png,0.7257
Raw/244_me_want_honeycomb.psd,a crude hand-drawn stick-figure comic strip panel,0.2924,funnyguycomics/static/comics/001_the_funny_guy.png,0.7257
RPG_RT/ChipSet/4656_1085976279.png,a 16-bit pixel art RPG character sprite sheet,0.2388,funnyguyrpg/CharSet/FG-GrayCharas.png,0.7254
Books/Kare Bear War/karebear5.bmp,a crude hand-drawn stick-figure comic strip panel,0.28,funnyguyrpg/CharSet/fg2.png,0.7253
FG-BattleCharSet.psd,a 16-bit pixel art RPG character sprite sheet,0.3103,funnyguyrpg/CharSet/fg2.png,0.7248
FG.psd,a 16-bit pixel art RPG character sprite sheet,0.3103,funnyguyrpg/CharSet/fg2.png,0.7248
Raw/023_coconuts.psd,a crude hand-drawn stick-figure comic strip panel,0.289,funnyguycomics/static/comics/001_the_funny_guy.png,0.7248
Sketches (Batch 2)2025_04_22_0064.png,a logo or user-interface graphic design,0.2541,funnyguyrpg/FaceSet/fgs.png,0.7247
Scans/scan0005.jpg,a logo or user-interface graphic design,0.2684,funnyguyrpg/FaceSet/fgs.png,0.7246
Raw/208_jurassic_park.psd,a crude hand-drawn stick-figure comic strip panel,0.2903,funnyguycomics/static/comics/001_the_funny_guy.png,0.7246
RPG_RT/Backdrop/lunarS.png,a digital painting or illustration,0.2443,funnyguyrpg/CharSet/FG-GrayCharas.png,0.7245
Raw/298_tuo_part_2.png,a crude hand-drawn stick-figure comic strip panel,0.2938,funnyguycomics/static/comics/001_the_funny_guy.png,0.7245
Sketches (Batch 2)2025_04_22_0057.png,a logo or user-interface graphic design,0.2544,funnyguyrpg/FaceSet/fgs.png,0.7242
Sketches2025_04_22_0043.png,a crude hand-drawn stick-figure comic strip panel,0.2807,funnyguycomics/static/comics/001_the_funny_guy.png,0.7241
RPG_RT/Battle/td-ice02.png,a 16-bit pixel art RPG character sprite sheet,0.2483,funnyguyrpg/CharSet/fg2.png,0.7237
Scan0138.jpg,a crude hand-drawn stick-figure comic strip panel,0.2629,funnyguycomics/static/comics/001_the_funny_guy.png,0.7237
RPG_RT/Battle/fire1.png,a 16-bit pixel art RPG character sprite sheet,0.2891,funnyguyrpg/FaceSet/fgs.png,0.7236
Raw/151_dead_last_round.png,a crude hand-drawn stick-figure comic strip panel,0.2981,funnyguycomics/static/comics/001_the_funny_guy.png,0.7235
Raw/200_transform.png,a crude hand-drawn stick-figure comic strip panel,0.2779,funnyguycomics/static/comics/001_the_funny_guy.png,0.7235
Sketches (Batch 2)2025_04_22_0016.png,a pencil or pen sketch of a cartoon character,0.2696,funnyguycomics/static/comics/001_the_funny_guy.png,0.7231
RPG_RT/Battle/claw2.png,a logo or user-interface graphic design,0.2626,funnyguyrpg/CharSet/fg2.png,0.723
Raw/200_transform.psd,a crude hand-drawn stick-figure comic strip panel,0.2774,funnyguycomics/static/comics/001_the_funny_guy.png,0.7229
Raw/298_tuo_part_2.psd,a crude hand-drawn stick-figure comic strip panel,0.2927,funnyguycomics/static/comics/001_the_funny_guy.png,0.7226
Books/Confiscated Repair Man Comic (1).gif,a crude hand-drawn stick-figure comic strip panel,0.2883,funnyguycomics/static/comics/001_the_funny_guy.png,0.7225
Raw/208_jurassic_park.png,a crude hand-drawn stick-figure comic strip panel,0.2891,funnyguycomics/static/comics/001_the_funny_guy.png,0.7225
Books/AOTD_#10.png,a crude hand-drawn stick-figure comic strip panel,0.2791,funnyguycomics/static/comics/001_the_funny_guy.png,0.7224
RPG_RT/Battle/misc2.png,a 16-bit pixel art RPG character sprite sheet,0.238,funnyguyrpg/CharSet/fg2.png,0.7224
RPG_RT/Battle/holy2.png,a logo or user-interface graphic design,0.2594,funnyguyrpg/FaceSet/fgs.png,0.7208
Books/Kare Bear War/karebear7.bmp,a crude hand-drawn stick-figure comic strip panel,0.2568,funnyguyrpg/CharSet/fg2.png,0.7207
Scan.jpg,a crude hand-drawn stick-figure comic strip panel,0.2655,funnyguycomics/static/comics/001_the_funny_guy.png,0.7205
RPG_RT/ChipSet/1422_1057931979.png,a 16-bit pixel art RPG character sprite sheet,0.2416,funnyguyrpg/CharSet/FG-GrayCharas.png,0.7203
RPG_RT/ChipSet/DH-Templeofholies.png,a 16-bit pixel art RPG character sprite sheet,0.2311,funnyguyrpg/CharSet/FG-GrayCharas.png,0.7203
RPG_RT/ChipSet/main.png,a 16-bit pixel art RPG character sprite sheet,0.2403,funnyguyrpg/CharSet/FG-GrayCharas.png,0.7203
Raw/151_dead_last_round.psd,a crude hand-drawn stick-figure comic strip panel,0.2966,funnyguycomics/static/comics/001_the_funny_guy.png,0.7202
nav.psd,a crude hand-drawn stick-figure comic strip panel,0.2952,funnyguycomics/static/comics/001_the_funny_guy.png,0.7202
RPG_RT/Monster/Deep Eyes.png,a 16-bit pixel art RPG character sprite sheet,0.2683,funnyguyrpg/CharSet/FG-GrayCharas.png,0.7199
FGC0008.png,a crude hand-drawn stick-figure comic strip panel,0.292,funnyguycomics/static/comics/001_the_funny_guy.png,0.7196
Raw/054_funny_guy_racing.png,a crude hand-drawn stick-figure comic strip panel,0.297,funnyguycomics/static/comics/001_the_funny_guy.png,0.7196
RPG_RT/Monster/Skeleton.png,a 16-bit pixel art RPG character sprite sheet,0.2931,funnyguyrpg/CharSet/FG-GrayCharas.png,0.7195
Scan0001.jpg,a crude hand-drawn stick-figure comic strip panel,0.2798,funnyguycomics/static/comics/001_the_funny_guy.png,0.7195
Scan0002.jpg,a crude hand-drawn stick-figure comic strip panel,0.2798,funnyguycomics/static/comics/001_the_funny_guy.png,0.7195
Scan0003.jpg,a crude hand-drawn stick-figure comic strip panel,0.2798,funnyguycomics/static/comics/001_the_funny_guy.png,0.7195
Scans/scan0002.jpg,a crude hand-drawn stick-figure comic strip panel,0.2639,funnyguyrpg/CharSet/fg2.png,0.7195
RPG_RT/Monster/Turantula.png,a 16-bit pixel art RPG character sprite sheet,0.2545,funnyguyrpg/CharSet/FG-GrayCharas.png,0.7191
Image (45).jpg,a crude hand-drawn stick-figure comic strip panel,0.2702,funnyguycomics/static/comics/001_the_funny_guy.png,0.719
Raw/175_3.psd,a crude hand-drawn stick-figure comic strip panel,0.3068,funnyguycomics/static/comics/001_the_funny_guy.png,0.7186
FG-BattleSystem.png,a 16-bit pixel art RPG character sprite sheet,0.2523,funnyguyrpg/CharSet/FG-GrayCharas.png,0.7185
RPG_RT/System2/FG-BattleSystem.png,a 16-bit pixel art RPG character sprite sheet,0.2523,funnyguyrpg/CharSet/FG-GrayCharas.png,0.7185
Books/Kare Bear War/karebear4.bmp,a crude hand-drawn stick-figure comic strip panel,0.2787,funnyguycomics/static/comics/001_the_funny_guy.png,0.7184
Image (44).jpg,a crude hand-drawn stick-figure comic strip panel,0.2516,funnyguycomics/static/comics/001_the_funny_guy.png,0.7184
Batch-5.11.jpg,a scanned page of handwritten or typed text,0.274,funnyguycomics/static/comics/001_the_funny_guy.png,0.7183
Scan0029.jpg,a scanned page of handwritten or typed text,0.2903,funnyguycomics/static/comics/001_the_funny_guy.png,0.7182
Books/FG_JAM_#6.png,a crude hand-drawn stick-figure comic strip panel,0.2889,funnyguycomics/static/comics/001_the_funny_guy.png,0.7178
Raw/182_razor_vs_the_snowman.png,a crude hand-drawn stick-figure comic strip panel,0.3046,funnyguycomics/static/comics/001_the_funny_guy.png,0.7178
Raw/182_razor_vs_the_snowman.psd,a crude hand-drawn stick-figure comic strip panel,0.3035,funnyguycomics/static/comics/001_the_funny_guy.png,0.7175
Scan0033.jpg,a scanned page of handwritten or typed text,0.2807,funnyguycomics/static/comics/001_the_funny_guy.png,0.7174
watchmen1_template.jpg,a scanned page of handwritten or typed text,0.27,funnyguyrpg/CharSet/fg2.png,0.7168
Raw/248.psd,a crude hand-drawn stick-figure comic strip panel,0.2922,funnyguycomics/static/comics/001_the_funny_guy.png,0.7168
Image (43).jpg,a pencil or pen sketch of a cartoon character,0.2664,funnyguycomics/static/comics/001_the_funny_guy.png,0.7167
RPG_RT/Monster/MREVIL.png,a 16-bit pixel art RPG character sprite sheet,0.272,funnyguyrpg/CharSet/fg2.png,0.7162
RPG_RT/ChipSet/7446_1082101170.png,a 16-bit pixel art RPG character sprite sheet,0.241,funnyguyrpg/CharSet/FG-GrayCharas.png,0.716
Raw/241_bustin_froot_loops.png,a crude hand-drawn stick-figure comic strip panel,0.2537,funnyguycomics/static/comics/001_the_funny_guy.png,0.7159
Sketches2025_04_22_0011.png,a crude hand-drawn stick-figure comic strip panel,0.2746,funnyguycomics/static/comics/001_the_funny_guy.png,0.7159
Sketches2025_04_22_0005.png,a crude hand-drawn stick-figure comic strip panel,0.2567,funnyguycomics/static/comics/001_the_funny_guy.png,0.7158
menububble.psd,a logo or user-interface graphic design,0.241,funnyguyrpg/FaceSet/fgs.png,0.7155
45815_1240830116.png,a 16-bit pixel art RPG character sprite sheet,0.2541,funnyguyrpg/CharSet/FG-GrayCharas.png,0.7154
Raw/243_robo_combat.psd,a crude hand-drawn stick-figure comic strip panel,0.2809,funnyguycomics/static/comics/001_the_funny_guy.png,0.7152
Raw/241_bustin_froot_loops.psd,a crude hand-drawn stick-figure comic strip panel,0.2525,funnyguycomics/static/comics/001_the_funny_guy.png,0.715
Raw/243_robo_combat.png,a crude hand-drawn stick-figure comic strip panel,0.2814,funnyguycomics/static/comics/001_the_funny_guy.png,0.7149
Funny Guy Sketches (3)2025_04_22_0019.png,a pencil or pen sketch of a cartoon character,0.2639,funnyguyrpg/FaceSet/fgs.png,0.7147
fgcomics_logo.psd,a logo or user-interface graphic design,0.2432,funnyguyrpg/FaceSet/fgs.png,0.7144
Sketches2025_04_22_0031.png,a crude hand-drawn stick-figure comic strip panel,0.2806,funnyguycomics/static/comics/001_the_funny_guy.png,0.7143
Book Logos 1-4.psd,a crude hand-drawn stick-figure comic strip panel,0.2706,funnyguycomics/static/comics/001_the_funny_guy.png,0.7142
Art/Timet.PNG,a crude hand-drawn stick-figure comic strip panel,0.2824,funnyguyrpg/FaceSet/fgs.png,0.7139
Covers/Book 4.psd,a crude hand-drawn stick-figure comic strip panel,0.2734,funnyguyrpg/FaceSet/fgs.png,0.7139
VARIATION_newsbg.psd,a logo or user-interface graphic design,0.2526,funnyguyrpg/FaceSet/fgs.png,0.7139
RPG_RT/Backdrop/bg014.png,a digital painting or illustration,0.2473,funnyguyrpg/CharSet/FG-GrayCharas.png,0.7137
RPG_RT/Monster/ghost.png,a 16-bit pixel art RPG character sprite sheet,0.2753,funnyguyrpg/CharSet/FG-GrayCharas.png,0.7134
Sketches (Batch 2)2025_04_22_0028.png,a scanned page of handwritten or typed text,0.2959,funnyguyrpg/FaceSet/fgs.png,0.7133
scrn9.JPG,a 16-bit pixel art RPG character sprite sheet,0.2386,funnyguyrpg/CharSet/FG-GrayCharas.png,0.7133
FG-Town_Inside_v2.psd,a 16-bit pixel art RPG character sprite sheet,0.244,funnyguyrpg/CharSet/FG-GrayCharas.png,0.7132
RPG_RT/Backdrop/FG-Forest.png,a 16-bit pixel art RPG character sprite sheet,0.2425,funnyguyrpg/CharSet/FG-GrayCharas.png,0.713
Sketches2025_04_22_0003.png,a crude hand-drawn stick-figure comic strip panel,0.2697,funnyguycomics/static/comics/001_the_funny_guy.png,0.7126
Books/Nawful#7.png,a scanned page of handwritten or typed text,0.2631,funnyguycomics/static/comics/001_the_funny_guy.png,0.7125
Nawful Nav.psd,a crude hand-drawn stick-figure comic strip panel,0.2607,funnyguyrpg/FaceSet/fgs.png,0.7125
RPG_RT/ChipSet/FG-Town_Inside_v2.png,a 16-bit pixel art RPG character sprite sheet,0.2469,funnyguyrpg/CharSet/FG-GrayCharas.png,0.7123
"Scan287, March 07, 2005.gif",a crude hand-drawn stick-figure comic strip panel,0.2733,funnyguycomics/static/comics/001_the_funny_guy.png,0.7121
"Scans/Scan287, March 07, 2005.gif",a crude hand-drawn stick-figure comic strip panel,0.2733,funnyguycomics/static/comics/001_the_funny_guy.png,0.7121
Art/koven.PNG,a crude hand-drawn stick-figure comic strip panel,0.2954,funnyguycomics/static/comics/001_the_funny_guy.png,0.7119
tfgc192_sketch3.jpg,a crude hand-drawn stick-figure comic strip panel,0.2572,funnyguycomics/static/comics/001_the_funny_guy.png,0.7117
tfgc241_sketch.jpg,a crude hand-drawn stick-figure comic strip panel,0.2532,funnyguycomics/static/comics/001_the_funny_guy.png,0.7115
Scan0018.jpg,a crude hand-drawn stick-figure comic strip panel,0.2745,funnyguycomics/static/comics/001_the_funny_guy.png,0.7114
Raw/175_4.psd,a crude hand-drawn stick-figure comic strip panel,0.2974,funnyguycomics/static/comics/001_the_funny_guy.png,0.711
RPG_RT/ChipSet/DH-RuinedVillage.png,a 16-bit pixel art RPG character sprite sheet,0.2226,funnyguyrpg/CharSet/FG-GrayCharas.png,0.7101
RPG_RT/ChipSet/dungeonF.png,a 16-bit pixel art RPG character sprite sheet,0.2453,funnyguyrpg/CharSet/FG-GrayCharas.png,0.7099
RPG_RT/Monster/FF2Legeater(UltimateMaxim).png,a 16-bit pixel art RPG character sprite sheet,0.2688,funnyguyrpg/CharSet/FG-GrayCharas.png,0.7099
Scan0016.jpg,a crude hand-drawn stick-figure comic strip panel,0.2887,funnyguycomics/static/comics/001_the_funny_guy.png,0.7095
Books/FG_JAM_cover.png,a crude hand-drawn stick-figure comic strip panel,0.2673,funnyguycomics/static/comics/001_the_funny_guy.png,0.7094
Raw/254_egg_battle.psd,a crude hand-drawn stick-figure comic strip panel,0.3043,funnyguycomics/static/comics/001_the_funny_guy.png,0.7094
"Scan279, March 07, 2005.gif",a crude hand-drawn stick-figure comic strip panel,0.2546,funnyguyrpg/FaceSet/fgs.png,0.7091
Funny Guy Sketches2025_04_22_0002.png,a crude hand-drawn stick-figure comic strip panel,0.2826,funnyguycomics/static/comics/001_the_funny_guy.png,0.709
RPG_RT/Monster/Lord_Devil_Demon (69).PNG,a 16-bit pixel art RPG character sprite sheet,0.2396,funnyguyrpg/CharSet/FG-GrayCharas.png,0.709
Sketches (Batch 2)2025_04_22_0022.png,a crude hand-drawn stick-figure comic strip panel,0.2345,funnyguycomics/static/comics/001_the_funny_guy.png,0.7088
Raw/184_razor_sharp.psd,a crude hand-drawn stick-figure comic strip panel,0.2903,funnyguycomics/static/comics/001_the_funny_guy.png,0.7087
RPG_RT/BattleWeapon/INVISABLE.png,a logo or user-interface graphic design,0.2408,funnyguyrpg/CharSet/fg2.png,0.7082
Drawings 2_03.jpg,a crude hand-drawn stick-figure comic strip panel,0.2435,funnyguyrpg/CharSet/fg2.png,0.7081
RPG_RT/Monster/Barbetta.png,a 16-bit pixel art RPG character sprite sheet,0.2758,funnyguyrpg/CharSet/FG-GrayCharas.png,0.7081
Guide/images/spacer.gif,a logo or user-interface graphic design,0.2521,funnyguyrpg/FaceSet/fgs.png,0.708
Sketches2025_04_22_0006.png,a crude hand-drawn stick-figure comic strip panel,0.2692,funnyguycomics/static/comics/001_the_funny_guy.png,0.708
tfgc221_sketch.jpg,a crude hand-drawn stick-figure comic strip panel,0.2863,funnyguycomics/static/comics/001_the_funny_guy.png,0.708
FG-Town.psd,a 16-bit pixel art RPG character sprite sheet,0.2367,funnyguyrpg/CharSet/FG-GrayCharas.png,0.708
No Fun Sign.psd,a crude hand-drawn stick-figure comic strip panel,0.2944,funnyguycomics/static/comics/001_the_funny_guy.png,0.7078
Sketches (Batch 2)2025_04_22_0032.png,a crude hand-drawn stick-figure comic strip panel,0.2438,funnyguycomics/static/comics/001_the_funny_guy.png,0.7077
Sketches (Batch 2)2025_04_22_0069.png,a crude hand-drawn stick-figure comic strip panel,0.2688,funnyguycomics/static/comics/001_the_funny_guy.png,0.7077
RPG_RT/ChipSet/DH-InnerShops.png,a 16-bit pixel art RPG character sprite sheet,0.2393,funnyguyrpg/CharSet/FG-GrayCharas.png,0.7076
RPG_RT/ChipSet/FG-Town.png,a 16-bit pixel art RPG character sprite sheet,0.2361,funnyguyrpg/CharSet/FG-GrayCharas.png,0.7074
Raw/254_egg_battle.png,a crude hand-drawn stick-figure comic strip panel,0.3043,funnyguycomics/static/comics/001_the_funny_guy.png,0.7074
Sketches (Batch 2)2025_04_22_0060.png,a crude hand-drawn stick-figure comic strip panel,0.2673,funnyguycomics/static/comics/001_the_funny_guy.png,0.7069
Guide/images/screen2.gif,a 16-bit pixel art RPG character sprite sheet,0.2865,funnyguyrpg/CharSet/FG-GrayCharas.png,0.7065
themonkey.PNG,a crude hand-drawn stick-figure comic strip panel,0.277,funnyguycomics/static/comics/001_the_funny_guy.png,0.7064
Image (41).jpg,a crude hand-drawn stick-figure comic strip panel,0.2803,funnyguycomics/static/comics/001_the_funny_guy.png,0.7063
Art/koven_stick.gif,a crude hand-drawn stick-figure comic strip panel,0.3203,funnyguycomics/static/comics/001_the_funny_guy.png,0.7062
Funny Guy Sketches (3)2025_04_22_0049.png,a scanned page of handwritten or typed text,0.2906,funnyguycomics/static/comics/001_the_funny_guy.png,0.7062
Raw/184_razor_sharp.png,a crude hand-drawn stick-figure comic strip panel,0.2893,funnyguycomics/static/comics/001_the_funny_guy.png,0.7061
RPG_RT/Battle/Flare.png,"an unrelated photograph, like a product or real-world object",0.2421,funnyguyrpg/FaceSet/fgs.png,0.706
Sketches (Batch 2)2025_04_22_0040.png,a logo or user-interface graphic design,0.2346,funnyguyrpg/FaceSet/fgs.png,0.7059
RPG_RT/Battle/explode2.png,a digital painting or illustration,0.2505,funnyguyrpg/FaceSet/fgs.png,0.7057
RPG_RT/Battle/Cross4.png,a 16-bit pixel art RPG character sprite sheet,0.2627,funnyguyrpg/CharSet/FG-GrayCharas.png,0.7056
i-nwf4qW5-X3.jpg,a crude hand-drawn stick-figure comic strip panel,0.2105,funnyguycomics/static/comics/001_the_funny_guy.png,0.7056
Funny Guy Sketches (3)2025_04_22_0028.png,a digital painting or illustration,0.2463,funnyguyrpg/CharSet/FG-GrayCharas.png,0.7055
Scans/Scan_20160118.png,a scanned page of handwritten or typed text,0.2413,funnyguyrpg/CharSet/fg2.png,0.7055
Books/FG_JAM_#5.png,a crude hand-drawn stick-figure comic strip panel,0.2807,funnyguycomics/static/comics/001_the_funny_guy.png,0.705
Sketches (Batch 2)2025_04_22_0044.png,a scanned page of handwritten or typed text,0.2671,funnyguycomics/static/comics/001_the_funny_guy.png,0.705
Funny Guy Sketches (3)2025_04_22_0029.png,a scanned page of handwritten or typed text,0.2617,funnyguycomics/static/comics/001_the_funny_guy.png,0.7045
Sketches (Batch 2)2025_04_22_0065.png,a crude hand-drawn stick-figure comic strip panel,0.2688,funnyguycomics/static/comics/001_the_funny_guy.png,0.7045
Drawers_02.jpg,a crude hand-drawn stick-figure comic strip panel,0.2672,funnyguyrpg/CharSet/fg2.png,0.7043
Scan0021.jpg,a pencil or pen sketch of a cartoon character,0.2509,funnyguyrpg/FaceSet/fgs.png,0.7042
FG-Humortopica.psd,a 16-bit pixel art RPG character sprite sheet,0.2376,funnyguyrpg/CharSet/FG-GrayCharas.png,0.7042
RPG_RT/Monster/skeleton2.png,a 16-bit pixel art RPG character sprite sheet,0.2728,funnyguyrpg/CharSet/FG-GrayCharas.png,0.7041
Drawings 2_02.jpg,a digital painting or illustration,0.2659,funnyguyrpg/CharSet/fg2.png,0.7039
Raw/248_2.psd,a crude hand-drawn stick-figure comic strip panel,0.2387,funnyguycomics/static/comics/001_the_funny_guy.png,0.7039
Art/Element.PNG,a pencil or pen sketch of a cartoon character,0.2954,funnyguycomics/static/comics/001_the_funny_guy.png,0.7036
Art/oxymoron.PNG,a pencil or pen sketch of a cartoon character,0.2791,funnyguycomics/static/comics/001_the_funny_guy.png,0.7036
RPG_RT/Backdrop/lunar011.png,a digital painting or illustration,0.2333,funnyguyrpg/CharSet/FG-GrayCharas.png,0.7036
RPG_RT/Battle/reflect.png,"an unrelated photograph, like a product or real-world object",0.2258,funnyguyrpg/CharSet/fg2.png,0.7036
number templates.psd,a logo or user-interface graphic design,0.2518,funnyguyrpg/FaceSet/fgs.png,0.7035
RPG_RT/Backdrop/odd6.png,a 16-bit pixel art RPG character sprite sheet,0.2425,funnyguyrpg/FaceSet/fgs.png,0.7032
RPG_RT/Backdrop/forest2.png,a digital painting or illustration,0.2638,funnyguyrpg/CharSet/FG-GrayCharas.png,0.703
RPG_RT/ChipSet/FG-Humortopica.png,a 16-bit pixel art RPG character sprite sheet,0.2368,funnyguyrpg/CharSet/FG-GrayCharas.png,0.7029
METAL ANIMATED.psd,a crude hand-drawn stick-figure comic strip panel,0.2513,funnyguyrpg/FaceSet/fgs.png,0.7028
"Rotation of Scan284, March 07, 2005.gif",a digital painting or illustration,0.2353,funnyguyrpg/CharSet/fg2.png,0.7026
Sketches (Batch 2)2025_04_22_0015.png,a crude hand-drawn stick-figure comic strip panel,0.2493,funnyguycomics/static/comics/001_the_funny_guy.png,0.7026
Books/Nawful_cover.png,a scanned page of handwritten or typed text,0.2553,funnyguycomics/static/comics/001_the_funny_guy.png,0.7023
RPG_RT/CharSet/FX-Air-Clothesline-01.png,a 16-bit pixel art RPG character sprite sheet,0.2715,funnyguyrpg/CharSet/FG-GrayCharas.png,0.7023
fgcomix032_The_War_drawing.psd,a crude hand-drawn stick-figure comic strip panel,0.2505,funnyguyrpg/FaceSet/fgs.png,0.7023
Sketches2025_04_22_0038.png,a pencil or pen sketch of a cartoon character,0.2662,funnyguyrpg/FaceSet/fgs.png,0.7022
Funny Guy Sketches (3)2025_04_22_0001.png,a logo or user-interface graphic design,0.249,funnyguycomics/static/comics/001_the_funny_guy.png,0.702
RPG_RT/Battle/1521.png,a 16-bit pixel art RPG character sprite sheet,0.2496,funnyguyrpg/CharSet/fg2.png,0.702
RPG_RT/Battle/Ultima.png,a logo or user-interface graphic design,0.23,funnyguyrpg/FaceSet/fgs.png,0.7017
Funny Guy Sketches (3)2025_04_22_0032.png,a crude hand-drawn stick-figure comic strip panel,0.2695,funnyguycomics/static/comics/001_the_funny_guy.png,0.7012
RPG_RT/Backdrop/lunarQ.png,a 16-bit pixel art RPG character sprite sheet,0.2298,funnyguyrpg/CharSet/FG-GrayCharas.png,0.7007
RPG_RT/Monster/1730_1071703364.png,a 16-bit pixel art RPG character sprite sheet,0.2632,funnyguyrpg/CharSet/FG-GrayCharas.png,0.7007
RPG_RT/Monster/Lord_Devil_Demon (21).PNG,a 16-bit pixel art RPG character sprite sheet,0.2653,funnyguyrpg/CharSet/FG-GrayCharas.png,0.7006
Scans/scan0003.jpg,a scanned page of handwritten or typed text,0.2487,funnyguycomics/static/comics/001_the_funny_guy.png,0.7004
RPG_RT/Monster/mudgolem.png,a 16-bit pixel art RPG character sprite sheet,0.264,funnyguyrpg/CharSet/FG-GrayCharas.png,0.7001
RPG_RT/Backdrop/sky.png,a digital painting or illustration,0.2676,funnyguyrpg/CharSet/fg2.png,0.6997
Scan0047.jpg,a scanned page of handwritten or typed text,0.2844,funnyguycomics/static/comics/001_the_funny_guy.png,0.6996
RPG_RT/Monster/inferno.png,a 16-bit pixel art RPG character sprite sheet,0.2517,funnyguyrpg/CharSet/FG-GrayCharas.png,0.6989
Sketches2025_04_22_0024.png,a crude hand-drawn stick-figure comic strip panel,0.2551,funnyguyrpg/FaceSet/fgs.png,0.6989
Funny Guy Sketches (3)2025_04_22_0021.png,a crude hand-drawn stick-figure comic strip panel,0.2676,funnyguyrpg/FaceSet/fgs.png,0.6986
Sketches (Batch 2)2025_04_22_0033.png,a digital painting or illustration,0.2497,funnyguyrpg/FaceSet/fgs.png,0.6986
Sketches (Batch 2)2025_04_22_0070.png,a scanned page of handwritten or typed text,0.2591,funnyguyrpg/FaceSet/fgs.png,0.6984
RPG_RT/Panorama/forestmountain.png,a 16-bit pixel art RPG character sprite sheet,0.2407,funnyguyrpg/CharSet/FG-GrayCharas.png,0.6983
Drawings 2_09.psd,a crude hand-drawn stick-figure comic strip panel,0.3,funnyguyrpg/FaceSet/fgs.png,0.6982
Art/minimi.PNG,a pencil or pen sketch of a cartoon character,0.2873,funnyguycomics/static/comics/001_the_funny_guy.png,0.698
RPG_RT/Monster/FF2Cokatrc(UltimateMaxim).png,a 16-bit pixel art RPG character sprite sheet,0.2636,funnyguyrpg/CharSet/FG-GrayCharas.png,0.698
Political_01.jpg,a pencil or pen sketch of a cartoon character,0.2562,funnyguyrpg/CharSet/fg2.png,0.6979
RPG_RT/ChipSet/FG-Town_Inside.png,a 16-bit pixel art RPG character sprite sheet,0.2356,funnyguyrpg/CharSet/FG-GrayCharas.png,0.6978
Scan0041.jpg,a scanned page of handwritten or typed text,0.3175,funnyguycomics/static/comics/001_the_funny_guy.png,0.6978
Sketches2025_04_22_0044.png,a crude hand-drawn stick-figure comic strip panel,0.2714,funnyguycomics/static/comics/001_the_funny_guy.png,0.6978
Art/mrevil.PNG,a pencil or pen sketch of a cartoon character,0.2902,funnyguycomics/static/comics/001_the_funny_guy.png,0.6977
Funny Guy Sketches (3)2025_04_22_0030.png,a scanned page of handwritten or typed text,0.2711,funnyguyrpg/FaceSet/fgs.png,0.6977
Sketches (Batch 2)2025_04_22_0063.png,a crude hand-drawn stick-figure comic strip panel,0.2673,funnyguycomics/static/comics/001_the_funny_guy.png,0.6974
RPG_RT/Backdrop/dungeon5.png,a digital painting or illustration,0.2355,funnyguyrpg/CharSet/FG-GrayCharas.png,0.6973
Scan0008.jpg,a scanned page of handwritten or typed text,0.2558,funnyguycomics/static/comics/001_the_funny_guy.png,0.6973
Scan0032.jpg,a scanned page of handwritten or typed text,0.2871,funnyguycomics/static/comics/001_the_funny_guy.png,0.6973
RPG_RT/Monster/skeleton-mace.png,a 16-bit pixel art RPG character sprite sheet,0.2684,funnyguyrpg/CharSet/FG-GrayCharas.png,0.6972
Sketches (Batch 2)2025_04_22_0010.png,a scanned page of handwritten or typed text,0.2893,funnyguycomics/static/comics/001_the_funny_guy.png,0.6971
RPG_RT/Battle/fireworks.png,a logo or user-interface graphic design,0.2335,funnyguyrpg/FaceSet/fgs.png,0.6969
Raw/175_1.psd,a crude hand-drawn stick-figure comic strip panel,0.2771,funnyguycomics/static/comics/001_the_funny_guy.png,0.6969
RPG_RT/Monster/lethalwpn.png,a 16-bit pixel art RPG character sprite sheet,0.2546,funnyguyrpg/CharSet/FG-GrayCharas.png,0.6968
Sketches2025_04_22_0016.png,a scanned page of handwritten or typed text,0.2751,funnyguycomics/static/comics/001_the_funny_guy.png,0.6968
Funny Guy Sketches (3)2025_04_22_0051.png,a scanned page of handwritten or typed text,0.274,funnyguycomics/static/comics/001_the_funny_guy.png,0.6966
"Rotation of Scan279, March 07, 2005.gif",a crude hand-drawn stick-figure comic strip panel,0.2818,funnyguycomics/static/comics/001_the_funny_guy.png,0.6965
RPG_RT/Battle/misc3.png,a logo or user-interface graphic design,0.2554,funnyguyrpg/FaceSet/fgs.png,0.6964
RPG_RT/ChipSet/12019_1137715849.png,a 16-bit pixel art RPG character sprite sheet,0.2482,funnyguyrpg/CharSet/FG-GrayCharas.png,0.6964
RPG_RT/Monster/FF2Stunner(UltimateMaxim).png,a 16-bit pixel art RPG character sprite sheet,0.2627,funnyguyrpg/CharSet/FG-GrayCharas.png,0.6964
Art/Razor.PNG,a crude hand-drawn stick-figure comic strip panel,0.291,funnyguycomics/static/comics/001_the_funny_guy.png,0.6963
beach-730260.png,a 16-bit pixel art RPG character sprite sheet,0.2365,funnyguyrpg/CharSet/FG-GrayCharas.png,0.6963
RPG_RT/Monster/FF2Lamia(UltimateMaxim).png,a 16-bit pixel art RPG character sprite sheet,0.2652,funnyguyrpg/CharSet/FG-GrayCharas.png,0.696
Sketches (Batch 2)2025_04_22_0013.png,a scanned page of handwritten or typed text,0.2695,funnyguycomics/static/comics/001_the_funny_guy.png,0.6956
watchmen 1-12-3.psd,a crude hand-drawn stick-figure comic strip panel,0.2852,funnyguyrpg/FaceSet/fgs.png,0.6956
Funny Guy Sketches (3)2025_04_22_0011.png,a scanned page of handwritten or typed text,0.2523,funnyguyrpg/FaceSet/fgs.png,0.6952
Funny Guy Sketches (3)2025_04_22_0040.png,a scanned page of handwritten or typed text,0.2924,funnyguyrpg/FaceSet/fgs.png,0.6951
RPG_RT/Monster/dueller.png,a 16-bit pixel art RPG character sprite sheet,0.2582,funnyguyrpg/CharSet/FG-GrayCharas.png,0.6951
RPG_RT/Monster/muck.png,a 16-bit pixel art RPG character sprite sheet,0.2671,funnyguyrpg/CharSet/FG-GrayCharas.png,0.6949
Sketches (Batch 2)2025_04_22_0067.png,a crude hand-drawn stick-figure comic strip panel,0.2688,funnyguycomics/static/comics/001_the_funny_guy.png,0.6949
RPG_RT/Monster/spirit.png,a 16-bit pixel art RPG character sprite sheet,0.2611,funnyguyrpg/CharSet/FG-GrayCharas.png,0.6948
RPG_RT/Battle/misc1.png,a logo or user-interface graphic design,0.2403,funnyguyrpg/FaceSet/fgs.png,0.6944
RPG_RT/Monster/doom.png,a 16-bit pixel art RPG character sprite sheet,0.2611,funnyguyrpg/CharSet/FG-GrayCharas.png,0.6944
Scan0027.jpg,a crude hand-drawn stick-figure comic strip panel,0.2607,funnyguycomics/static/comics/001_the_funny_guy.png,0.6936
Scans/scan0004.jpg,a logo or user-interface graphic design,0.2585,funnyguycomics/static/comics/001_the_funny_guy.png,0.6936
RPG_RT/ChipSet/DH-CentralMarket.png,a 16-bit pixel art RPG character sprite sheet,0.2305,funnyguyrpg/CharSet/FG-GrayCharas.png,0.693
Art/Junior.PNG,a crude hand-drawn stick-figure comic strip panel,0.2905,funnyguycomics/static/comics/001_the_funny_guy.png,0.6926
Sketches2025_04_22_0034.png,a crude hand-drawn stick-figure comic strip panel,0.259,funnyguyrpg/FaceSet/fgs.png,0.6926
Raw/248_space_mechs.psd,a crude hand-drawn stick-figure comic strip panel,0.2852,funnyguycomics/static/comics/001_the_funny_guy.png,0.6921
Funny Guy Sketches (3)2025_04_22_0039.png,a scanned page of handwritten or typed text,0.2999,funnyguyrpg/FaceSet/fgs.png,0.692
RPG_RT/Monster/Worm.png,a 16-bit pixel art RPG character sprite sheet,0.2499,funnyguyrpg/CharSet/FG-GrayCharas.png,0.692
RPG_RT/Panorama/planet1.png,a digital painting or illustration,0.2501,funnyguyrpg/FaceSet/fgs.png,0.6919
Art/yoda.PNG,a pencil or pen sketch of a cartoon character,0.2996,funnyguycomics/static/comics/001_the_funny_guy.png,0.6916
Raw/054_funny_guy_racing.psd,a crude hand-drawn stick-figure comic strip panel,0.2874,funnyguycomics/static/comics/001_the_funny_guy.png,0.6916
Sketches2025_04_22_0037.png,a pencil or pen sketch of a cartoon character,0.2636,funnyguyrpg/FaceSet/fgs.png,0.6913
Scan0143.jpg,a pencil or pen sketch of a cartoon character,0.2389,funnyguyrpg/FaceSet/fgs.png,0.691
Art/Target.PNG,a crude hand-drawn stick-figure comic strip panel,0.2733,funnyguycomics/static/comics/001_the_funny_guy.png,0.6909
RPG_RT/Monster/FF2D.Flower(UltimateMaxim).png,a 16-bit pixel art RPG character sprite sheet,0.2647,funnyguyrpg/CharSet/FG-GrayCharas.png,0.6909
fgcomix097_Laziness_drawing.psd,a scanned page of handwritten or typed text,0.261,funnyguycomics/static/comics/001_the_funny_guy.png,0.6907
Raw/248_space_mechs.png,a crude hand-drawn stick-figure comic strip panel,0.2852,funnyguycomics/static/comics/001_the_funny_guy.png,0.6905
marisa-lerin-vintage-notebook-paper-asset-white-distressed-grunge-commercial-use.jpg,a scanned page of handwritten or typed text,0.2598,funnyguyrpg/CharSet/fg2.png,0.6902
Art/Repairman.PNG,a crude hand-drawn stick-figure comic strip panel,0.2788,funnyguycomics/static/comics/001_the_funny_guy.png,0.6901
Books/AOTD_#2.png,a crude hand-drawn stick-figure comic strip panel,0.272,funnyguycomics/static/comics/001_the_funny_guy.png,0.6901
Sketches (Batch 2)2025_04_22_0003.png,a scanned page of handwritten or typed text,0.2483,funnyguycomics/static/comics/001_the_funny_guy.png,0.6899
FGComics Ideas_02.jpg,a scanned page of handwritten or typed text,0.2416,funnyguyrpg/CharSet/fg2.png,0.6898
Raw/118_halftime.psd,a crude hand-drawn stick-figure comic strip panel,0.2719,funnyguycomics/static/comics/001_the_funny_guy.png,0.6898
Raw/118_halftime.png,a crude hand-drawn stick-figure comic strip panel,0.2713,funnyguycomics/static/comics/001_the_funny_guy.png,0.6896
Sketches2025_04_22_0002.png,a scanned page of handwritten or typed text,0.2623,funnyguycomics/static/comics/001_the_funny_guy.png,0.6894
RPG_RT/Monster/FF2Goblin(UltimateMaxim).png,a 16-bit pixel art RPG character sprite sheet,0.2734,funnyguyrpg/CharSet/FG-GrayCharas.png,0.6893
RPG_RT/System/fg_system.png,a logo or user-interface graphic design,0.2433,funnyguyrpg/CharSet/fg2.png,0.6893
RPG_RT/Backdrop/ruins2.png,"an unrelated photograph, like a product or real-world object",0.2365,funnyguyrpg/CharSet/fg2.png,0.689
Funny Guy Sketches (3)2025_04_22_0031.png,a crude hand-drawn stick-figure comic strip panel,0.2808,funnyguycomics/static/comics/001_the_funny_guy.png,0.6888
fgcomix025_Hyper_Day_page2.psd,a crude hand-drawn stick-figure comic strip panel,0.2664,funnyguycomics/static/comics/001_the_funny_guy.png,0.6884
Inspiration/1288989165597.jpg,a digital painting or illustration,0.2366,funnyguycomics/static/comics/001_the_funny_guy.png,0.6882
RPG_RT/Monster/frogman_theif.png,a 16-bit pixel art RPG character sprite sheet,0.2839,funnyguyrpg/CharSet/FG-GrayCharas.png,0.6882
RPG_RT/CharSet/doors11.png,"an unrelated photograph, like a product or real-world object",0.2553,funnyguyrpg/CharSet/fg2.png,0.6879
Funny Guy Sketches2025_04_22_0003.png,a scanned page of handwritten or typed text,0.2648,funnyguycomics/static/comics/001_the_funny_guy.png,0.6877
Sketches2025_04_22_0040.png,a scanned page of handwritten or typed text,0.2714,funnyguycomics/static/comics/001_the_funny_guy.png,0.6871
funnyland.gif,a crude hand-drawn stick-figure comic strip panel,0.2517,funnyguycomics/static/comics/001_the_funny_guy.png,0.6867
"Scan284, March 07, 2005.gif",a digital painting or illustration,0.2368,funnyguyrpg/CharSet/fg2.png,0.6866
Guide/images/grin.gif,a 16-bit pixel art RPG character sprite sheet,0.2553,funnyguyrpg/FaceSet/fgs.png,0.6865
RPG_RT/Monster/seatroll.png,a 16-bit pixel art RPG character sprite sheet,0.2664,funnyguyrpg/CharSet/FG-GrayCharas.png,0.6865
Guide/images/arrow.gif,a logo or user-interface graphic design,0.244,funnyguyrpg/CharSet/fg2.png,0.6864
RPG_RT/ChipSet/RudoraInside.png,a 16-bit pixel art RPG character sprite sheet,0.2344,funnyguyrpg/CharSet/FG-GrayCharas.png,0.6862
FGPRG 1-1.png,a 16-bit pixel art RPG character sprite sheet,0.2406,funnyguyrpg/CharSet/FG-GrayCharas.png,0.6859
Art/mrit_stick.gif,a crude hand-drawn stick-figure comic strip panel,0.312,funnyguycomics/static/comics/001_the_funny_guy.png,0.6857
RPG_RT/Monster/Red Dragon.png,a 16-bit pixel art RPG character sprite sheet,0.2757,funnyguyrpg/CharSet/FG-GrayCharas.png,0.6856
Scan0022.jpg,a crude hand-drawn stick-figure comic strip panel,0.2693,funnyguycomics/static/comics/001_the_funny_guy.png,0.6856
RPG_RT/Monster/FF2Woodgolem(UltimateMaxim).png,a 16-bit pixel art RPG character sprite sheet,0.2644,funnyguyrpg/CharSet/FG-GrayCharas.png,0.6851
RPG_RT/Monster/leviathan.png,a digital painting or illustration,0.2535,funnyguyrpg/FaceSet/fgs.png,0.685
Sketches (Batch 2)2025_04_22_0038.png,a scanned page of handwritten or typed text,0.283,funnyguyrpg/FaceSet/fgs.png,0.6848
FGC0011.png,a logo or user-interface graphic design,0.2515,funnyguyrpg/CharSet/fg2.png,0.6845
RPG_RT/Monster/Giant Rudra.png,a 16-bit pixel art RPG character sprite sheet,0.2777,funnyguyrpg/CharSet/FG-GrayCharas.png,0.6842
Sketches2025_04_22_0033.png,a pencil or pen sketch of a cartoon character,0.2742,funnyguyrpg/FaceSet/fgs.png,0.6833
fgcomix038_Diamond_Sword_drawing.psd,a crude hand-drawn stick-figure comic strip panel,0.2532,funnyguycomics/static/comics/001_the_funny_guy.png,0.6833
logo2.psd,a logo or user-interface graphic design,0.2435,funnyguyrpg/FaceSet/fgs.png,0.6832
Sketches (Batch 2)2025_04_22_0062.png,a scanned page of handwritten or typed text,0.2946,funnyguyrpg/FaceSet/fgs.png,0.6831
Sketches (Batch 2)2025_04_22_0023.png,a scanned page of handwritten or typed text,0.2685,funnyguycomics/static/comics/001_the_funny_guy.png,0.6825
"Card Game/Scan272, March 07, 2005.gif",a logo or user-interface graphic design,0.2597,funnyguycomics/static/comics/001_the_funny_guy.png,0.6824
"Scans/Scan272, March 07, 2005.gif",a logo or user-interface graphic design,0.2597,funnyguycomics/static/comics/001_the_funny_guy.png,0.6824
RPG_RT/Backdrop/bg001.png,a digital painting or illustration,0.2351,funnyguyrpg/CharSet/FG-GrayCharas.png,0.6823
Sketches2025_04_22_0020.png,a crude hand-drawn stick-figure comic strip panel,0.2472,funnyguycomics/static/comics/001_the_funny_guy.png,0.6823
Funny Guy Sketches (3)2025_04_22_0052.png,a crude hand-drawn stick-figure comic strip panel,0.253,funnyguycomics/static/comics/001_the_funny_guy.png,0.6821
Sketches (Batch 2)2025_04_22_0066.png,a logo or user-interface graphic design,0.257,funnyguyrpg/FaceSet/fgs.png,0.682
"Card Game/Scan273, March 07, 2005.gif",a crude hand-drawn stick-figure comic strip panel,0.2543,funnyguycomics/static/comics/001_the_funny_guy.png,0.6819
"Scans/Scan273, March 07, 2005.gif",a crude hand-drawn stick-figure comic strip panel,0.2543,funnyguycomics/static/comics/001_the_funny_guy.png,0.6819
scrn7.JPG,a 16-bit pixel art RPG character sprite sheet,0.2504,funnyguyrpg/CharSet/FG-GrayCharas.png,0.6819
Art/pottyp.PNG,a crude hand-drawn stick-figure comic strip panel,0.2924,funnyguycomics/static/comics/001_the_funny_guy.png,0.6818
Sketches2025_04_22_0036.png,a crude hand-drawn stick-figure comic strip panel,0.24,funnyguycomics/static/comics/001_the_funny_guy.png,0.6818
Sketches (Batch 2)2025_04_22_0061.png,a crude hand-drawn stick-figure comic strip panel,0.2742,funnyguycomics/static/comics/001_the_funny_guy.png,0.6817
Inspiration/1289369049541.png,a crude hand-drawn stick-figure comic strip panel,0.256,funnyguycomics/static/comics/001_the_funny_guy.png,0.6814
Raw/175_an_fg_christmas_carol_pg4.psd,a crude hand-drawn stick-figure comic strip panel,0.2888,funnyguycomics/static/comics/001_the_funny_guy.png,0.6812
fg_system.psd,a logo or user-interface graphic design,0.2371,funnyguyrpg/CharSet/fg2.png,0.6812
Funny Guy Sketches (3)2025_04_22_0005.png,a scanned page of handwritten or typed text,0.3066,funnyguycomics/static/comics/001_the_funny_guy.png,0.6811
Books/Confiscated Repair Man Comic (2).gif,a scanned page of handwritten or typed text,0.2701,funnyguycomics/static/comics/001_the_funny_guy.png,0.681
Sketches2025_04_22_0025.png,a scanned page of handwritten or typed text,0.2344,funnyguyrpg/CharSet/fg2.png,0.6806
Sketches (Batch 2)2025_04_22_0048.png,a scanned page of handwritten or typed text,0.2343,funnyguycomics/static/comics/001_the_funny_guy.png,0.6804
somewhere.psd,a crude hand-drawn stick-figure comic strip panel,0.2916,funnyguyrpg/FaceSet/fgs.png,0.6803
scrn5.JPG,a 16-bit pixel art RPG character sprite sheet,0.233,funnyguyrpg/CharSet/FG-GrayCharas.png,0.6802
FGRPG Install Icon.psd,a 16-bit pixel art RPG character sprite sheet,0.2651,funnyguyrpg/CharSet/fg2.png,0.6802
RPG_RT/Monster/1730_1069263108.png,a 16-bit pixel art RPG character sprite sheet,0.2645,funnyguyrpg/FaceSet/fgs.png,0.68
"Scan281, March 07, 2005.gif",a pencil or pen sketch of a cartoon character,0.2478,funnyguycomics/static/comics/001_the_funny_guy.png,0.68
"Scans/Scan281, March 07, 2005.gif",a pencil or pen sketch of a cartoon character,0.2478,funnyguycomics/static/comics/001_the_funny_guy.png,0.68
RPG_RT/CharSet/eskimo.png,a 16-bit pixel art RPG character sprite sheet,0.2879,funnyguyrpg/CharSet/fg2.png,0.6799
RPG_RT/Monster/PlantwithoutPipin.png,a 16-bit pixel art RPG character sprite sheet,0.2549,funnyguyrpg/CharSet/FG-GrayCharas.png,0.6798
Comic Books Banner.png,a crude hand-drawn stick-figure comic strip panel,0.2527,funnyguycomics/static/comics/001_the_funny_guy.png,0.6795
Comic Books Banner.psd,a crude hand-drawn stick-figure comic strip panel,0.2527,funnyguycomics/static/comics/001_the_funny_guy.png,0.6795
install_banner.bmp,a logo or user-interface graphic design,0.2338,funnyguyrpg/FaceSet/fgs.png,0.6794
install_banner.psd,a logo or user-interface graphic design,0.2338,funnyguyrpg/FaceSet/fgs.png,0.6794
new_design.psd,a logo or user-interface graphic design,0.2338,funnyguyrpg/FaceSet/fgs.png,0.6794
RPG_RT/Monster/Lord_Devil_Demon (34).PNG,a 16-bit pixel art RPG character sprite sheet,0.2444,funnyguyrpg/CharSet/FG-GrayCharas.png,0.6793
Art/Seriousman.PNG,a crude hand-drawn stick-figure comic strip panel,0.2749,funnyguyrpg/FaceSet/fgs.png,0.6792
RPG_RT/ChipSet/4748_1082801913.png,a 16-bit pixel art RPG character sprite sheet,0.2566,funnyguyrpg/CharSet/FG-GrayCharas.png,0.6792
RPG_RT/ChipSet/citytest2.png,a 16-bit pixel art RPG character sprite sheet,0.2566,funnyguyrpg/CharSet/FG-GrayCharas.png,0.6792
Funny Guy Sketches (3)2025_04_22_0009.png,a logo or user-interface graphic design,0.2463,funnyguyrpg/CharSet/fg2.png,0.6791
Drawings 2_04.jpg,a crude hand-drawn stick-figure comic strip panel,0.2627,funnyguyrpg/CharSet/fg2.png,0.6788
RPG_RT/Monster/SERIOUSMAN.png,a 16-bit pixel art RPG character sprite sheet,0.2705,funnyguyrpg/CharSet/fg2.png,0.6787
FGC0013.png,a scanned page of handwritten or typed text,0.2588,funnyguyrpg/FaceSet/fgs.png,0.6783
Raw/175_an_fg_christmas_carol_pg4.png,a crude hand-drawn stick-figure comic strip panel,0.288,funnyguycomics/static/comics/001_the_funny_guy.png,0.6779
RPG_RT/Backdrop/dungeon6.png,"an unrelated photograph, like a product or real-world object",0.2448,funnyguyrpg/CharSet/fg2.png,0.6775
wallpaper.psd,a 16-bit pixel art RPG character sprite sheet,0.2437,funnyguyrpg/CharSet/FG-GrayCharas.png,0.6774
Scan0024.jpg,a crude hand-drawn stick-figure comic strip panel,0.2795,funnyguycomics/static/comics/001_the_funny_guy.png,0.6773
FG Puzzle Story PG2.gif,a scanned page of handwritten or typed text,0.3038,funnyguycomics/static/comics/001_the_funny_guy.png,0.6768
RPG_RT/Monster/gargoyle.png,a 16-bit pixel art RPG character sprite sheet,0.2524,funnyguyrpg/CharSet/FG-GrayCharas.png,0.6768
Funny Guy Sketches (3)2025_04_22_0035.png,a scanned page of handwritten or typed text,0.3091,funnyguyrpg/FaceSet/fgs.png,0.6767
Funny Guy Sketches (3)2025_04_22_0007.png,a scanned page of handwritten or typed text,0.2608,funnyguycomics/static/comics/001_the_funny_guy.png,0.6766
install_splashscreen.bmp,a crude hand-drawn stick-figure comic strip panel,0.2614,funnyguyrpg/FaceSet/fgs.png,0.6764
Art/Evilscientist.PNG,a pencil or pen sketch of a cartoon character,0.2721,funnyguycomics/static/comics/001_the_funny_guy.png,0.6763
Art/minimi_stick.gif,a crude hand-drawn stick-figure comic strip panel,0.3186,funnyguycomics/static/comics/001_the_funny_guy.png,0.6763
Funny Guy Sketches (3)2025_04_22_0013.png,a crude hand-drawn stick-figure comic strip panel,0.2703,funnyguycomics/static/comics/001_the_funny_guy.png,0.6762
Sketches (Batch 2)2025_04_22_0031.png,a digital painting or illustration,0.2461,funnyguyrpg/CharSet/FG-GrayCharas.png,0.6761
Funny Guy Sketches2025_04_22_0001.png,a 16-bit pixel art RPG character sprite sheet,0.2481,funnyguyrpg/CharSet/FG-GrayCharas.png,0.676
RPG_RT/Monster/Boss_GuardianGaist_05.png,a 16-bit pixel art RPG character sprite sheet,0.2605,funnyguyrpg/CharSet/FG-GrayCharas.png,0.676
Scan0040.jpg,a scanned page of handwritten or typed text,0.3251,funnyguycomics/static/comics/001_the_funny_guy.png,0.6759
userbar.psd,a logo or user-interface graphic design,0.2384,funnyguyrpg/FaceSet/fgs.png,0.6759
Sketches (Batch 2)2025_04_22_0039.png,a scanned page of handwritten or typed text,0.2563,funnyguycomics/static/comics/001_the_funny_guy.png,0.6758
scrap_short.psd,"an unrelated photograph, like a product or real-world object",0.2413,funnyguyrpg/FaceSet/fgs.png,0.6754
RPG_RT/Monster/Enemy-FatDemon.png,a 16-bit pixel art RPG character sprite sheet,0.2661,funnyguyrpg/CharSet/FG-GrayCharas.png,0.6753
Sketches2025_04_22_0018.png,a scanned page of handwritten or typed text,0.2499,funnyguycomics/static/comics/001_the_funny_guy.png,0.6745
Sketches2025_04_22_0009.png,a pencil or pen sketch of a cartoon character,0.2685,funnyguycomics/static/comics/001_the_funny_guy.png,0.6738
PARCHMENT.png,a pencil or pen sketch of a cartoon character,0.2633,funnyguyrpg/CharSet/fg2.png,0.6735
RPG_RT/Monster/treant.png,a 16-bit pixel art RPG character sprite sheet,0.2482,funnyguyrpg/CharSet/FG-GrayCharas.png,0.6735
RPG_RT/Monster/Neo Exdeath.png,a 16-bit pixel art RPG character sprite sheet,0.2456,funnyguyrpg/CharSet/FG-GrayCharas.png,0.6734
Sketches2025_04_22_0026.png,a pencil or pen sketch of a cartoon character,0.2662,funnyguycomics/static/comics/001_the_funny_guy.png,0.6733
RPG_RT/Monster/frogman.png,a 16-bit pixel art RPG character sprite sheet,0.2752,funnyguyrpg/CharSet/fg2.png,0.6732
Sketches2025_04_22_0004.png,a scanned page of handwritten or typed text,0.2918,funnyguycomics/static/comics/001_the_funny_guy.png,0.673
RPG_RT/Backdrop/lunarO.png,a digital painting or illustration,0.2473,funnyguyrpg/CharSet/FG-GrayCharas.png,0.6727
RPG_RT/Monster/shadow.png,a 16-bit pixel art RPG character sprite sheet,0.2511,funnyguyrpg/CharSet/FG-GrayCharas.png,0.6727
Scan0028.jpg,a scanned page of handwritten or typed text,0.3061,funnyguycomics/static/comics/001_the_funny_guy.png,0.6724
Scan0030.jpg,a scanned page of handwritten or typed text,0.2977,funnyguycomics/static/comics/001_the_funny_guy.png,0.6723
Scan0007.jpg,a scanned page of handwritten or typed text,0.2725,funnyguycomics/static/comics/001_the_funny_guy.png,0.6717
Raw/funnyguycomix161_0cover_book5.psd,a crude hand-drawn stick-figure comic strip panel,0.2878,funnyguycomics/static/comics/001_the_funny_guy.png,0.6715
Funny Guy Sketches (3)2025_04_22_0004.png,a scanned page of handwritten or typed text,0.2755,funnyguyrpg/FaceSet/fgs.png,0.6712
RPG_RT/ChipSet/FG-City.png,a 16-bit pixel art RPG character sprite sheet,0.2513,funnyguyrpg/CharSet/FG-GrayCharas.png,0.6712
RPG_RT/ChipSet/FG-City.psd,a 16-bit pixel art RPG character sprite sheet,0.2513,funnyguyrpg/CharSet/FG-GrayCharas.png,0.6712
Scan0036.jpg,a logo or user-interface graphic design,0.254,funnyguyrpg/FaceSet/fgs.png,0.6708
Scan0052.jpg,a scanned page of handwritten or typed text,0.2701,funnyguycomics/static/comics/001_the_funny_guy.png,0.6708
BOOK5_TITLEBOX_STUDY.psd,a logo or user-interface graphic design,0.2279,funnyguyrpg/FaceSet/fgs.png,0.6703
RPG_RT/Monster/lich.png,a 16-bit pixel art RPG character sprite sheet,0.2626,funnyguyrpg/CharSet/FG-GrayCharas.png,0.6702
RPG_RT/Battle/attack.png,a logo or user-interface graphic design,0.252,funnyguyrpg/CharSet/fg2.png,0.6697
Scan0012.jpg,a pencil or pen sketch of a cartoon character,0.2442,funnyguycomics/static/comics/001_the_funny_guy.png,0.6697
RPG_RT/Monster/graydemon01.png,a 16-bit pixel art RPG character sprite sheet,0.2618,funnyguyrpg/CharSet/FG-GrayCharas.png,0.6696
RPG_RT/Monster/3228_1078892108.png,a 16-bit pixel art RPG character sprite sheet,0.2394,funnyguyrpg/FaceSet/fgs.png,0.6694
Sketches (Batch 2)2025_04_22_0034.png,a logo or user-interface graphic design,0.2338,funnyguyrpg/FaceSet/fgs.png,0.6692
Funny Guy Sketches (3)2025_04_22_0026.png,a scanned page of handwritten or typed text,0.2821,funnyguycomics/static/comics/001_the_funny_guy.png,0.6688
GENERAL REMINDERS_03.jpg,a digital painting or illustration,0.254,funnyguyrpg/CharSet/fg2.png,0.6683
RPG_RT/Backdrop/lunar4.png,a digital painting or illustration,0.2733,funnyguyrpg/CharSet/fg2.png,0.6679
Sketches2025_04_22_0039.png,a scanned page of handwritten or typed text,0.2965,funnyguyrpg/CharSet/fg2.png,0.6672
Scan0136.jpg,a logo or user-interface graphic design,0.2607,funnyguyrpg/FaceSet/fgs.png,0.6671
RPG_RT/Monster/IronGiant.png,a 16-bit pixel art RPG character sprite sheet,0.2872,funnyguyrpg/CharSet/FG-GrayCharas.png,0.6669
Sketches (Batch 2)2025_04_22_0046.png,a scanned page of handwritten or typed text,0.2588,funnyguyrpg/FaceSet/fgs.png,0.6669
RPG_RT/Monster/midgard-serp.png,a 16-bit pixel art RPG character sprite sheet,0.2568,funnyguyrpg/CharSet/FG-GrayCharas.png,0.6667
Sketches2025_04_22_0042.png,a scanned page of handwritten or typed text,0.2716,funnyguycomics/static/comics/001_the_funny_guy.png,0.6665
Scan0015.jpg,a pencil or pen sketch of a cartoon character,0.2741,funnyguycomics/static/comics/001_the_funny_guy.png,0.6661
RPG_RT/Monster/FF2Hellgigas(UltimateMaxim).png,a 16-bit pixel art RPG character sprite sheet,0.2684,funnyguyrpg/CharSet/FG-GrayCharas.png,0.6654
FGC0012.png,a logo or user-interface graphic design,0.2472,funnyguyrpg/CharSet/fg2.png,0.6653
RPG_RT/Monster/18421_1172012534.png,a 16-bit pixel art RPG character sprite sheet,0.2729,funnyguyrpg/CharSet/FG-GrayCharas.png,0.6651
RPG_RT/Monster/atmaweapon.png,a 16-bit pixel art RPG character sprite sheet,0.248,funnyguyrpg/CharSet/FG-GrayCharas.png,0.6648
is01p26-72dpi.jpg,a digital painting or illustration,0.2234,funnyguycomics/static/comics/001_the_funny_guy.png,0.6648
RPG_RT/Monster/3228_1063500593.png,a 16-bit pixel art RPG character sprite sheet,0.2663,funnyguyrpg/CharSet/FG-GrayCharas.png,0.6646
RPG_RT/Battle/hadoken.png,"an unrelated photograph, like a product or real-world object",0.2311,funnyguyrpg/FaceSet/fgs.png,0.6645
RPG_RT/Monster/FF2Gianttoad(UltimateMaxim).png,a 16-bit pixel art RPG character sprite sheet,0.2588,funnyguyrpg/CharSet/FG-GrayCharas.png,0.6642
Funny Guy Sketches (3)2025_04_22_0044.png,a crude hand-drawn stick-figure comic strip panel,0.2328,funnyguycomics/static/comics/001_the_funny_guy.png,0.664
Books/Nawful_#9.png,a scanned page of handwritten or typed text,0.3014,funnyguycomics/static/comics/001_the_funny_guy.png,0.6639
Sketches (Batch 2)2025_04_22_0047.png,a logo or user-interface graphic design,0.2321,funnyguycomics/static/comics/001_the_funny_guy.png,0.6637
RPG_RT/Monster/18421_1172012480.png,a 16-bit pixel art RPG character sprite sheet,0.2688,funnyguyrpg/FaceSet/fgs.png,0.6634
Inspiration/2007-06-20.jpg,a crude hand-drawn stick-figure comic strip panel,0.2503,funnyguycomics/static/comics/001_the_funny_guy.png,0.6633
FGC0009.png,a crude hand-drawn stick-figure comic strip panel,0.2568,funnyguycomics/static/comics/001_the_funny_guy.png,0.6631
Sketches (Batch 2)2025_04_22_0027.png,a scanned page of handwritten or typed text,0.2692,funnyguycomics/static/comics/001_the_funny_guy.png,0.6631
Sketches (Batch 2)2025_04_22_0072.png,a logo or user-interface graphic design,0.2696,funnyguycomics/static/comics/001_the_funny_guy.png,0.6629
Sketches2025_04_22_0022.png,a crude hand-drawn stick-figure comic strip panel,0.253,funnyguyrpg/FaceSet/fgs.png,0.6624
RPG_RT/Backdrop/bg018.png,a digital painting or illustration,0.2459,funnyguyrpg/CharSet/FG-GrayCharas.png,0.6622
Sketches2025_04_22_0027.png,a scanned page of handwritten or typed text,0.2838,funnyguycomics/static/comics/001_the_funny_guy.png,0.6617
Yellow Notebook (26).jpg,a crude hand-drawn stick-figure comic strip panel,0.2658,funnyguyrpg/CharSet/fg2.png,0.6613
RPG_RT/Monster/osteosaur.png,a 16-bit pixel art RPG character sprite sheet,0.2481,funnyguyrpg/CharSet/FG-GrayCharas.png,0.6609
RPG_RT/Monster/odin.png,a 16-bit pixel art RPG character sprite sheet,0.2674,funnyguyrpg/CharSet/FG-GrayCharas.png,0.6607
Scan0050.jpg,a scanned page of handwritten or typed text,0.2809,funnyguycomics/static/comics/001_the_funny_guy.png,0.6607
RPG_RT/Monster/Barney.png,a 16-bit pixel art RPG character sprite sheet,0.2498,funnyguyrpg/CharSet/fg2.png,0.6605
Inspiration/Babylonian_symbols.gif,a 16-bit pixel art RPG character sprite sheet,0.2477,funnyguyrpg/FaceSet/fgs.png,0.6599
site logo (FG).psd,a 16-bit pixel art RPG character sprite sheet,0.2437,funnyguyrpg/FaceSet/fgs.png,0.6598
Guide/images/screen3.gif,a 16-bit pixel art RPG character sprite sheet,0.2535,funnyguyrpg/CharSet/FG-GrayCharas.png,0.6597
fgcomix066_A_New_Journey_drawing.psd,a crude hand-drawn stick-figure comic strip panel,0.2738,funnyguycomics/static/comics/001_the_funny_guy.png,0.6596
Scan0031.jpg,a scanned page of handwritten or typed text,0.2775,funnyguycomics/static/comics/001_the_funny_guy.png,0.6594
RPG_RT/Monster/Crystal Dragon2.png,a 16-bit pixel art RPG character sprite sheet,0.2816,funnyguyrpg/CharSet/FG-GrayCharas.png,0.6592
Sketches (Batch 2)2025_04_22_0004.png,a scanned page of handwritten or typed text,0.2516,funnyguyrpg/CharSet/FG-GrayCharas.png,0.6591
"Scan302, March 07, 2005.gif",a scanned page of handwritten or typed text,0.2655,funnyguycomics/static/comics/001_the_funny_guy.png,0.6589
"Scans/Scan302, March 07, 2005.gif",a scanned page of handwritten or typed text,0.2655,funnyguycomics/static/comics/001_the_funny_guy.png,0.6589
Raw/209_dino_destruction.png,a crude hand-drawn stick-figure comic strip panel,0.2588,funnyguycomics/static/comics/001_the_funny_guy.png,0.658
RPG_RT/Monster/RuinsGuard.png,a 16-bit pixel art RPG character sprite sheet,0.2481,funnyguyrpg/CharSet/FG-GrayCharas.png,0.6571
Sketches (Batch 2)2025_04_22_0056.png,a logo or user-interface graphic design,0.2465,funnyguyrpg/CharSet/fg2.png,0.6569
Scan0152.jpg,a digital painting or illustration,0.2305,funnyguyrpg/FaceSet/fgs.png,0.6566
Funny Guy Sketches (3)2025_04_22_0047.png,a scanned page of handwritten or typed text,0.2515,funnyguycomics/static/comics/001_the_funny_guy.png,0.6565
RPG_RT/Monster/3228_1063500559.png,a 16-bit pixel art RPG character sprite sheet,0.2706,funnyguyrpg/CharSet/FG-GrayCharas.png,0.6565
Sketches2025_04_22_0019.png,a scanned page of handwritten or typed text,0.2743,funnyguycomics/static/comics/001_the_funny_guy.png,0.6564
FGhouse.jpg,a crude hand-drawn stick-figure comic strip panel,0.2575,funnyguycomics/static/comics/001_the_funny_guy.png,0.6562
Scan0020.jpg,a pencil or pen sketch of a cartoon character,0.2612,funnyguyrpg/FaceSet/fgs.png,0.656
Scan0054.jpg,a digital painting or illustration,0.258,funnyguyrpg/FaceSet/fgs.png,0.6559
"Card Game/Scan275, March 07, 2005.gif",a logo or user-interface graphic design,0.2735,funnyguyrpg/FaceSet/fgs.png,0.6556
Inspiration/1327068302712.jpg,a crude hand-drawn stick-figure comic strip panel,0.275,funnyguycomics/static/comics/001_the_funny_guy.png,0.6556
"Scans/Scan275, March 07, 2005.gif",a logo or user-interface graphic design,0.2735,funnyguyrpg/FaceSet/fgs.png,0.6556
RPG_RT/Backdrop/dungeon2.png,"an unrelated photograph, like a product or real-world object",0.2369,funnyguyrpg/CharSet/FG-GrayCharas.png,0.6552
RPG_RT/Backdrop/forest1.png,a digital painting or illustration,0.2562,funnyguyrpg/CharSet/fg2.png,0.655
Scan0046.jpg,a crude hand-drawn stick-figure comic strip panel,0.282,funnyguycomics/static/comics/001_the_funny_guy.png,0.655
Sketches2025_04_22_0015.png,a scanned page of handwritten or typed text,0.2712,funnyguycomics/static/comics/001_the_funny_guy.png,0.6546
Funny Guy Sketches (3)2025_04_22_0002.png,a logo or user-interface graphic design,0.2597,funnyguyrpg/FaceSet/fgs.png,0.6539
funnyguycomix161_0cover_book5.psd,a crude hand-drawn stick-figure comic strip panel,0.2837,funnyguycomics/static/comics/001_the_funny_guy.png,0.6538
Scan0037.jpg,a scanned page of handwritten or typed text,0.3209,funnyguycomics/static/comics/001_the_funny_guy.png,0.6529
Art/timet_stick.gif,a crude hand-drawn stick-figure comic strip panel,0.2963,funnyguycomics/static/comics/001_the_funny_guy.png,0.6528
Sketches2025_04_22_0010.png,a logo or user-interface graphic design,0.2653,funnyguyrpg/FaceSet/fgs.png,0.6528
install_splashscreen2.bmp,a digital painting or illustration,0.2218,funnyguyrpg/CharSet/fg2.png,0.6527
install_splashscreen.psd,a digital painting or illustration,0.2218,funnyguyrpg/CharSet/fg2.png,0.6527
Scan0135.jpg,a pencil or pen sketch of a cartoon character,0.23,funnyguyrpg/FaceSet/fgs.png,0.6524
RPG_RT/Monster/3228_1063500531.png,a 16-bit pixel art RPG character sprite sheet,0.2656,funnyguyrpg/CharSet/FG-GrayCharas.png,0.652
Sketches (Batch 2)2025_04_22_0068.png,a scanned page of handwritten or typed text,0.2788,funnyguycomics/static/comics/001_the_funny_guy.png,0.652
Sketches2025_04_22_0041.png,a pencil or pen sketch of a cartoon character,0.2751,funnyguycomics/static/comics/001_the_funny_guy.png,0.6517
Raw/209_dino_destruction.psd,a crude hand-drawn stick-figure comic strip panel,0.2566,funnyguycomics/static/comics/001_the_funny_guy.png,0.6516
Funny Guy Sketches (3)2025_04_22_0014.png,a scanned page of handwritten or typed text,0.2998,funnyguycomics/static/comics/001_the_funny_guy.png,0.6512
RPG_RT/Monster/redsparrow.png,a 16-bit pixel art RPG character sprite sheet,0.2432,funnyguyrpg/FaceSet/fgs.png,0.6511
nav (2).psd,a crude hand-drawn stick-figure comic strip panel,0.2421,funnyguycomics/static/comics/001_the_funny_guy.png,0.6509
Sketches (Batch 2)2025_04_22_0001.png,a crude hand-drawn stick-figure comic strip panel,0.2648,funnyguycomics/static/comics/001_the_funny_guy.png,0.6508
1.psd,a crude hand-drawn stick-figure comic strip panel,0.2147,funnyguycomics/static/comics/001_the_funny_guy.png,0.6508
Sketches (Batch 2)2025_04_22_0071.png,a scanned page of handwritten or typed text,0.2717,funnyguycomics/static/comics/001_the_funny_guy.png,0.6505
Sketches (Batch 2)2025_04_22_0019.png,a scanned page of handwritten or typed text,0.3142,funnyguycomics/static/comics/001_the_funny_guy.png,0.6504
RPG_RT/Monster/1730_1059529470.png,a 16-bit pixel art RPG character sprite sheet,0.2594,funnyguyrpg/CharSet/fg2.png,0.6502
Sketches (Batch 2)2025_04_22_0053.png,a scanned page of handwritten or typed text,0.3094,funnyguycomics/static/comics/001_the_funny_guy.png,0.6494
Covers/Book 3.psd,a crude hand-drawn stick-figure comic strip panel,0.2692,funnyguycomics/static/comics/001_the_funny_guy.png,0.6494
RPG_RT/Monster/behemoth.png,a 16-bit pixel art RPG character sprite sheet,0.2507,funnyguyrpg/CharSet/FG-GrayCharas.png,0.6492
Funny Guy Sketches (3)2025_04_22_0022.png,a scanned page of handwritten or typed text,0.2745,funnyguycomics/static/comics/001_the_funny_guy.png,0.649
RPG_RT/Backdrop/desert.png,a digital painting or illustration,0.2585,funnyguyrpg/CharSet/FG-GrayCharas.png,0.649
Sketches2025_04_22_0017.png,a scanned page of handwritten or typed text,0.2658,funnyguycomics/static/comics/001_the_funny_guy.png,0.6488
RPG_RT/Backdrop/wasteland.png,a digital painting or illustration,0.2467,funnyguyrpg/CharSet/FG-GrayCharas.png,0.6487
RPG_RT/Backdrop/lunarM.png,a digital painting or illustration,0.2391,funnyguyrpg/CharSet/FG-GrayCharas.png,0.648
RPG_RT/Picture/credits8.png,a logo or user-interface graphic design,0.2388,funnyguyrpg/CharSet/fg2.png,0.6479
tfgc189_sketch.jpg,a scanned page of handwritten or typed text,0.2378,funnyguyrpg/FaceSet/fgs.png,0.6476
fgcomix021_DNA_drawing.psd,a crude hand-drawn stick-figure comic strip panel,0.2519,funnyguycomics/static/comics/001_the_funny_guy.png,0.6471
Face Mug -Josh Baker 2025_04_22_001.png,a pencil or pen sketch of a cartoon character,0.2787,funnyguycomics/static/comics/001_the_funny_guy.png,0.647
FGComics Ideas_10.jpg,a scanned page of handwritten or typed text,0.2648,funnyguycomics/static/comics/001_the_funny_guy.png,0.6469
Scan0034.jpg,a scanned page of handwritten or typed text,0.3049,funnyguycomics/static/comics/001_the_funny_guy.png,0.6465
Scan0051.jpg,a scanned page of handwritten or typed text,0.3042,funnyguycomics/static/comics/001_the_funny_guy.png,0.6463
RPG_RT/Backdrop/mountain.png,a 16-bit pixel art RPG character sprite sheet,0.2241,funnyguyrpg/CharSet/FG-GrayCharas.png,0.6461
Scan0010.jpg,a crude hand-drawn stick-figure comic strip panel,0.2916,funnyguycomics/static/comics/001_the_funny_guy.png,0.6455
RPG_RT/Backdrop/lunar006.png,a digital painting or illustration,0.2063,funnyguyrpg/CharSet/fg2.png,0.6452
Yellow Notebook (19).jpg,a scanned page of handwritten or typed text,0.2987,funnyguycomics/static/comics/001_the_funny_guy.png,0.6447
Art/target_stick.gif,a crude hand-drawn stick-figure comic strip panel,0.2852,funnyguycomics/static/comics/001_the_funny_guy.png,0.6443
fgcomix125_DNA_Paint_drawing.psd,a crude hand-drawn stick-figure comic strip panel,0.2532,funnyguycomics/static/comics/001_the_funny_guy.png,0.6443
Sketches2025_04_22_0014.png,a scanned page of handwritten or typed text,0.2976,funnyguycomics/static/comics/001_the_funny_guy.png,0.644
RPG_RT/Backdrop/bridge.png,a digital painting or illustration,0.2386,funnyguyrpg/CharSet/FG-GrayCharas.png,0.6436
Scan0039.jpg,a scanned page of handwritten or typed text,0.3096,funnyguycomics/static/comics/001_the_funny_guy.png,0.6436
Sketches2025_04_22_0023.png,a scanned page of handwritten or typed text,0.2512,funnyguyrpg/CharSet/fg2.png,0.6433
Image (40).jpg,a crude hand-drawn stick-figure comic strip panel,0.2907,funnyguycomics/static/comics/001_the_funny_guy.png,0.6432
RPG_RT/Monster/1730_1059712168.png,a 16-bit pixel art RPG character sprite sheet,0.2649,funnyguyrpg/CharSet/FG-GrayCharas.png,0.6431
Scan0049.jpg,a scanned page of handwritten or typed text,0.3218,funnyguycomics/static/comics/001_the_funny_guy.png,0.6431
grunge_palette.psd,a scanned page of handwritten or typed text,0.2986,funnyguycomics/static/comics/001_the_funny_guy.png,0.6431
"Scan292, March 07, 2005.gif",a crude hand-drawn stick-figure comic strip panel,0.2535,funnyguycomics/static/comics/001_the_funny_guy.png,0.643
"Scans/Scan292, March 07, 2005.gif",a crude hand-drawn stick-figure comic strip panel,0.2535,funnyguycomics/static/comics/001_the_funny_guy.png,0.643
Funny Guy Sketches (3)2025_04_22_0058.png,a crude hand-drawn stick-figure comic strip panel,0.2494,funnyguycomics/static/comics/001_the_funny_guy.png,0.6425
Funny Guy Sketches (3)2025_04_22_0042.png,a scanned page of handwritten or typed text,0.2851,funnyguyrpg/FaceSet/fgs.png,0.6422
Funny Guy Sketches (3)2025_04_22_0043.png,a scanned page of handwritten or typed text,0.2853,funnyguycomics/static/comics/001_the_funny_guy.png,0.6422
Art/Olympian.PNG,a pencil or pen sketch of a cartoon character,0.2686,funnyguycomics/static/comics/001_the_funny_guy.png,0.6414
Funny Guy Concepts 0001_0001.png,a scanned page of handwritten or typed text,0.2878,funnyguycomics/static/comics/001_the_funny_guy.png,0.6411
Old FG Contract [VOID] 2.jpg,a scanned page of handwritten or typed text,0.2665,funnyguycomics/static/comics/001_the_funny_guy.png,0.6408
Scan0013.jpg,a crude hand-drawn stick-figure comic strip panel,0.2454,funnyguycomics/static/comics/001_the_funny_guy.png,0.6408
myspace_design.psd,a logo or user-interface graphic design,0.2597,funnyguyrpg/FaceSet/fgs.png,0.6405
Sketches2025_04_22_0035.png,a crude hand-drawn stick-figure comic strip panel,0.2395,funnyguycomics/static/comics/001_the_funny_guy.png,0.6404
Batch-4.09.jpg,a scanned page of handwritten or typed text,0.3239,funnyguycomics/static/comics/001_the_funny_guy.png,0.6403
Yellow Notebook (3).jpg,a crude hand-drawn stick-figure comic strip panel,0.2617,funnyguycomics/static/comics/001_the_funny_guy.png,0.6401
funnyguycomix201_0cover_book6.psd,a crude hand-drawn stick-figure comic strip panel,0.2519,funnyguycomics/static/comics/001_the_funny_guy.png,0.6394
Art/evilsci_stick.gif,a crude hand-drawn stick-figure comic strip panel,0.3,funnyguycomics/static/comics/001_the_funny_guy.png,0.6393
Funny Guy Sketches (3)2025_04_22_0048.png,a scanned page of handwritten or typed text,0.2544,funnyguyrpg/FaceSet/fgs.png,0.6391
Sketches2025_04_22_0032.png,a scanned page of handwritten or typed text,0.2786,funnyguyrpg/FaceSet/fgs.png,0.6391
Scan0038.jpg,a scanned page of handwritten or typed text,0.3443,funnyguycomics/static/comics/001_the_funny_guy.png,0.6383
scrn4.JPG,a 16-bit pixel art RPG character sprite sheet,0.268,funnyguyrpg/CharSet/FG-GrayCharas.png,0.6381
Funny Guy Sketches (3)2025_04_22_0034.png,a scanned page of handwritten or typed text,0.3287,funnyguyrpg/FaceSet/fgs.png,0.6377
Sketches (Batch 2)2025_04_22_0011.png,a scanned page of handwritten or typed text,0.256,funnyguycomics/static/comics/001_the_funny_guy.png,0.6376
Sketches2025_04_22_0029.png,a scanned page of handwritten or typed text,0.3052,funnyguycomics/static/comics/001_the_funny_guy.png,0.6374
Funny Guy Sketches (3)2025_04_22_0017.png,a logo or user-interface graphic design,0.2632,funnyguycomics/static/comics/001_the_funny_guy.png,0.6368
FGPRG 1-1 2.png,a 16-bit pixel art RPG character sprite sheet,0.2305,funnyguyrpg/CharSet/fg2.png,0.636
RPG_RT/Monster/3228_1063500760.png,a 16-bit pixel art RPG character sprite sheet,0.2605,funnyguyrpg/CharSet/FG-GrayCharas.png,0.6357
Sketches (Batch 2)2025_04_22_0024.png,a scanned page of handwritten or typed text,0.2912,funnyguycomics/static/comics/001_the_funny_guy.png,0.6355
"Card Game/Scan274, March 07, 2005.gif",a logo or user-interface graphic design,0.2668,funnyguyrpg/CharSet/fg2.png,0.6354
"Scans/Scan274, March 07, 2005.gif",a logo or user-interface graphic design,0.2668,funnyguyrpg/CharSet/fg2.png,0.6354
RPG_RT/Monster/fenrir.png,a 16-bit pixel art RPG character sprite sheet,0.2364,funnyguyrpg/FaceSet/fgs.png,0.6345
Yellow Notebook (25).jpg,a scanned page of handwritten or typed text,0.3085,funnyguyrpg/FaceSet/fgs.png,0.6336
scrn2.JPG,a 16-bit pixel art RPG character sprite sheet,0.2377,funnyguyrpg/CharSet/FG-GrayCharas.png,0.6336
Scan0004.jpg,a scanned page of handwritten or typed text,0.2758,funnyguycomics/static/comics/001_the_funny_guy.png,0.6335
Scan0005.jpg,a scanned page of handwritten or typed text,0.2758,funnyguycomics/static/comics/001_the_funny_guy.png,0.6335
Scan0053.jpg,a digital painting or illustration,0.236,funnyguyrpg/FaceSet/fgs.png,0.6332
Yellow Notebook (2).jpg,a scanned page of handwritten or typed text,0.2907,funnyguycomics/static/comics/001_the_funny_guy.png,0.6332
Scan0011.jpg,a crude hand-drawn stick-figure comic strip panel,0.2603,funnyguycomics/static/comics/001_the_funny_guy.png,0.6321
Inspiration/avatar_6419.png,a digital painting or illustration,0.2358,funnyguycomics/static/comics/001_the_funny_guy.png,0.632
Funny Guy Sketches (3)2025_04_22_0036.png,a scanned page of handwritten or typed text,0.2718,funnyguyrpg/FaceSet/fgs.png,0.6317
Sketches (Batch 2)2025_04_22_0054.png,a scanned page of handwritten or typed text,0.306,funnyguycomics/static/comics/001_the_funny_guy.png,0.6317
RPG_RT/Picture/theend.png,a logo or user-interface graphic design,0.2291,funnyguyrpg/FaceSet/fgs.png,0.6316
Books/(C185)AOTD_cover.png,a crude hand-drawn stick-figure comic strip panel,0.272,funnyguycomics/static/comics/001_the_funny_guy.png,0.6313
Yellow Notebook (11).jpg,a scanned page of handwritten or typed text,0.3049,funnyguyrpg/FaceSet/fgs.png,0.6312
fgrpg cover downsize for web.psd,a logo or user-interface graphic design,0.2223,funnyguyrpg/FaceSet/fgs.png,0.6312
RPG_RT/Monster/Sea Naga.png,a 16-bit pixel art RPG character sprite sheet,0.2408,funnyguyrpg/CharSet/FG-GrayCharas.png,0.6307
Scan0139.jpg,a logo or user-interface graphic design,0.2384,funnyguyrpg/CharSet/FG-GrayCharas.png,0.6307
The New Deal.psd,a scanned page of handwritten or typed text,0.2609,funnyguycomics/static/comics/001_the_funny_guy.png,0.6307
dark.png,a digital painting or illustration,0.237,funnyguyrpg/CharSet/FG-GrayCharas.png,0.6303
Books/Kare Bear War/karebear1.bmp,a scanned page of handwritten or typed text,0.256,funnyguycomics/static/comics/001_the_funny_guy.png,0.6302
Sketches2025_04_22_0028.png,a scanned page of handwritten or typed text,0.2956,funnyguycomics/static/comics/001_the_funny_guy.png,0.6301
Raw/funnyguycomix091_0cover_book3.psd,a crude hand-drawn stick-figure comic strip panel,0.315,funnyguycomics/static/comics/001_the_funny_guy.png,0.6296
Raw/funnyguycomix201_0cover_book6.psd,a crude hand-drawn stick-figure comic strip panel,0.2468,funnyguyrpg/CharSet/fg2.png,0.6296
FGC0010.png,a scanned page of handwritten or typed text,0.2992,funnyguycomics/static/comics/001_the_funny_guy.png,0.6295
FGComics Notes_01.jpg,a crude hand-drawn stick-figure comic strip panel,0.2677,funnyguyrpg/CharSet/fg2.png,0.6294
RPG_RT/Monster/Pyros.png,a 16-bit pixel art RPG character sprite sheet,0.271,funnyguyrpg/CharSet/FG-GrayCharas.png,0.629
puzzlestory.png,a scanned page of handwritten or typed text,0.2986,funnyguycomics/static/comics/001_the_funny_guy.png,0.6289
book 6 logo study.psd,a logo or user-interface graphic design,0.2448,funnyguyrpg/FaceSet/fgs.png,0.6287
Art/jr_stick.gif,a crude hand-drawn stick-figure comic strip panel,0.2854,funnyguycomics/static/comics/001_the_funny_guy.png,0.6282
Scan0045.jpg,a crude hand-drawn stick-figure comic strip panel,0.285,funnyguycomics/static/comics/001_the_funny_guy.png,0.6282
Sketches (Batch 2)2025_04_22_0029.png,a scanned page of handwritten or typed text,0.2642,funnyguyrpg/FaceSet/fgs.png,0.6282
torn.psd,a logo or user-interface graphic design,0.2237,funnyguyrpg/CharSet/fg2.png,0.6282
Yellow Notebook (9).jpg,a scanned page of handwritten or typed text,0.2937,funnyguycomics/static/comics/001_the_funny_guy.png,0.6276
Drawings 2_05.jpg,a pencil or pen sketch of a cartoon character,0.2438,funnyguyrpg/FaceSet/fgs.png,0.6269
Scan0043.jpg,a scanned page of handwritten or typed text,0.2376,funnyguycomics/static/comics/001_the_funny_guy.png,0.6268
Yellow Notebook (16).jpg,a scanned page of handwritten or typed text,0.2919,funnyguycomics/static/comics/001_the_funny_guy.png,0.626
Art/sm_stick.gif,a crude hand-drawn stick-figure comic strip panel,0.2813,funnyguycomics/static/comics/001_the_funny_guy.png,0.6258
RPG_RT/Battle/Cross3.png,"an unrelated photograph, like a product or real-world object",0.2186,funnyguyrpg/CharSet/fg2.png,0.6257
Scan0014.jpg,a pencil or pen sketch of a cartoon character,0.2391,funnyguyrpg/FaceSet/fgs.png,0.6257
Sketches (Batch 2)2025_04_22_0021.png,a scanned page of handwritten or typed text,0.2585,funnyguycomics/static/comics/001_the_funny_guy.png,0.6252
RPG_RT/Monster/1730_1100744976.png,a 16-bit pixel art RPG character sprite sheet,0.2565,funnyguyrpg/FaceSet/fgs.png,0.6251
Art/pottyp_stick.gif,a crude hand-drawn stick-figure comic strip panel,0.2754,funnyguycomics/static/comics/001_the_funny_guy.png,0.6238
Sketches (Batch 2)2025_04_22_0014.png,a scanned page of handwritten or typed text,0.2413,funnyguycomics/static/comics/001_the_funny_guy.png,0.6229
Scans/target_2003-2012.png,a crude hand-drawn stick-figure comic strip panel,0.2887,funnyguycomics/static/comics/001_the_funny_guy.png,0.622
SiteDesignDecember2015.psd,a crude hand-drawn stick-figure comic strip panel,0.2693,funnyguyrpg/CharSet/fg2.png,0.6218
Sketches2025_04_22_0008.png,a scanned page of handwritten or typed text,0.2512,funnyguycomics/static/comics/001_the_funny_guy.png,0.6211
Raw/funnyguycomix281_0cover_book8.psd,a crude hand-drawn stick-figure comic strip panel,0.2861,funnyguycomics/static/comics/001_the_funny_guy.png,0.6209
Sketches (Batch 2)2025_04_22_0050.png,a scanned page of handwritten or typed text,0.2781,funnyguyrpg/FaceSet/fgs.png,0.6202
Sketches (Batch 2)2025_04_22_0012.png,a scanned page of handwritten or typed text,0.3059,funnyguycomics/static/comics/001_the_funny_guy.png,0.62
RPG_RT/Monster/hobo.png,a 16-bit pixel art RPG character sprite sheet,0.2664,funnyguyrpg/CharSet/FG-GrayCharas.png,0.6192
Scan0006.jpg,a crude hand-drawn stick-figure comic strip panel,0.2837,funnyguycomics/static/comics/001_the_funny_guy.png,0.6191
Sketches (Batch 2)2025_04_22_0030.png,a scanned page of handwritten or typed text,0.2801,funnyguycomics/static/comics/001_the_funny_guy.png,0.6189
Yellow Notebook (5).jpg,a scanned page of handwritten or typed text,0.2932,funnyguycomics/static/comics/001_the_funny_guy.png,0.6165
Books/Nawful_#10.png,a scanned page of handwritten or typed text,0.2433,funnyguycomics/static/comics/001_the_funny_guy.png,0.6164
funnyguycomix001_0cover_book1.psd,a crude hand-drawn stick-figure comic strip panel,0.2744,funnyguycomics/static/comics/001_the_funny_guy.png,0.6161
Sketches (Batch 2)2025_04_22_0006.png,a scanned page of handwritten or typed text,0.2841,funnyguycomics/static/comics/001_the_funny_guy.png,0.6155
Guide/images/screen4.gif,a 16-bit pixel art RPG character sprite sheet,0.2558,funnyguyrpg/CharSet/FG-GrayCharas.png,0.6154
RPG_RT/Monster/ogre.png,a 16-bit pixel art RPG character sprite sheet,0.2632,funnyguyrpg/CharSet/FG-GrayCharas.png,0.6151
Yellow Notebook (17).jpg,a scanned page of handwritten or typed text,0.2699,funnyguycomics/static/comics/001_the_funny_guy.png,0.6151
Yellow Notebook (21).jpg,a scanned page of handwritten or typed text,0.2788,funnyguycomics/static/comics/001_the_funny_guy.png,0.614
Yellow Notebook (20).jpg,a scanned page of handwritten or typed text,0.2718,funnyguycomics/static/comics/001_the_funny_guy.png,0.6139
fgcomics.com.psd,a logo or user-interface graphic design,0.2438,funnyguyrpg/CharSet/fg2.png,0.6139
fgcomix033_Yellow_Snow_drawing.psd,a crude hand-drawn stick-figure comic strip panel,0.2739,funnyguycomics/static/comics/001_the_funny_guy.png,0.6135
Covers/Book Logos 1-4.psd,a crude hand-drawn stick-figure comic strip panel,0.2803,funnyguycomics/static/comics/001_the_funny_guy.png,0.6134
Sketches (Batch 2)2025_04_22_0020.png,a logo or user-interface graphic design,0.2435,funnyguycomics/static/comics/001_the_funny_guy.png,0.6133
Image (19).jpg,a scanned page of handwritten or typed text,0.3,funnyguycomics/static/comics/001_the_funny_guy.png,0.6132
Funny Guy Sketches (3)2025_04_22_0018.png,a scanned page of handwritten or typed text,0.2663,funnyguycomics/static/comics/001_the_funny_guy.png,0.6131
RPG_RT/Backdrop/lunarJ.png,a 16-bit pixel art RPG character sprite sheet,0.2411,funnyguyrpg/CharSet/FG-GrayCharas.png,0.613
Scan0141.jpg,a scanned page of handwritten or typed text,0.2749,funnyguyrpg/FaceSet/fgs.png,0.6117
"Scan305, March 07, 2005.gif",a pencil or pen sketch of a cartoon character,0.2355,funnyguyrpg/CharSet/FG-GrayCharas.png,0.6114
"Scans/Scan305, March 07, 2005.gif",a pencil or pen sketch of a cartoon character,0.2355,funnyguyrpg/CharSet/FG-GrayCharas.png,0.6114
Art/yoda.gif,a crude hand-drawn stick-figure comic strip panel,0.2873,funnyguycomics/static/comics/001_the_funny_guy.png,0.6111
header.jpg,a logo or user-interface graphic design,0.2313,funnyguyrpg/CharSet/fg2.png,0.6111
Funny Guy Sketches (3)2025_04_22_0033.png,a scanned page of handwritten or typed text,0.2889,funnyguycomics/static/comics/001_the_funny_guy.png,0.611
RPG_RT/Monster/3228_1063500316.png,a 16-bit pixel art RPG character sprite sheet,0.251,funnyguyrpg/CharSet/FG-GrayCharas.png,0.611
Raw/funnyguycomix001_0cover_book1.psd,a crude hand-drawn stick-figure comic strip panel,0.2748,funnyguycomics/static/comics/001_the_funny_guy.png,0.61
Sketches (Batch 2)2025_04_22_0043.png,a pencil or pen sketch of a cartoon character,0.234,funnyguycomics/static/comics/001_the_funny_guy.png,0.6099
Yellow Notebook (4).jpg,a scanned page of handwritten or typed text,0.2859,funnyguycomics/static/comics/001_the_funny_guy.png,0.6098
logo1.png,a logo or user-interface graphic design,0.2218,funnyguyrpg/FaceSet/fgs.png,0.6095
Art/element_stick.gif,a crude hand-drawn stick-figure comic strip panel,0.2759,funnyguycomics/static/comics/001_the_funny_guy.png,0.6091
FGComics Ideas_07.jpg,a scanned page of handwritten or typed text,0.2558,funnyguycomics/static/comics/001_the_funny_guy.png,0.6091
GTH_Logo.gif,a logo or user-interface graphic design,0.2194,funnyguyrpg/CharSet/fg2.png,0.6089
Sketches2025_04_22_0012.png,a pencil or pen sketch of a cartoon character,0.2476,funnyguyrpg/CharSet/FG-GrayCharas.png,0.6089
Art/mrevil_stick.gif,a crude hand-drawn stick-figure comic strip panel,0.2765,funnyguycomics/static/comics/001_the_funny_guy.png,0.6087
RPG_RT/Backdrop/lunar068.png,a 16-bit pixel art RPG character sprite sheet,0.2169,funnyguyrpg/CharSet/fg2.png,0.6083
funnyguycomix091_0cover_book3.psd,a crude hand-drawn stick-figure comic strip panel,0.3032,funnyguycomics/static/comics/001_the_funny_guy.png,0.6079
Scan0142.jpg,a scanned page of handwritten or typed text,0.2828,funnyguycomics/static/comics/001_the_funny_guy.png,0.6076
Funny Guy Sketches (3)2025_04_22_0016.png,a logo or user-interface graphic design,0.241,funnyguyrpg/FaceSet/fgs.png,0.6073
Snapshot 14-12-2015.JPG,a crude hand-drawn stick-figure comic strip panel,0.3017,funnyguycomics/static/comics/001_the_funny_guy.png,0.6062
Yellow Notebook (14).jpg,a scanned page of handwritten or typed text,0.2917,funnyguycomics/static/comics/001_the_funny_guy.png,0.6051
Funny Guy Sketches (3)2025_04_22_0041.png,a scanned page of handwritten or typed text,0.2945,funnyguycomics/static/comics/001_the_funny_guy.png,0.6044
FGRPG Icon.psd,a 16-bit pixel art RPG character sprite sheet,0.277,funnyguyrpg/CharSet/fg2.png,0.6044
Books/XmasCarol_cover.png,a scanned page of handwritten or typed text,0.2615,funnyguycomics/static/comics/001_the_funny_guy.png,0.6039
Sketches (Batch 2)2025_04_22_0036.png,a pencil or pen sketch of a cartoon character,0.2387,funnyguycomics/static/comics/001_the_funny_guy.png,0.6038
Sketches (Batch 2)2025_04_22_0035.png,a digital painting or illustration,0.2514,funnyguyrpg/CharSet/FG-GrayCharas.png,0.6026
Yellow Notebook (7).jpg,a scanned page of handwritten or typed text,0.2902,funnyguycomics/static/comics/001_the_funny_guy.png,0.6026
Sketches2025_04_22_0021.png,a scanned page of handwritten or typed text,0.2843,funnyguycomics/static/comics/001_the_funny_guy.png,0.6019
funnyguycomix051_0cover_book2.psd,a crude hand-drawn stick-figure comic strip panel,0.3117,funnyguycomics/static/comics/001_the_funny_guy.png,0.6017
Scan0009.jpg,a crude hand-drawn stick-figure comic strip panel,0.2448,funnyguycomics/static/comics/001_the_funny_guy.png,0.6011
Scan0042.jpg,a scanned page of handwritten or typed text,0.3027,funnyguycomics/static/comics/001_the_funny_guy.png,0.6011
Yellow Notebook (12).jpg,a scanned page of handwritten or typed text,0.3017,funnyguycomics/static/comics/001_the_funny_guy.png,0.5996
book logos.psd,a crude hand-drawn stick-figure comic strip panel,0.2651,funnyguycomics/static/comics/001_the_funny_guy.png,0.5993
Art/olymp_stick.gif,a crude hand-drawn stick-figure comic strip panel,0.2836,funnyguycomics/static/comics/001_the_funny_guy.png,0.5992
RPG_RT/Panorama/space.png,a digital painting or illustration,0.2642,funnyguyrpg/FaceSet/fgs.png,0.5986
Yellow Notebook (22).jpg,a scanned page of handwritten or typed text,0.2916,funnyguyrpg/FaceSet/fgs.png,0.5985
scrn8.JPG,a 16-bit pixel art RPG character sprite sheet,0.2149,funnyguyrpg/CharSet/FG-GrayCharas.png,0.5976
Card Game/Card Game scan_2005_05_07.gif,a scanned page of handwritten or typed text,0.2917,funnyguycomics/static/comics/001_the_funny_guy.png,0.5968
"Scans/Scan271, March 07, 2005.gif",a scanned page of handwritten or typed text,0.2917,funnyguycomics/static/comics/001_the_funny_guy.png,0.5968
RPG_RT/Picture/credits.png,a logo or user-interface graphic design,0.2439,funnyguyrpg/FaceSet/fgs.png,0.5967
funnyguycomix281_0cover_book8.psd,a crude hand-drawn stick-figure comic strip panel,0.2789,funnyguycomics/static/comics/001_the_funny_guy.png,0.5966
Covers/Book 2.psd,a logo or user-interface graphic design,0.237,funnyguyrpg/FaceSet/fgs.png,0.5963
Scan0048.jpg,a scanned page of handwritten or typed text,0.3135,funnyguycomics/static/comics/001_the_funny_guy.png,0.5962
Raw/funnyguycomix051_0cover_book2.psd,a crude hand-drawn stick-figure comic strip panel,0.3097,funnyguycomics/static/comics/001_the_funny_guy.png,0.5955
Yellow Notebook (1).jpg,a pencil or pen sketch of a cartoon character,0.2627,funnyguycomics/static/comics/001_the_funny_guy.png,0.5948
tfgc302_sketchAD300.jpg,a crude hand-drawn stick-figure comic strip panel,0.2577,funnyguycomics/static/comics/001_the_funny_guy.png,0.5943
Steve's Kit Letter 2.jpg,a scanned page of handwritten or typed text,0.3223,funnyguycomics/static/comics/001_the_funny_guy.png,0.5942
Yellow Notebook (13).jpg,a scanned page of handwritten or typed text,0.3025,funnyguycomics/static/comics/001_the_funny_guy.png,0.5942
Sketches (Batch 2)2025_04_22_0059.png,a scanned page of handwritten or typed text,0.2209,funnyguyrpg/FaceSet/fgs.png,0.5939
Funny Guy Sketches (3)2025_04_22_0003.png,a scanned page of handwritten or typed text,0.2317,funnyguycomics/static/comics/001_the_funny_guy.png,0.5936
Funny Guy Sketches (3)2025_04_22_0046.png,a scanned page of handwritten or typed text,0.2955,funnyguycomics/static/comics/001_the_funny_guy.png,0.5931
Drawings 2_06.jpg,a digital painting or illustration,0.2696,funnyguycomics/static/comics/001_the_funny_guy.png,0.5928
Funny Guy Sketches (3)2025_04_22_0038.png,a scanned page of handwritten or typed text,0.3125,funnyguycomics/static/comics/001_the_funny_guy.png,0.5914
Funny Guy Sketches (3)2025_04_22_0045.png,a crude hand-drawn stick-figure comic strip panel,0.263,funnyguyrpg/FaceSet/fgs.png,0.5912
Sketches2025_04_22_0001.png,a scanned page of handwritten or typed text,0.2884,funnyguycomics/static/comics/001_the_funny_guy.png,0.591
Yellow Notebook (23).jpg,a scanned page of handwritten or typed text,0.3095,funnyguyrpg/FaceSet/fgs.png,0.5908
tfgc282_sketch.jpg,a crude hand-drawn stick-figure comic strip panel,0.2711,funnyguycomics/static/comics/001_the_funny_guy.png,0.5907
Scan0023.jpg,a scanned page of handwritten or typed text,0.2703,funnyguyrpg/CharSet/fg2.png,0.5906
RPG_RT/GameOver/gameover.png,a logo or user-interface graphic design,0.208,funnyguyrpg/CharSet/fg2.png,0.5904
Sketches (Batch 2)2025_04_22_0025.png,a scanned page of handwritten or typed text,0.2948,funnyguycomics/static/comics/001_the_funny_guy.png,0.5898
FG Puzzle Story PG1.gif,a scanned page of handwritten or typed text,0.2903,funnyguycomics/static/comics/001_the_funny_guy.png,0.5865
Scan0140.jpg,a logo or user-interface graphic design,0.2498,funnyguyrpg/CharSet/fg2.png,0.5865
FGComics Ideas_03.jpg,a crude hand-drawn stick-figure comic strip panel,0.2542,funnyguycomics/static/comics/001_the_funny_guy.png,0.586
1265061063545.jpg,a logo or user-interface graphic design,0.2568,funnyguycomics/static/comics/001_the_funny_guy.png,0.5857
Scan0137.jpg,a digital painting or illustration,0.2211,funnyguycomics/static/comics/001_the_funny_guy.png,0.5856
RPG_RT/Monster/FF2R.Dragon(UltimateMaxim).png,a 16-bit pixel art RPG character sprite sheet,0.272,funnyguyrpg/CharSet/FG-GrayCharas.png,0.5845
Yellow Notebook (18).jpg,a scanned page of handwritten or typed text,0.2876,funnyguycomics/static/comics/001_the_funny_guy.png,0.5844
FGRPG Path Map2025_04_22_001.png,a crude hand-drawn stick-figure comic strip panel,0.2283,funnyguyrpg/CharSet/FG-GrayCharas.png,0.5841
Drawers_01.jpg,a crude hand-drawn stick-figure comic strip panel,0.2455,funnyguycomics/static/comics/001_the_funny_guy.png,0.5834
fg.bmp,a crude hand-drawn stick-figure comic strip panel,0.2655,funnyguyrpg/CharSet/fg2.png,0.5834
Sketches (Batch 2)2025_04_22_0005.png,a logo or user-interface graphic design,0.2479,funnyguycomics/static/comics/001_the_funny_guy.png,0.582
Funny Guy Sketches (3)2025_04_22_0020.png,a scanned page of handwritten or typed text,0.254,funnyguyrpg/FaceSet/fgs.png,0.5806
battle3.JPG,a 16-bit pixel art RPG character sprite sheet,0.2484,funnyguyrpg/CharSet/FG-GrayCharas.png,0.5804
Yellow Notebook (15).jpg,a scanned page of handwritten or typed text,0.2933,funnyguycomics/static/comics/001_the_funny_guy.png,0.5801
Raw/funnyguycomix121_0cover_book4.psd,a crude hand-drawn stick-figure comic strip panel,0.2748,funnyguycomics/static/comics/001_the_funny_guy.png,0.5801
RPG_RT/Picture/credits1.png,a logo or user-interface graphic design,0.238,funnyguyrpg/FaceSet/fgs.png,0.5796
FG Facebook Cover Photo.jpg,a crude hand-drawn stick-figure comic strip panel,0.2384,funnyguycomics/static/comics/001_the_funny_guy.png,0.5795
Inspiration/Coca-Cola-Art_Coke_Bottle4.jpg,"an unrelated photograph, like a product or real-world object",0.2445,funnyguyrpg/FaceSet/fgs.png,0.5788
RPG_RT/Backdrop/room3.png,a 16-bit pixel art RPG character sprite sheet,0.2237,funnyguyrpg/CharSet/FG-GrayCharas.png,0.5785
Funny Guy Sketches (3)2025_04_22_0010.png,a logo or user-interface graphic design,0.2523,funnyguyrpg/CharSet/fg2.png,0.5776
scrn6.JPG,a 16-bit pixel art RPG character sprite sheet,0.2417,funnyguyrpg/CharSet/FG-GrayCharas.png,0.5773
FGComics Notes_06.jpg,a scanned page of handwritten or typed text,0.2451,funnyguyrpg/CharSet/fg2.png,0.5761
FGComics_4.jpg,a scanned page of handwritten or typed text,0.2641,funnyguycomics/static/comics/001_the_funny_guy.png,0.5756
Art/FG Rear Cover Concept Art.png,a crude hand-drawn stick-figure comic strip panel,0.2213,funnyguycomics/static/comics/001_the_funny_guy.png,0.5753
Yellow Notebook (6).jpg,a scanned page of handwritten or typed text,0.2979,funnyguycomics/static/comics/001_the_funny_guy.png,0.5749
cover_book1_back.psd,a crude hand-drawn stick-figure comic strip panel,0.221,funnyguycomics/static/comics/001_the_funny_guy.png,0.5744
Raw/funnyguycomix241_0cover_book7.psd,a crude hand-drawn stick-figure comic strip panel,0.2814,funnyguycomics/static/comics/001_the_funny_guy.png,0.5743
Yellow Notebook (10).jpg,a scanned page of handwritten or typed text,0.2837,funnyguycomics/static/comics/001_the_funny_guy.png,0.5741
1_1splash.psd,a crude hand-drawn stick-figure comic strip panel,0.2664,funnyguycomics/static/comics/001_the_funny_guy.png,0.573
FGComics Ideas_05.jpg,a crude hand-drawn stick-figure comic strip panel,0.2194,funnyguyrpg/FaceSet/fgs.png,0.5723
Inspiration/barrett XM109.jpg,a 16-bit pixel art RPG character sprite sheet,0.2255,funnyguyrpg/FaceSet/fgs.png,0.5723
FGComics Notes_03.jpg,a scanned page of handwritten or typed text,0.2746,funnyguycomics/static/comics/001_the_funny_guy.png,0.5707
"Card Game/Scan280, March 07, 2005.gif",a logo or user-interface graphic design,0.2736,funnyguycomics/static/comics/001_the_funny_guy.png,0.5702
"Scans/Scan280, March 07, 2005.gif",a logo or user-interface graphic design,0.2736,funnyguycomics/static/comics/001_the_funny_guy.png,0.5702
FGComics Ideas_12.jpg,a crude hand-drawn stick-figure comic strip panel,0.2562,funnyguycomics/static/comics/001_the_funny_guy.png,0.5693
Sketches (Batch 2)2025_04_22_0049.png,a crude hand-drawn stick-figure comic strip panel,0.2601,funnyguycomics/static/comics/001_the_funny_guy.png,0.5673
FGComics_2.jpg,a crude hand-drawn stick-figure comic strip panel,0.2467,funnyguycomics/static/comics/001_the_funny_guy.png,0.5671
RPG_RT/Picture/credits2.png,a 16-bit pixel art RPG character sprite sheet,0.2397,funnyguyrpg/FaceSet/fgs.png,0.567
Steve's Employee Card Letter.jpg,a scanned page of handwritten or typed text,0.2698,funnyguycomics/static/comics/001_the_funny_guy.png,0.5669
scrn10.JPG,a 16-bit pixel art RPG character sprite sheet,0.2224,funnyguyrpg/CharSet/FG-GrayCharas.png,0.5665
RPG_RT/ChipSet/RudraForest.png,a 16-bit pixel art RPG character sprite sheet,0.2477,funnyguyrpg/CharSet/FG-GrayCharas.png,0.5652
RPG_RT/ChipSet/DH-Camp.png,a 16-bit pixel art RPG character sprite sheet,0.2423,funnyguyrpg/CharSet/FG-GrayCharas.png,0.5647
RPG_RT/Picture/credits3.png,a crude hand-drawn stick-figure comic strip panel,0.2399,funnyguyrpg/CharSet/fg2.png,0.5645
battle1.JPG,a 16-bit pixel art RPG character sprite sheet,0.2381,funnyguyrpg/CharSet/fg2.png,0.5641
Yellow Notebook (24).jpg,a scanned page of handwritten or typed text,0.3023,funnyguycomics/static/comics/001_the_funny_guy.png,0.5625
Covers/Book 4 Logo Playground.psd,a logo or user-interface graphic design,0.2268,funnyguyrpg/FaceSet/fgs.png,0.5604
FGComics Ideas_09.jpg,a logo or user-interface graphic design,0.2353,funnyguycomics/static/comics/001_the_funny_guy.png,0.5597
Image (11).jpg,a scanned page of handwritten or typed text,0.2761,funnyguycomics/static/comics/001_the_funny_guy.png,0.5578
Sketches2025_04_22_0030.png,a scanned page of handwritten or typed text,0.3178,funnyguycomics/static/comics/001_the_funny_guy.png,0.5562
logo_testbed.psd,a crude hand-drawn stick-figure comic strip panel,0.2519,funnyguyrpg/CharSet/fg2.png,0.5561
Funny Guy Sketches (3)2025_04_22_0012.png,a scanned page of handwritten or typed text,0.28,funnyguycomics/static/comics/001_the_funny_guy.png,0.556
Funny Guy Sketches (3)2025_04_22_0037.png,a scanned page of handwritten or typed text,0.2931,funnyguycomics/static/comics/001_the_funny_guy.png,0.5551
funnyguycomix121_0cover_book4.psd,a crude hand-drawn stick-figure comic strip panel,0.282,funnyguycomics/static/comics/001_the_funny_guy.png,0.5549
scrn3.JPG,a 16-bit pixel art RPG character sprite sheet,0.2162,funnyguyrpg/CharSet/FG-GrayCharas.png,0.5531
Guide/images/titlescreen.gif,a digital painting or illustration,0.2076,funnyguycomics/static/comics/001_the_funny_guy.png,0.5494
fgcomics_logo.png,a crude hand-drawn stick-figure comic strip panel,0.256,funnyguyrpg/CharSet/fg2.png,0.5467
Ideas & Scribbles_02.jpg,a scanned page of handwritten or typed text,0.2584,funnyguycomics/static/comics/001_the_funny_guy.png,0.5464
Memo_20140812_090622_01.jpg,a crude hand-drawn stick-figure comic strip panel,0.2618,funnyguyrpg/CharSet/FG-GrayCharas.png,0.5459
Funny Guy Sketches (3)2025_04_22_0050.png,a scanned page of handwritten or typed text,0.2679,funnyguycomics/static/comics/001_the_funny_guy.png,0.5438
Funny Guy Sketches (3)2025_04_22_0008.png,a scanned page of handwritten or typed text,0.2532,funnyguyrpg/FaceSet/fgs.png,0.5437
Sketches (Batch 2)2025_04_22_0058.png,a scanned page of handwritten or typed text,0.2518,funnyguyrpg/FaceSet/fgs.png,0.5433
Scan0044.jpg,a scanned page of handwritten or typed text,0.2733,funnyguycomics/static/comics/001_the_funny_guy.png,0.543
logo.psd,a logo or user-interface graphic design,0.2501,funnyguyrpg/CharSet/fg2.png,0.5423
Funny Guy Sketches (3)2025_04_22_0015.png,a scanned page of handwritten or typed text,0.2602,funnyguycomics/static/comics/001_the_funny_guy.png,0.542
evry1mature.gif,"an unrelated photograph, like a product or real-world object",0.2165,funnyguycomics/static/comics/001_the_funny_guy.png,0.5413
RPG_RT/Picture/credits4.png,a logo or user-interface graphic design,0.2294,funnyguyrpg/FaceSet/fgs.png,0.5408
Funny Guy Sketches (3)2025_04_22_0006.png,a scanned page of handwritten or typed text,0.2301,funnyguycomics/static/comics/001_the_funny_guy.png,0.5398
RPG_RT/Title/FGRPG Title Screen.png,a digital painting or illustration,0.2083,funnyguycomics/static/comics/001_the_funny_guy.png,0.5384
FGComics Notes_05.jpg,a scanned page of handwritten or typed text,0.2572,funnyguycomics/static/comics/001_the_funny_guy.png,0.5372
uberpix.JPG,a logo or user-interface graphic design,0.241,funnyguyrpg/CharSet/fg2.png,0.5355
"good lord, photoshop.jpg",a crude hand-drawn stick-figure comic strip panel,0.2121,funnyguyrpg/FaceSet/fgs.png,0.5352
funnyguycomix241_0cover_book7.psd,a crude hand-drawn stick-figure comic strip panel,0.2743,funnyguycomics/static/comics/001_the_funny_guy.png,0.5345
cover_book1_front.psd,a crude hand-drawn stick-figure comic strip panel,0.2308,funnyguycomics/static/comics/001_the_funny_guy.png,0.5342
GTH_Lice.jpg,a logo or user-interface graphic design,0.2012,funnyguyrpg/FaceSet/fgs.png,0.5341
Funny Guy Sketches (3)2025_04_22_0024.png,a scanned page of handwritten or typed text,0.2383,funnyguyrpg/CharSet/FG-GrayCharas.png,0.5331
scrn1.JPG,a 16-bit pixel art RPG character sprite sheet,0.2092,funnyguyrpg/CharSet/FG-GrayCharas.png,0.5328
RPG_RT/Picture/credits5.png,a logo or user-interface graphic design,0.23,funnyguyrpg/CharSet/fg2.png,0.5324
Inspiration/andygav.JPG,a scanned page of handwritten or typed text,0.2209,funnyguycomics/static/comics/001_the_funny_guy.png,0.5321
FGComics Ideas_01.jpg,a scanned page of handwritten or typed text,0.283,funnyguycomics/static/comics/001_the_funny_guy.png,0.5316
Yellow Notebook (8).jpg,a scanned page of handwritten or typed text,0.3059,funnyguycomics/static/comics/001_the_funny_guy.png,0.53
FGComics Ideas_11.jpg,a scanned page of handwritten or typed text,0.257,funnyguycomics/static/comics/001_the_funny_guy.png,0.529
links_idea.bmp,a logo or user-interface graphic design,0.2473,funnyguyrpg/FaceSet/fgs.png,0.5281
sexy inversion.psd,a logo or user-interface graphic design,0.2242,funnyguyrpg/CharSet/FG-GrayCharas.png,0.5272
Raw/192_attack_of_the_drones.psd,a crude hand-drawn stick-figure comic strip panel,0.2339,funnyguycomics/static/comics/001_the_funny_guy.png,0.5262
header_preliminary.psd,a crude hand-drawn stick-figure comic strip panel,0.2671,funnyguycomics/static/comics/001_the_funny_guy.png,0.5258
US_$2_reverse-high.jpg,"an unrelated photograph, like a product or real-world object",0.2275,funnyguycomics/static/comics/001_the_funny_guy.png,0.5257
FGRPG Back Cover.psd,"an unrelated photograph, like a product or real-world object",0.2106,funnyguycomics/static/comics/001_the_funny_guy.png,0.5254
Raw/192_attack_of_the_drones.png,a crude hand-drawn stick-figure comic strip panel,0.2344,funnyguycomics/static/comics/001_the_funny_guy.png,0.524
FGComics Facebook Page Logo.jpg,a crude hand-drawn stick-figure comic strip panel,0.2721,funnyguycomics/static/comics/001_the_funny_guy.png,0.5222
FGComics Notes_07.jpg,a scanned page of handwritten or typed text,0.2553,funnyguycomics/static/comics/001_the_funny_guy.png,0.5208
FGComics Facebook Page Logo.psd,a crude hand-drawn stick-figure comic strip panel,0.2715,funnyguycomics/static/comics/001_the_funny_guy.png,0.519
Inspiration/chinese assault rifle qbz95.jpg,"an unrelated photograph, like a product or real-world object",0.2378,funnyguyrpg/FaceSet/fgs.png,0.5184
Scans/scan0001.jpg,a scanned page of handwritten or typed text,0.2673,funnyguycomics/static/comics/001_the_funny_guy.png,0.5183
Sketches (Batch 2)2025_04_22_0018.png,a logo or user-interface graphic design,0.2594,funnyguyrpg/CharSet/fg2.png,0.5183
Inspiration/ar15.jpg,"an unrelated photograph, like a product or real-world object",0.2229,funnyguyrpg/CharSet/FG-GrayCharas.png,0.5159
battle2.JPG,a 16-bit pixel art RPG character sprite sheet,0.2142,funnyguyrpg/CharSet/FG-GrayCharas.png,0.5157
GTH_Logo_upanus.jpg,a logo or user-interface graphic design,0.2042,funnyguyrpg/CharSet/fg2.png,0.5154
Sketches2025_04_22_0007.png,a scanned page of handwritten or typed text,0.2574,funnyguycomics/static/comics/001_the_funny_guy.png,0.5154
NO.PNG,a logo or user-interface graphic design,0.1992,funnyguyrpg/CharSet/FG-GrayCharas.png,0.513
Inspiration/Barrett XM500.jpg,"an unrelated photograph, like a product or real-world object",0.2182,funnyguyrpg/CharSet/FG-GrayCharas.png,0.5127
the arts.JPG,a scanned page of handwritten or typed text,0.2136,funnyguycomics/static/comics/001_the_funny_guy.png,0.5112
stock-vector-old-font-upper-lower-case-69764335.jpg,a logo or user-interface graphic design,0.243,funnyguycomics/static/comics/001_the_funny_guy.png,0.5108
FGComics_3.jpg,a scanned page of handwritten or typed text,0.2559,funnyguycomics/static/comics/001_the_funny_guy.png,0.509
jjj.PNG,a logo or user-interface graphic design,0.2276,funnyguyrpg/CharSet/fg2.png,0.508
fzm-Embossed-Plastic-Label-Letters-Numbers-01.jpg,a logo or user-interface graphic design,0.2536,funnyguyrpg/CharSet/fg2.png,0.5071
Book Logos 5-8.psd,a crude hand-drawn stick-figure comic strip panel,0.2279,funnyguyrpg/CharSet/fg2.png,0.506
Covers/Book Logos 5-8.psd,a crude hand-drawn stick-figure comic strip panel,0.2279,funnyguyrpg/CharSet/fg2.png,0.506
Memo_20140812_090622_02.jpg,a crude hand-drawn stick-figure comic strip panel,0.2463,funnyguyrpg/FaceSet/fgs.png,0.5028
killweb2.jpg,a crude hand-drawn stick-figure comic strip panel,0.253,funnyguycomics/static/comics/001_the_funny_guy.png,0.5024
Covers/Book 1 Leveled.psd,a crude hand-drawn stick-figure comic strip panel,0.2611,funnyguycomics/static/comics/001_the_funny_guy.png,0.5009
Inspiration/4384742491_f54d3af985.jpg,a digital painting or illustration,0.2162,funnyguyrpg/CharSet/FG-GrayCharas.png,0.4985
book logos_2.psd,a crude hand-drawn stick-figure comic strip panel,0.2459,funnyguycomics/static/comics/001_the_funny_guy.png,0.497
vio-lence.psd,a crude hand-drawn stick-figure comic strip panel,0.2412,funnyguyrpg/CharSet/fg2.png,0.4968
TITLE SCREEN.psd,a crude hand-drawn stick-figure comic strip panel,0.1941,funnyguycomics/static/comics/001_the_funny_guy.png,0.4959
Inspiration/comic1.JPG,a logo or user-interface graphic design,0.2337,funnyguycomics/static/comics/001_the_funny_guy.png,0.495
Capture.PNG,a logo or user-interface graphic design,0.2263,funnyguyrpg/CharSet/FG-GrayCharas.png,0.4944
pasgt_helmet2.jpg,"an unrelated photograph, like a product or real-world object",0.2102,funnyguyrpg/CharSet/FG-GrayCharas.png,0.4942
Art/oxymoron_stick.gif,a crude hand-drawn stick-figure comic strip panel,0.2696,funnyguycomics/static/comics/001_the_funny_guy.png,0.4938
FGComics Ideas_08.jpg,a scanned page of handwritten or typed text,0.2351,funnyguycomics/static/comics/001_the_funny_guy.png,0.493
RPG_RT/Picture/credits9.png,a crude hand-drawn stick-figure comic strip panel,0.2478,funnyguycomics/static/comics/001_the_funny_guy.png,0.4928
GTH_Logo.psd,a crude hand-drawn stick-figure comic strip panel,0.204,funnyguyrpg/CharSet/fg2.png,0.492
RPG_RT_splashscreen copy.bmp,a logo or user-interface graphic design,0.2165,funnyguyrpg/CharSet/fg2.png,0.4916
RPG_RT_splashscreen.bmp,a logo or user-interface graphic design,0.2165,funnyguyrpg/CharSet/fg2.png,0.4916
warning.gif,"an unrelated photograph, like a product or real-world object",0.2137,funnyguyrpg/CharSet/fg2.png,0.4895
urban.bmp,a logo or user-interface graphic design,0.2532,funnyguyrpg/CharSet/FG-GrayCharas.png,0.4887
urban_idea.bmp,a logo or user-interface graphic design,0.2532,funnyguyrpg/CharSet/FG-GrayCharas.png,0.4887
Covers/Book 8.psd,a crude hand-drawn stick-figure comic strip panel,0.2461,funnyguycomics/static/comics/001_the_funny_guy.png,0.4869
knife-jm13b.jpg,"an unrelated photograph, like a product or real-world object",0.2095,funnyguyrpg/FaceSet/fgs.png,0.4829
mtv.JPG,a logo or user-interface graphic design,0.2161,funnyguycomics/static/comics/001_the_funny_guy.png,0.4798
valve.png,a digital painting or illustration,0.1948,funnyguyrpg/CharSet/FG-GrayCharas.png,0.4791
Inspiration/Action_Comics_1.jpg,a pencil or pen sketch of a cartoon character,0.2033,funnyguycomics/static/comics/001_the_funny_guy.png,0.4786
buzzfeed.JPG,a logo or user-interface graphic design,0.2421,funnyguycomics/static/comics/001_the_funny_guy.png,0.4752
Inspiration/herstal-fn-scar.jpg,"an unrelated photograph, like a product or real-world object",0.2184,funnyguyrpg/CharSet/FG-GrayCharas.png,0.4742
herstal-fn-scar.jpg,"an unrelated photograph, like a product or real-world object",0.2184,funnyguyrpg/CharSet/FG-GrayCharas.png,0.4742
FGComics Ideas_04.jpg,a scanned page of handwritten or typed text,0.2567,funnyguycomics/static/comics/001_the_funny_guy.png,0.4731
Inspiration/cholo font_4739.jpg,a logo or user-interface graphic design,0.2284,funnyguycomics/static/comics/001_the_funny_guy.png,0.4686
font idea.jpg,a logo or user-interface graphic design,0.2284,funnyguycomics/static/comics/001_the_funny_guy.png,0.4686
Showcase4.jpg,a crude hand-drawn stick-figure comic strip panel,0.2125,funnyguycomics/static/comics/001_the_funny_guy.png,0.4685
Political_02.jpg,a crude hand-drawn stick-figure comic strip panel,0.2213,funnyguycomics/static/comics/001_the_funny_guy.png,0.4641
tonic.jpg,"an unrelated photograph, like a product or real-world object",0.2233,funnyguycomics/static/comics/001_the_funny_guy.png,0.4595
tf2.PNG,"an unrelated photograph, like a product or real-world object",0.2008,funnyguyrpg/CharSet/FG-GrayCharas.png,0.4565
FGComics Notes_02.jpg,a scanned page of handwritten or typed text,0.2587,funnyguycomics/static/comics/001_the_funny_guy.png,0.4548
FGRPG Front Cover.psd,a crude hand-drawn stick-figure comic strip panel,0.2122,funnyguyrpg/FaceSet/fgs.png,0.4478
Content rated by ADAM.psd,a crude hand-drawn stick-figure comic strip panel,0.2384,funnyguyrpg/CharSet/fg2.png,0.4476
Inspiration/1277587110942.jpg,a digital painting or illustration,0.2067,funnyguyrpg/FaceSet/fgs.png,0.4472
FGComics_5.jpg,a crude hand-drawn stick-figure comic strip panel,0.2377,funnyguycomics/static/comics/001_the_funny_guy.png,0.4355
jlist.jpg,a logo or user-interface graphic design,0.2122,funnyguycomics/static/comics/001_the_funny_guy.png,0.4345
PNG image.png,a logo or user-interface graphic design,0.2218,funnyguycomics/static/comics/001_the_funny_guy.png,0.434
idea_01.psd,a logo or user-interface graphic design,0.2121,funnyguyrpg/FaceSet/fgs.png,0.4328
design8.PNG,a logo or user-interface graphic design,0.2093,funnyguycomics/static/comics/001_the_funny_guy.png,0.4272
FGComics Notes_04.jpg,a scanned page of handwritten or typed text,0.235,funnyguycomics/static/comics/001_the_funny_guy.png,0.4239
mst2014.jpg,"an unrelated photograph, like a product or real-world object",0.201,funnyguycomics/static/comics/001_the_funny_guy.png,0.4195
Art/razor_stick.gif,a crude hand-drawn stick-figure comic strip panel,0.2661,funnyguycomics/static/comics/001_the_funny_guy.png,0.4105
FGComics Ideas_06.jpg,a crude hand-drawn stick-figure comic strip panel,0.2452,funnyguycomics/static/comics/001_the_funny_guy.png,0.4075
stuffguysneed.JPG,a logo or user-interface graphic design,0.2112,funnyguycomics/static/comics/001_the_funny_guy.png,0.4073
sunny.jpg,a logo or user-interface graphic design,0.2669,funnyguycomics/static/comics/001_the_funny_guy.png,0.3861
RPG_RT/Picture/credits7.png,a logo or user-interface graphic design,0.2198,funnyguyrpg/FaceSet/fgs.png,0.3769
"Hummer H2 - Interior, 2008, 800x600, 9 of 19.jpg","an unrelated photograph, like a product or real-world object",0.2057,funnyguyrpg/FaceSet/fgs.png,0.3752
Turkish Hackers Response.psd,a digital painting or illustration,0.2374,funnyguyrpg/CharSet/FG-GrayCharas.png,0.3727
"Hummer H2 - Rear Angle, 2008, 800x600, 6 of 19.jpg","an unrelated photograph, like a product or real-world object",0.1927,funnyguycomics/static/comics/001_the_funny_guy.png,0.3688
RPG_RT/Picture/credits6.png,a logo or user-interface graphic design,0.2359,funnyguyrpg/CharSet/FG-GrayCharas.png,0.3584
"Hummer H2 - Front Angle, 2008, 800x600, 1 of 19.jpg","an unrelated photograph, like a product or real-world object",0.1913,funnyguycomics/static/comics/001_the_funny_guy.png,0.3555
idea.JPG,a logo or user-interface graphic design,0.2156,funnyguycomics/static/comics/001_the_funny_guy.png,0.3536
Raw/175_an_fg_christmas_carol.png,"an unrelated photograph, like a product or real-world object",0.1901,funnyguycomics/static/comics/001_the_funny_guy.png,0.3484
Raw/175_an_fg_christmas_carol.psd,"an unrelated photograph, like a product or real-world object",0.1904,funnyguycomics/static/comics/001_the_funny_guy.png,0.3454
Capture.JPG,"an unrelated photograph, like a product or real-world object",0.1954,funnyguycomics/static/comics/001_the_funny_guy.png,0.2753
Capture (2).JPG,a logo or user-interface graphic design,0.2296,funnyguyrpg/FaceSet/fgs.png,0.2452
